EPLAN 0 0 modes=0 pc=0 pp=-1 pb=-1 selon=0 prof=0 Q=7 ns=2 k=0 shifts=2,4,4,4,5,6,7,7,7,8,2,4,4,5,6,6,7,7,7,8,2,4,4,5,6,6,7,7,7,8 nz=80,56,73,133,69,51,10,14,14,0,36,21,13,7,3,14,1,0,0,0,40,21,7,3,2,1,0,0,0,0 sel=00000000000000000000000000000000000000000000000000000000000000000000000000000000000000000000000000000000000000000000000000000000000000000000000000000000000000000000000000000000000000000000000000000000000000000000000000000000000000000000000000000000000000000000000000000000000000000000000000000000000000000000000000000000000000000000000000000000000000000000000000000000000000000000000000000000000000000000000000000000000000000000000000000000000000000000000000000000000000000000000000000000000000000000000000000000 hash=2438884689
EPLAN 0 1 modes=0 pc=0 pp=-1 pb=-1 selon=0 prof=0 Q=7 ns=6 k=0 shifts=2,4,4,4,5,5,7,7,7,8,2,4,4,4,5,6,7,7,7,8,2,4,4,4,6,6,7,7,7,8 nz=80,52,82,134,49,109,5,7,14,0,37,22,14,25,16,3,0,0,1,0,39,25,5,10,0,4,0,0,0,0 sel=00000000000000000000000000000000000000000000000000000000000000000000000000000000000000000000000000000000000000000000000000000000000000000000000000000000000000000000000000000000000000000000000000000000000000000000000000000000000000000000000000000000000000000000000000000000000000000000000000000000000000000000000000000000000000000000000000000000000000000000000000000000000000000000000000000000000000000000000000000000000000000000000000000000000000000000000000000000000000000000000000000000000000000000000000000000 hash=3012453058
EPLAN 0 2 modes=0 pc=0 pp=-1 pb=-1 selon=0 prof=0 Q=7 ns=3 k=0 shifts=2,4,4,4,5,5,7,7,7,8,2,4,4,5,6,6,7,7,7,8,2,4,4,5,6,6,7,7,7,8 nz=80,57,76,131,66,130,5,2,6,0,38,24,20,11,4,8,2,0,0,0,39,21,6,3,0,3,0,0,0,0 sel=00000000000000000000000000000000000000000000000000000000000000000000000000000000000000000000000000000000000000000000000000000000000000000000000000000000000000000000000000000000000000000000000000000000000000000000000000000000000000000000000000000000000000000000000000000000000000000000000000000000000000000000000000000000000000000000000000000000000000000000000000000000000000000000000000000000000000000000000000000000000000000000000000000000000000000000000000000000000000000000000000000000000000000000000000000000 hash=3969277880
EPLAN 0 3 modes=0 pc=0 pp=-1 pb=-1 selon=0 prof=0 Q=7 ns=3 k=0 shifts=2,4,4,4,5,5,7,7,7,8,2,4,4,5,6,6,7,7,7,8,2,4,4,5,6,6,7,7,7,8 nz=80,55,86,140,79,126,10,2,16,0,37,21,14,10,0,5,4,0,0,0,38,20,7,2,1,0,0,0,0,0 sel=00000000000000000000000000000000000000000000000000000000000000000000000000000000000000000000000000000000000000000000000000000000000000000000000000000000000000000000000000000000000000000000000000000000000000000000000000000000000000000000000000000000000000000000000000000000000000000000000000000000000000000000000000000000000000000000000000000000000000000000000000000000000000000000000000000000000000000000000000000000000000000000000000000000000000000000000000000000000000000000000000000000000000000000000000000000 hash=4037647129
EPLAN 0 4 modes=0 pc=0 pp=-1 pb=-1 selon=0 prof=0 Q=7 ns=6 k=0 shifts=2,4,4,4,5,5,7,7,7,8,2,4,4,4,5,6,7,7,7,8,2,4,4,4,6,6,7,7,7,8 nz=80,55,71,121,95,94,3,0,2,0,39,16,8,37,17,5,2,0,0,0,39,23,7,14,0,2,0,0,0,0 sel=00000000000000000000000000000000000000000000000000000000000000000000000000000000000000000000000000000000000000000000000000000000000000000000000000000000000000000000000000000000000000000000000000000000000000000000000000000000000000000000000000000000000000000000000000000000000000000000000000000000000000000000000000000000000000000000000000000000000000000000000000000000000000000000000000000000000000000000000000000000000000000000000000000000000000000000000000000000000000000000000000000000000000000000000000000000 hash=1082518498
EPLAN 0 5 modes=0 pc=0 pp=-1 pb=-1 selon=0 prof=0 Q=7 ns=6 k=0 shifts=2,4,4,4,5,5,7,7,7,8,2,4,4,4,5,6,7,7,7,8,2,4,4,4,6,6,7,7,7,8 nz=80,67,67,99,120,83,4,21,5,0,40,24,13,26,18,4,0,0,0,0,39,20,6,21,3,1,1,0,0,0 sel=00000000000000000000000000000000000000000000000000000000000000000000000000000000000000000000000000000000000000000000000000000000000000000000000000000000000000000000000000000000000000000000000000000000000000000000000000000000000000000000000000000000000000000000000000000000000000000000000000000000000000000000000000000000000000000000000000000000000000000000000000000000000000000000000000000000000000000000000000000000000000000000000000000000000000000000000000000000000000000000000000000000000000000000000000000000 hash=2924593402
EPLAN 0 6 modes=0 pc=0 pp=-1 pb=-1 selon=0 prof=0 Q=7 ns=7 k=0 shifts=2,4,4,4,5,5,7,7,7,8,2,4,4,4,5,5,7,7,7,8,2,4,4,4,6,6,7,7,7,8 nz=80,54,68,103,121,80,5,1,6,0,40,16,7,28,11,33,1,0,0,0,40,20,4,17,1,1,0,0,0,0 sel=00000000000000000000000000000000000000000000000000000000000000000000000000000000000000000000000000000000000000000000000000000000000000000000000000000000000000000000000000000000000000000000000000000000000000000000000000000000000000000000000000000000000000000000000000000000000000000000000000000000000000000000000000000000000000000000000000000000000000000000000000000000000000000000000000000000000000000000000000000000000000000000000000000000000000000000000000000000000000000000000000000000000000000000000000000000 hash=3248498320
EPLAN 0 7 modes=0 pc=0 pp=-1 pb=-1 selon=0 prof=0 Q=7 ns=7 k=0 shifts=2,4,4,4,5,5,7,7,7,8,2,4,4,4,5,5,7,7,7,8,2,4,4,4,6,6,7,7,7,8 nz=80,48,56,93,119,55,2,43,9,0,37,15,10,29,20,26,0,0,0,0,40,17,4,16,1,2,0,0,0,0 sel=00000000000000000000000000000000000000000000000000000000000000000000000000000000000000000000000000000000000000000000000000000000000000000000000000000000000000000000000000000000000000000000000000000000000000000000000000000000000000000000000000000000000000000000000000000000000000000000000000000000000000000000000000000000000000000000000000000000000000000000000000000000000000000000000000000000000000000000000000000000000000000000000000000000000000000000000000000000000000000000000000000000000000000000000000000000 hash=2465960927
EPLAN 0 8 modes=0 pc=0 pp=-1 pb=-1 selon=0 prof=0 Q=7 ns=8 k=0 shifts=2,4,4,4,5,5,7,7,7,8,2,4,4,4,5,5,7,7,7,8,2,4,4,4,5,6,7,7,7,8 nz=80,52,66,92,107,65,0,10,5,0,38,12,11,40,19,33,1,0,0,0,39,19,2,17,10,2,0,0,0,0 sel=00000000000000000000000000000000000000000000000000000000000000000000000000000000000000000000000000000000000000000000000000000000000000000000000000000000000000000000000000000000000000000000000000000000000000000000000000000000000000000000000000000000000000000000000000000000000000000000000000000000000000000000000000000000000000000000000000000000000000000000000000000000000000000000000000000000000000000000000000000000000000000000000000000000000000000000000000000000000000000000000000000000000000000000000000000000 hash=1943983427
EPLAN 0 9 modes=0 pc=0 pp=-1 pb=-1 selon=0 prof=0 Q=7 ns=9 k=0 shifts=2,4,4,4,5,5,7,7,7,8,2,4,4,4,5,5,7,7,7,8,2,4,4,4,5,5,7,7,7,8 nz=80,51,63,97,87,65,3,18,3,0,39,20,11,23,25,31,1,0,0,0,39,20,9,18,18,14,0,0,0,0 sel=00000000000000000000000000000000000000000000000000000000000000000000000000000000000000000000000000000000000000000000000000000000000000000000000000000000000000000000000000000000000000000000000000000000000000000000000000000000000000000000000000000000000000000000000000000000000000000000000000000000000000000000000000000000000000000000000000000000000000000000000000000000000000000000000000000000000000000000000000000000000000000000000000000000000000000000000000000000000000000000000000000000000000000000000000000000 hash=3102564019
EPLAN 0 10 modes=0 pc=0 pp=-1 pb=-1 selon=0 prof=0 Q=7 ns=3 k=0 shifts=2,4,4,4,5,5,7,7,7,8,2,4,4,5,6,6,7,7,7,8,2,4,4,5,6,6,7,7,7,8 nz=80,51,62,78,197,66,5,55,5,0,38,21,12,10,8,5,1,0,0,0,38,19,6,2,0,2,0,0,0,0 sel=00000000000000000000000000000000000000000000000000000000000000000000000000000000000000000000000000000000000000000000000000000000000000000000000000000000000000000000000000000000000000000000000000000000000000000000000000000000000000000000000000000000000000000000000000000000000000000000000000000000000000000000000000000000000000000000000000000000000000000000000000000000000000000000000000000000000000000000000000000000000000000000000000000000000000000000000000000000000000000000000000000000000000000000000000000000 hash=4212755708
EPLAN 0 11 modes=0 pc=0 pp=-1 pb=-1 selon=0 prof=0 Q=7 ns=5 k=0 shifts=2,4,4,4,5,5,7,7,7,8,2,4,4,4,6,6,7,7,7,8,2,4,4,4,6,6,7,7,7,8 nz=80,41,60,90,187,69,4,55,6,0,36,16,10,29,4,3,0,0,0,0,38,21,6,14,1,1,1,0,0,0 sel=00000000000000000000000000000000000000000000000000000000000000000000000000000000000000000000000000000000000000000000000000000000000000000000000000000000000000000000000000000000000000000000000000000000000000000000000000000000000000000000000000000000000000000000000000000000000000000000000000000000000000000000000000000000000000000000000000000000000000000000000000000000000000000000000000000000000000000000000000000000000000000000000000000000000000000000000000000000000000000000000000000000000000000000000000000000 hash=1202379779
EPLAN 0 12 modes=0 pc=0 pp=-1 pb=-1 selon=0 prof=0 Q=7 ns=6 k=0 shifts=2,4,4,4,5,5,7,7,7,8,2,4,4,4,5,6,7,7,7,8,2,4,4,4,6,6,7,7,7,8 nz=80,46,47,80,162,56,12,30,11,0,37,17,8,24,26,5,0,0,0,0,34,15,13,21,1,3,0,0,0,0 sel=00000000000000000000000000000000000000000000000000000000000000000000000000000000000000000000000000000000000000000000000000000000000000000000000000000000000000000000000000000000000000000000000000000000000000000000000000000000000000000000000000000000000000000000000000000000000000000000000000000000000000000000000000000000000000000000000000000000000000000000000000000000000000000000000000000000000000000000000000000000000000000000000000000000000000000000000000000000000000000000000000000000000000000000000000000000 hash=3453746881
EPLAN 0 13 modes=0 pc=0 pp=-1 pb=-1 selon=0 prof=0 Q=7 ns=2 k=0 shifts=2,4,4,4,5,6,7,7,7,8,2,4,4,5,6,6,7,7,7,8,2,4,4,5,6,6,7,7,7,8 nz=80,46,58,91,109,45,22,24,32,0,33,19,15,15,6,12,2,0,1,0,35,13,11,7,2,6,0,0,0,0 sel=00000000000000000000000000000000000000000000000000000000000000000000000000000000000000000000000000000000000000000000000000000000000000000000000000000000000000000000000000000000000000000000000000000000000000000000000000000000000000000000000000000000000000000000000000000000000000000000000000000000000000000000000000000000000000000000000000000000000000000000000000000000000000000000000000000000000000000000000000000000000000000000000000000000000000000000000000000000000000000000000000000000000000000000000000000000 hash=417469689
EPLAN 0 14 modes=0 pc=0 pp=-1 pb=-1 selon=0 prof=0 Q=7 ns=10 k=0 shifts=2,4,4,4,5,5,6,7,7,8,2,4,4,4,5,5,7,7,7,8,2,4,4,4,5,5,7,7,7,8 nz=80,34,42,61,82,55,35,17,9,0,36,17,10,26,25,27,0,0,0,0,34,14,10,24,11,13,0,0,0,0 sel=00000000000000000000000000000000000000000000000000000000000000000000000000000000000000000000000000000000000000000000000000000000000000000000000000000000000000000000000000000000000000000000000000000000000000000000000000000000000000000000000000000000000000000000000000000000000000000000000000000000000000000000000000000000000000000000000000000000000000000000000000000000000000000000000000000000000000000000000000000000000000000000000000000000000000000000000000000000000000000000000000000000000000000000000000000000 hash=1581540043
EPLAN 0 15 modes=0 pc=0 pp=-1 pb=-1 selon=0 prof=0 Q=7 ns=5 k=0 shifts=2,4,4,4,5,5,7,7,7,8,2,4,4,4,6,6,7,7,7,8,2,4,4,4,6,6,7,7,7,8 nz=80,41,45,78,89,80,20,20,33,0,39,18,9,36,2,9,1,0,0,0,37,11,8,18,1,4,2,0,0,0 sel=00000000000000000000000000000000000000000000000000000000000000000000000000000000000000000000000000000000000000000000000000000000000000000000000000000000000000000000000000000000000000000000000000000000000000000000000000000000000000000000000000000000000000000000000000000000000000000000000000000000000000000000000000000000000000000000000000000000000000000000000000000000000000000000000000000000000000000000000000000000000000000000000000000000000000000000000000000000000000000000000000000000000000000000000000000000 hash=3043560488
EPLAN 0 16 modes=0 pc=0 pp=-1 pb=-1 selon=0 prof=0 Q=7 ns=10 k=0 shifts=2,4,4,4,5,5,6,7,7,8,2,4,4,4,5,5,7,7,7,8,2,4,4,4,5,5,7,7,7,8 nz=80,35,39,61,45,54,35,16,8,0,40,15,16,32,26,29,2,0,0,0,35,16,9,26,14,30,0,0,0,0 sel=00000000000000000000000000000000000000000000000000000000000000000000000000000000000000000000000000000000000000000000000000000000000000000000000000000000000000000000000000000000000000000000000000000000000000000000000000000000000000000000000000000000000000000000000000000000000000000000000000000000000000000000000000000000000000000000000000000000000000000000000000000000000000000000000000000000000000000000000000000000000000000000000000000000000000000000000000000000000000000000000000000000000000000000000000000000 hash=2688175070
EPLAN 0 17 modes=0 pc=0 pp=-1 pb=-1 selon=0 prof=0 Q=8 ns=18 k=0 shifts=2,5,5,5,6,6,7,7,7,9,2,5,5,5,6,6,7,7,7,9,2,5,5,5,6,6,7,7,7,9 nz=79,26,37,58,83,49,37,114,65,3,37,9,11,9,11,7,1,0,1,0,39,6,2,7,12,4,3,1,1,0 sel=00000000000000000000000000000000000000000000000000000000000000000000000000000000000000000000000000000000000000000000000000000000000000000000000000000000000000000000000000000000000000000000000000000000000000000000000000000000000000000000000000000000000000000000000000000000000000000000000000000000000000000000000000000000000000000000000000000000000000000000000000000000000000000000000000000000000000000000000000000000000000000000000000000000000000000000000000000000000000000000000000000000000000000000000000000000 hash=1556671101
EPLAN 0 18 modes=0 pc=0 pp=-1 pb=-1 selon=0 prof=0 Q=7 ns=0 k=0 shifts=2,4,4,5,6,6,7,7,7,8,2,4,4,5,6,6,7,7,7,8,2,4,4,5,6,6,7,7,7,8 nz=80,46,60,54,51,44,20,61,55,1,38,19,15,18,5,10,1,0,0,0,37,14,13,6,1,4,0,2,0,0 sel=00000000000000000000000000000000000000000000000000000000000000000000000000000000000000000000000000000000000000000000000000000000000000000000000000000000000000000000000000000000000000000000000000000000000000000000000000000000000000000000000000000000000000000000000000000000000000000000000000000000000000000000000000000000000000000000000000000000000000000000000000000000000000000000000000000000000000000000000000000000000000000000000000000000000000000000000000000000000000000000000000000000000000000000000000000000 hash=3270017450
EPLAN 0 19 modes=0 pc=0 pp=-1 pb=-1 selon=0 prof=0 Q=7 ns=1 k=0 shifts=2,4,4,4,6,6,7,7,7,8,2,4,4,5,6,6,7,7,7,8,2,4,4,5,6,6,7,7,7,8 nz=80,43,56,84,64,32,29,84,35,2,37,18,12,10,7,6,1,0,0,0,37,20,5,3,2,4,0,1,0,0 sel=00000000000000000000000000000000000000000000000000000000000000000000000000000000000000000000000000000000000000000000000000000000000000000000000000000000000000000000000000000000000000000000000000000000000000000000000000000000000000000000000000000000000000000000000000000000000000000000000000000000000000000000000000000000000000000000000000000000000000000000000000000000000000000000000000000000000000000000000000000000000000000000000000000000000000000000000000000000000000000000000000000000000000000000000000000000 hash=3783867860
EPLAN 0 20 modes=0 pc=0 pp=-1 pb=-1 selon=0 prof=0 Q=8 ns=21 k=0 shifts=2,5,5,5,6,6,7,7,7,8,2,5,5,5,6,6,7,7,7,8,2,5,5,5,6,6,7,7,7,8 nz=80,34,45,61,85,64,32,61,62,4,39,14,10,15,2,14,0,0,0,0,38,8,9,5,5,3,1,1,1,0 sel=00000000000000000000000000000000000000000000000000000000000000000000000000000000000000000000000000000000000000000000000000000000000000000000000000000000000000000000000000000000000000000000000000000000000000000000000000000000000000000000000000000000000000000000000000000000000000000000000000000000000000000000000000000000000000000000000000000000000000000000000000000000000000000000000000000000000000000000000000000000000000000000000000000000000000000000000000000000000000000000000000000000000000000000000000000000 hash=4214809456
EPLAN 0 21 modes=0 pc=0 pp=-1 pb=-1 selon=0 prof=0 Q=7 ns=4 k=0 shifts=2,4,4,4,5,5,7,7,7,8,2,4,4,4,6,6,7,7,7,8,2,4,4,5,6,6,7,7,7,8 nz=79,34,36,54,78,57,24,59,44,9,37,18,18,22,4,5,2,0,0,0,38,9,12,7,5,6,1,0,0,0 sel=00000000000000000000000000000000000000000000000000000000000000000000000000000000000000000000000000000000000000000000000000000000000000000000000000000000000000000000000000000000000000000000000000000000000000000000000000000000000000000000000000000000000000000000000000000000000000000000000000000000000000000000000000000000000000000000000000000000000000000000000000000000000000000000000000000000000000000000000000000000000000000000000000000000000000000000000000000000000000000000000000000000000000000000000000000000 hash=3193289886
EPLAN 0 22 modes=0 pc=0 pp=-1 pb=-1 selon=0 prof=0 Q=8 ns=12 k=0 shifts=2,5,5,5,6,6,7,8,8,9,2,5,5,5,6,6,7,8,8,9,2,5,5,5,6,6,7,8,8,9 nz=79,33,41,65,121,68,55,45,41,4,36,9,4,7,8,3,0,0,0,0,39,10,3,9,15,2,2,0,0,0 sel=00000000000000000000000000000000000000000000000000000000000000000000000000000000000000000000000000000000000000000000000000000000000000000000000000000000000000000000000000000000000000000000000000000000000000000000000000000000000000000000000000000000000000000000000000000000000000000000000000000000000000000000000000000000000000000000000000000000000000000000000000000000000000000000000000000000000000000000000000000000000000000000000000000000000000000000000000000000000000000000000000000000000000000000000000000000 hash=313512548
EPLAN 0 23 modes=0 pc=0 pp=-1 pb=-1 selon=0 prof=0 Q=8 ns=7 k=0 shifts=2,5,5,5,6,6,8,8,8,9,2,5,5,5,6,6,8,8,8,9,2,5,5,5,7,7,8,8,8,9 nz=80,33,44,80,118,85,27,48,41,1,36,12,6,10,12,6,0,0,0,0,38,9,5,9,0,1,0,0,0,0 sel=00000000000000000000000000000000000000000000000000000000000000000000000000000000000000000000000000000000000000000000000000000000000000000000000000000000000000000000000000000000000000000000000000000000000000000000000000000000000000000000000000000000000000000000000000000000000000000000000000000000000000000000000000000000000000000000000000000000000000000000000000000000000000000000000000000000000000000000000000000000000000000000000000000000000000000000000000000000000000000000000000000000000000000000000000000000 hash=1209204909
EPLAN 0 24 modes=0 pc=0 pp=-1 pb=-1 selon=0 prof=0 Q=8 ns=9 k=0 shifts=2,5,5,5,6,6,8,8,8,9,2,5,5,5,6,6,8,8,8,9,2,5,5,5,6,6,8,8,8,9 nz=80,35,42,68,115,71,16,65,29,0,38,11,11,12,6,10,0,0,0,0,37,10,4,7,11,3,0,1,0,0 sel=00000000000000000000000000000000000000000000000000000000000000000000000000000000000000000000000000000000000000000000000000000000000000000000000000000000000000000000000000000000000000000000000000000000000000000000000000000000000000000000000000000000000000000000000000000000000000000000000000000000000000000000000000000000000000000000000000000000000000000000000000000000000000000000000000000000000000000000000000000000000000000000000000000000000000000000000000000000000000000000000000000000000000000000000000000000 hash=1244354148
EPLAN 0 25 modes=0 pc=0 pp=-1 pb=-1 selon=0 prof=0 Q=8 ns=7 k=0 shifts=2,5,5,5,6,6,8,8,8,9,2,5,5,5,6,6,8,8,8,9,2,5,5,5,7,7,8,8,8,9 nz=80,27,40,61,124,79,19,42,26,1,35,11,9,16,11,11,0,0,0,0,40,10,7,11,3,2,1,1,0,0 sel=00000000000000000000000000000000000000000000000000000000000000000000000000000000000000000000000000000000000000000000000000000000000000000000000000000000000000000000000000000000000000000000000000000000000000000000000000000000000000000000000000000000000000000000000000000000000000000000000000000000000000000000000000000000000000000000000000000000000000000000000000000000000000000000000000000000000000000000000000000000000000000000000000000000000000000000000000000000000000000000000000000000000000000000000000000000 hash=366275977
EPLAN 0 26 modes=0 pc=0 pp=-1 pb=-1 selon=0 prof=0 Q=9 ns=18 k=0 shifts=2,6,6,6,7,7,8,8,8,10,2,6,6,6,7,7,8,8,8,10,2,6,6,6,7,7,8,8,8,10 nz=80,29,41,71,101,53,42,85,57,0,37,4,2,8,0,0,0,0,0,0,39,3,2,4,4,0,0,0,0,0 sel=00000000000000000000000000000000000000000000000000000000000000000000000000000000000000000000000000000000000000000000000000000000000000000000000000000000000000000000000000000000000000000000000000000000000000000000000000000000000000000000000000000000000000000000000000000000000000000000000000000000000000000000000000000000000000000000000000000000000000000000000000000000000000000000000000000000000000000000000000000000000000000000000000000000000000000000000000000000000000000000000000000000000000000000000000000000 hash=2830209615
EPLAN 0 27 modes=0 pc=0 pp=-1 pb=-1 selon=0 prof=0 Q=8 ns=1 k=0 shifts=2,5,5,5,7,7,8,8,8,9,2,5,5,6,7,7,8,8,8,9,2,5,5,6,7,7,8,8,8,9 nz=80,46,50,80,78,50,26,59,29,2,39,12,11,10,3,1,0,0,0,0,39,11,9,6,2,2,0,1,0,0 sel=00000000000000000000000000000000000000000000000000000000000000000000000000000000000000000000000000000000000000000000000000000000000000000000000000000000000000000000000000000000000000000000000000000000000000000000000000000000000000000000000000000000000000000000000000000000000000000000000000000000000000000000000000000000000000000000000000000000000000000000000000000000000000000000000000000000000000000000000000000000000000000000000000000000000000000000000000000000000000000000000000000000000000000000000000000000 hash=1188356516
EPLAN 0 28 modes=0 pc=0 pp=-1 pb=-1 selon=0 prof=0 Q=9 ns=13 k=0 shifts=2,6,6,6,7,7,8,8,9,10,2,6,6,6,7,7,8,9,9,10,2,6,6,6,7,7,8,9,9,10 nz=80,36,50,72,97,63,33,76,13,0,37,12,12,12,2,3,0,0,0,0,38,6,10,16,6,4,0,0,0,0 sel=00000000000000000000000000000000000000000000000000000000000000000000000000000000000000000000000000000000000000000000000000000000000000000000000000000000000000000000000000000000000000000000000000000000000000000000000000000000000000000000000000000000000000000000000000000000000000000000000000000000000000000000000000000000000000000000000000000000000000000000000000000000000000000000000000000000000000000000000000000000000000000000000000000000000000000000000000000000000000000000000000000000000000000000000000000000 hash=2181274679
EPLAN 0 29 modes=0 pc=0 pp=-1 pb=-1 selon=0 prof=0 Q=8 ns=1 k=0 shifts=2,5,5,5,7,7,8,8,8,9,2,5,5,6,7,7,8,8,8,9,2,5,5,6,7,7,8,8,8,9 nz=80,47,52,85,70,47,19,42,26,2,35,17,19,20,1,6,0,0,0,0,39,13,15,14,3,5,0,0,0,0 sel=00000000000000000000000000000000000000000000000000000000000000000000000000000000000000000000000000000000000000000000000000000000000000000000000000000000000000000000000000000000000000000000000000000000000000000000000000000000000000000000000000000000000000000000000000000000000000000000000000000000000000000000000000000000000000000000000000000000000000000000000000000000000000000000000000000000000000000000000000000000000000000000000000000000000000000000000000000000000000000000000000000000000000000000000000000000 hash=426819445
EPLAN 0 30 modes=0 pc=0 pp=-1 pb=-1 selon=0 prof=0 Q=8 ns=0 k=0 shifts=2,5,5,6,7,7,8,8,8,9,2,5,5,6,7,7,8,8,8,9,2,5,5,6,7,7,8,8,8,9 nz=80,55,74,65,70,36,17,60,10,0,37,18,18,20,4,4,0,1,0,0,37,16,18,12,6,9,0,4,0,0 sel=00000000000000000000000000000000000000000000000000000000000000000000000000000000000000000000000000000000000000000000000000000000000000000000000000000000000000000000000000000000000000000000000000000000000000000000000000000000000000000000000000000000000000000000000000000000000000000000000000000000000000000000000000000000000000000000000000000000000000000000000000000000000000000000000000000000000000000000000000000000000000000000000000000000000000000000000000000000000000000000000000000000000000000000000000000000 hash=562488007
EPLAN 0 31 modes=0 pc=0 pp=-1 pb=-1 selon=0 prof=0 Q=9 ns=13 k=0 shifts=2,6,6,6,7,7,8,8,9,10,2,6,6,6,7,7,8,9,9,10,2,6,6,6,7,7,8,9,9,10 nz=80,46,63,79,86,66,32,49,0,0,39,16,13,17,4,3,0,0,0,0,39,9,9,17,3,2,0,0,0,0 sel=00000000000000000000000000000000000000000000000000000000000000000000000000000000000000000000000000000000000000000000000000000000000000000000000000000000000000000000000000000000000000000000000000000000000000000000000000000000000000000000000000000000000000000000000000000000000000000000000000000000000000000000000000000000000000000000000000000000000000000000000000000000000000000000000000000000000000000000000000000000000000000000000000000000000000000000000000000000000000000000000000000000000000000000000000000000 hash=1851426643
EPLAN 0 32 modes=0 pc=0 pp=-1 pb=-1 selon=0 prof=0 Q=8 ns=0 k=0 shifts=2,5,5,6,7,7,8,8,8,9,2,5,5,6,7,7,8,8,8,9,2,5,5,6,7,7,8,8,8,9 nz=80,53,77,70,85,57,29,68,35,3,37,16,18,17,1,1,0,0,0,0,39,11,10,13,3,0,0,0,0,0 sel=00000000000000000000000000000000000000000000000000000000000000000000000000000000000000000000000000000000000000000000000000000000000000000000000000000000000000000000000000000000000000000000000000000000000000000000000000000000000000000000000000000000000000000000000000000000000000000000000000000000000000000000000000000000000000000000000000000000000000000000000000000000000000000000000000000000000000000000000000000000000000000000000000000000000000000000000000000000000000000000000000000000000000000000000000000000 hash=223202991
EPLAN 0 33 modes=0 pc=0 pp=-1 pb=-1 selon=0 prof=0 Q=8 ns=1 k=0 shifts=2,5,5,5,7,7,8,8,8,9,2,5,5,6,7,7,8,8,8,9,2,5,5,6,7,7,8,8,8,9 nz=80,56,62,90,78,51,12,54,20,2,39,18,21,15,0,1,0,0,0,0,40,10,11,8,0,0,0,0,0,0 sel=00000000000000000000000000000000000000000000000000000000000000000000000000000000000000000000000000000000000000000000000000000000000000000000000000000000000000000000000000000000000000000000000000000000000000000000000000000000000000000000000000000000000000000000000000000000000000000000000000000000000000000000000000000000000000000000000000000000000000000000000000000000000000000000000000000000000000000000000000000000000000000000000000000000000000000000000000000000000000000000000000000000000000000000000000000000 hash=4096549199
EPLAN 0 34 modes=0 pc=0 pp=-1 pb=-1 selon=0 prof=0 Q=9 ns=13 k=0 shifts=2,6,6,6,7,7,8,8,9,10,2,6,6,6,7,7,8,9,9,10,2,6,6,6,7,7,8,9,9,10 nz=80,45,57,78,141,67,35,78,17,0,40,11,4,11,2,0,0,0,0,0,40,6,4,8,2,0,0,0,0,0 sel=00000000000000000000000000000000000000000000000000000000000000000000000000000000000000000000000000000000000000000000000000000000000000000000000000000000000000000000000000000000000000000000000000000000000000000000000000000000000000000000000000000000000000000000000000000000000000000000000000000000000000000000000000000000000000000000000000000000000000000000000000000000000000000000000000000000000000000000000000000000000000000000000000000000000000000000000000000000000000000000000000000000000000000000000000000000 hash=3570057318
EPLAN 0 35 modes=0 pc=0 pp=-1 pb=-1 selon=0 prof=0 Q=9 ns=12 k=0 shifts=2,6,6,6,7,7,8,9,9,10,2,6,6,6,7,7,8,9,9,10,2,6,6,6,7,7,8,9,9,10 nz=80,44,58,80,134,53,40,21,14,0,40,11,13,15,5,1,0,0,0,0,38,6,6,8,6,1,0,0,0,0 sel=00000000000000000000000000000000000000000000000000000000000000000000000000000000000000000000000000000000000000000000000000000000000000000000000000000000000000000000000000000000000000000000000000000000000000000000000000000000000000000000000000000000000000000000000000000000000000000000000000000000000000000000000000000000000000000000000000000000000000000000000000000000000000000000000000000000000000000000000000000000000000000000000000000000000000000000000000000000000000000000000000000000000000000000000000000000 hash=1139244315
EPLAN 0 36 modes=0 pc=0 pp=-1 pb=-1 selon=0 prof=0 Q=9 ns=12 k=0 shifts=2,6,6,6,7,7,8,9,9,10,2,6,6,6,7,7,8,9,9,10,2,6,6,6,7,7,8,9,9,10 nz=80,46,74,96,104,82,46,15,11,0,40,11,10,16,0,4,0,0,0,0,40,4,5,11,3,3,0,0,0,0 sel=00000000000000000000000000000000000000000000000000000000000000000000000000000000000000000000000000000000000000000000000000000000000000000000000000000000000000000000000000000000000000000000000000000000000000000000000000000000000000000000000000000000000000000000000000000000000000000000000000000000000000000000000000000000000000000000000000000000000000000000000000000000000000000000000000000000000000000000000000000000000000000000000000000000000000000000000000000000000000000000000000000000000000000000000000000000 hash=3481932161
EPLAN 0 37 modes=0 pc=0 pp=-1 pb=-1 selon=0 prof=0 Q=9 ns=22 k=0 shifts=2,6,6,5,7,7,8,8,8,9,2,6,6,6,7,7,8,8,8,9,2,6,6,6,7,7,8,8,8,9 nz=80,39,59,100,78,55,25,66,49,0,40,11,13,19,0,5,0,0,0,0,40,6,3,8,0,1,0,0,0,0 sel=00000000000000000000000000000000000000000000000000000000000000000000000000000000000000000000000000000000000000000000000000000000000000000000000000000000000000000000000000000000000000000000000000000000000000000000000000000000000000000000000000000000000000000000000000000000000000000000000000000000000000000000000000000000000000000000000000000000000000000000000000000000000000000000000000000000000000000000000000000000000000000000000000000000000000000000000000000000000000000000000000000000000000000000000000000000 hash=3902942906
EPLAN 0 38 modes=0 pc=0 pp=-1 pb=-1 selon=0 prof=0 Q=9 ns=13 k=0 shifts=2,6,6,6,7,7,8,8,9,10,2,6,6,6,7,7,8,9,9,10,2,6,6,6,7,7,8,9,9,10 nz=80,46,62,88,98,59,20,67,0,0,39,9,9,19,3,7,0,0,0,0,40,8,9,12,0,3,0,0,0,0 sel=00000000000000000000000000000000000000000000000000000000000000000000000000000000000000000000000000000000000000000000000000000000000000000000000000000000000000000000000000000000000000000000000000000000000000000000000000000000000000000000000000000000000000000000000000000000000000000000000000000000000000000000000000000000000000000000000000000000000000000000000000000000000000000000000000000000000000000000000000000000000000000000000000000000000000000000000000000000000000000000000000000000000000000000000000000000 hash=1076489548
EPLAN 0 39 modes=0 pc=0 pp=-1 pb=-1 selon=0 prof=0 Q=9 ns=12 k=0 shifts=2,6,6,6,7,7,8,9,9,10,2,6,6,6,7,7,8,9,9,10,2,6,6,6,7,7,8,9,9,10 nz=79,45,67,88,114,75,35,17,4,0,38,12,18,20,4,1,0,0,0,0,39,6,11,15,1,1,0,0,0,0 sel=00000000000000000000000000000000000000000000000000000000000000000000000000000000000000000000000000000000000000000000000000000000000000000000000000000000000000000000000000000000000000000000000000000000000000000000000000000000000000000000000000000000000000000000000000000000000000000000000000000000000000000000000000000000000000000000000000000000000000000000000000000000000000000000000000000000000000000000000000000000000000000000000000000000000000000000000000000000000000000000000000000000000000000000000000000000 hash=3384103829
EPLAN 0 40 modes=0 pc=0 pp=-1 pb=-1 selon=0 prof=0 Q=9 ns=21 k=0 shifts=2,6,6,6,7,7,8,8,8,9,2,6,6,6,7,7,8,8,8,9,2,6,6,6,7,7,8,8,8,9 nz=80,52,61,77,77,70,28,51,44,1,40,15,16,19,1,1,0,0,0,0,38,8,13,10,0,1,0,0,0,0 sel=00000000000000000000000000000000000000000000000000000000000000000000000000000000000000000000000000000000000000000000000000000000000000000000000000000000000000000000000000000000000000000000000000000000000000000000000000000000000000000000000000000000000000000000000000000000000000000000000000000000000000000000000000000000000000000000000000000000000000000000000000000000000000000000000000000000000000000000000000000000000000000000000000000000000000000000000000000000000000000000000000000000000000000000000000000000 hash=3613057137
EPLAN 0 41 modes=0 pc=0 pp=-1 pb=-1 selon=0 prof=0 Q=9 ns=22 k=0 shifts=2,6,6,5,7,7,8,8,8,9,2,6,6,6,7,7,8,8,8,9,2,6,6,6,7,7,8,8,8,9 nz=80,44,57,96,80,48,21,73,41,4,39,13,15,16,3,2,0,0,0,0,40,8,8,8,1,1,0,0,0,0 sel=00000000000000000000000000000000000000000000000000000000000000000000000000000000000000000000000000000000000000000000000000000000000000000000000000000000000000000000000000000000000000000000000000000000000000000000000000000000000000000000000000000000000000000000000000000000000000000000000000000000000000000000000000000000000000000000000000000000000000000000000000000000000000000000000000000000000000000000000000000000000000000000000000000000000000000000000000000000000000000000000000000000000000000000000000000000 hash=1749756259
EPLAN 0 42 modes=0 pc=0 pp=-1 pb=-1 selon=0 prof=0 Q=9 ns=22 k=0 shifts=2,6,6,5,7,7,8,8,8,9,2,6,6,6,7,7,8,8,8,9,2,6,6,6,7,7,8,8,8,9 nz=78,37,51,103,82,45,18,77,58,3,39,11,10,13,8,2,0,0,0,0,40,6,3,9,7,1,0,0,0,0 sel=00000000000000000000000000000000000000000000000000000000000000000000000000000000000000000000000000000000000000000000000000000000000000000000000000000000000000000000000000000000000000000000000000000000000000000000000000000000000000000000000000000000000000000000000000000000000000000000000000000000000000000000000000000000000000000000000000000000000000000000000000000000000000000000000000000000000000000000000000000000000000000000000000000000000000000000000000000000000000000000000000000000000000000000000000000000 hash=1833471882
EPLAN 0 43 modes=0 pc=0 pp=-1 pb=-1 selon=0 prof=0 Q=9 ns=21 k=0 shifts=2,6,6,6,7,7,8,8,8,9,2,6,6,6,7,7,8,8,8,9,2,6,6,6,7,7,8,8,8,9 nz=80,30,49,54,76,60,44,85,74,7,40,9,5,9,1,1,0,0,0,0,40,5,8,9,1,1,0,0,0,0 sel=00000000000000000000000000000000000000000000000000000000000000000000000000000000000000000000000000000000000000000000000000000000000000000000000000000000000000000000000000000000000000000000000000000000000000000000000000000000000000000000000000000000000000000000000000000000000000000000000000000000000000000000000000000000000000000000000000000000000000000000000000000000000000000000000000000000000000000000000000000000000000000000000000000000000000000000000000000000000000000000000000000000000000000000000000000000 hash=1076283254
EPLAN 0 44 modes=0 pc=1 pp=0 pb=3 selon=0 prof=0 Q=9 ns=21 k=1 shifts=2,6,6,6,7,7,8,8,8,9,2,6,6,6,7,7,8,8,8,9,2,6,6,6,7,7,8,8,8,9 nz=80,37,38,85,82,60,40,73,50,2,40,8,7,9,5,2,0,0,0,0,40,7,4,12,5,3,0,0,0,0 sel=00000000000000000000000000000000000000000000000000000000000000000000000000000000000000000000000000000000000000000000000000000000000000000000000000000000000000000000000000000000000000000000000000000000000000000000000000000000000000000000000000000000000000000000000000000000000000000000000000000000000000000000000000000000000000000000000000000000000000000000000000000000000000000000000000000000000000000000000000000000000000000000000000000000000000000000000000000000000000000000000000000000000000000000000000000000 hash=50896780
EPLAN 0 45 modes=0 pc=0 pp=-1 pb=-1 selon=0 prof=0 Q=8 ns=2 k=0 shifts=2,5,5,5,6,7,8,8,8,9,2,5,5,6,7,7,8,8,8,9,2,5,5,6,7,7,8,8,8,9 nz=80,51,52,69,98,47,26,48,36,0,40,20,14,13,5,1,0,0,0,0,39,16,9,7,5,0,0,0,0,0 sel=00000000000000000000000000000000000000000000000000000000000000000000000000000000000000000000000000000000000000000000000000000000000000000000000000000000000000000000000000000000000000000000000000000000000000000000000000000000000000000000000000000000000000000000000000000000000000000000000000000000000000000000000000000000000000000000000000000000000000000000000000000000000000000000000000000000000000000000000000000000000000000000000000000000000000000000000000000000000000000000000000000000000000000000000000000000 hash=133675953
EPLAN 0 46 modes=0 pc=0 pp=-1 pb=-1 selon=0 prof=0 Q=8 ns=0 k=0 shifts=2,5,5,6,7,7,8,8,8,9,2,5,5,6,7,7,8,8,8,9,2,5,5,6,7,7,8,8,8,9 nz=80,47,52,56,74,46,32,63,48,1,40,22,14,12,9,3,0,0,0,0,39,15,11,10,9,2,0,0,0,0 sel=00000000000000000000000000000000000000000000000000000000000000000000000000000000000000000000000000000000000000000000000000000000000000000000000000000000000000000000000000000000000000000000000000000000000000000000000000000000000000000000000000000000000000000000000000000000000000000000000000000000000000000000000000000000000000000000000000000000000000000000000000000000000000000000000000000000000000000000000000000000000000000000000000000000000000000000000000000000000000000000000000000000000000000000000000000000 hash=3358866442
EPLAN 0 47 modes=0 pc=0 pp=-1 pb=-1 selon=0 prof=0 Q=8 ns=1 k=0 shifts=2,5,5,5,7,7,8,8,8,9,2,5,5,6,7,7,8,8,8,9,2,5,5,6,7,7,8,8,8,9 nz=80,51,68,117,58,62,14,51,35,4,40,19,18,14,0,2,0,0,0,0,39,13,12,9,2,3,0,0,0,0 sel=00000000000000000000000000000000000000000000000000000000000000000000000000000000000000000000000000000000000000000000000000000000000000000000000000000000000000000000000000000000000000000000000000000000000000000000000000000000000000000000000000000000000000000000000000000000000000000000000000000000000000000000000000000000000000000000000000000000000000000000000000000000000000000000000000000000000000000000000000000000000000000000000000000000000000000000000000000000000000000000000000000000000000000000000000000000 hash=905755248
EPLAN 0 48 modes=0 pc=0 pp=-1 pb=-1 selon=0 prof=0 Q=9 ns=0 k=0 shifts=2,6,6,7,8,8,9,9,9,10,2,6,6,7,8,8,9,9,9,10,2,6,6,7,8,8,9,9,9,10 nz=80,37,52,36,37,27,4,4,1,0,40,9,13,5,0,0,0,0,0,0,38,9,11,5,0,0,0,0,0,0 sel=00000000000000000000000000000000000000000000000000000000000000000000000000000000000000000000000000000000000000000000000000000000000000000000000000000000000000000000000000000000000000000000000000000000000000000000000000000000000000000000000000000000000000000000000000000000000000000000000000000000000000000000000000000000000000000000000000000000000000000000000000000000000000000000000000000000000000000000000000000000000000000000000000000000000000000000000000000000000000000000000000000000000000000000000000000000 hash=3812674839
EPLAN 0 49 modes=0 pc=0 pp=-1 pb=-1 selon=0 prof=0 Q=7 ns=1 k=0 shifts=2,4,4,4,6,6,7,7,7,8,2,4,4,5,6,6,7,7,7,8,2,4,4,5,6,6,7,7,7,8 nz=80,62,78,125,63,72,25,52,81,5,40,28,30,27,10,16,0,1,4,0,40,23,23,12,5,13,2,0,5,0 sel=00000000000000000000000000000000000000000000000000000000000000000000000000000000000000000000000000000000000000000000000000000000000000000000000000000000000000000000000000000000000000000000000000000000000000000000000000000000000000000000000000000000000000000000000000000000000000000000000000000000000000000000000000000000000000000000000000000000000000000000000000000000000000000000000000000000000000000000000000000000000000000000000000000000000000000000000000000000000000000000000000000000000000000000000000000000 hash=1491405032
EPLAN 0 50 modes=0 pc=0 pp=-1 pb=-1 selon=0 prof=0 Q=9 ns=0 k=0 shifts=2,6,6,7,8,8,9,9,9,10,2,6,6,7,8,8,9,9,9,10,2,6,6,7,8,8,9,9,9,10 nz=80,38,48,34,38,24,7,6,6,0,40,10,10,2,0,0,0,0,0,0,39,10,11,3,1,0,0,0,0,0 sel=00000000000000000000000000000000000000000000000000000000000000000000000000000000000000000000000000000000000000000000000000000000000000000000000000000000000000000000000000000000000000000000000000000000000000000000000000000000000000000000000000000000000000000000000000000000000000000000000000000000000000000000000000000000000000000000000000000000000000000000000000000000000000000000000000000000000000000000000000000000000000000000000000000000000000000000000000000000000000000000000000000000000000000000000000000000 hash=1675728436
EPLAN 0 51 modes=0 pc=0 pp=-1 pb=-1 selon=0 prof=0 Q=8 ns=22 k=0 shifts=2,5,5,4,6,6,7,7,7,8,2,5,5,5,6,6,7,7,7,8,2,5,5,5,6,6,7,7,7,8 nz=80,46,46,112,71,67,35,98,81,31,40,15,15,23,9,15,2,0,1,0,38,16,13,21,7,16,10,2,6,0 sel=00000000000000000000000000000000000000000000000000000000000000000000000000000000000000000000000000000000000000000000000000000000000000000000000000000000000000000000000000000000000000000000000000000000000000000000000000000000000000000000000000000000000000000000000000000000000000000000000000000000000000000000000000000000000000000000000000000000000000000000000000000000000000000000000000000000000000000000000000000000000000000000000000000000000000000000000000000000000000000000000000000000000000000000000000000000 hash=50044746
EPLAN 0 52 modes=0 pc=0 pp=-1 pb=-1 selon=0 prof=0 Q=9 ns=22 k=0 shifts=2,6,6,5,7,7,8,8,8,9,2,6,6,6,7,7,8,8,8,9,2,6,6,6,7,7,8,8,8,9 nz=80,32,39,82,69,57,32,65,69,6,40,11,11,7,0,0,0,0,0,0,39,8,8,4,0,5,0,0,0,0 sel=00000000000000000000000000000000000000000000000000000000000000000000000000000000000000000000000000000000000000000000000000000000000000000000000000000000000000000000000000000000000000000000000000000000000000000000000000000000000000000000000000000000000000000000000000000000000000000000000000000000000000000000000000000000000000000000000000000000000000000000000000000000000000000000000000000000000000000000000000000000000000000000000000000000000000000000000000000000000000000000000000000000000000000000000000000000 hash=900836422
EPLAN 0 53 modes=0 pc=0 pp=-1 pb=-1 selon=0 prof=0 Q=9 ns=22 k=0 shifts=2,6,6,5,7,7,8,8,8,9,2,6,6,6,7,7,8,8,8,9,2,6,6,6,7,7,8,8,8,9 nz=80,26,42,83,82,52,27,82,49,5,40,8,6,5,5,0,0,0,0,0,38,10,6,5,8,2,0,0,1,0 sel=00000000000000000000000000000000000000000000000000000000000000000000000000000000000000000000000000000000000000000000000000000000000000000000000000000000000000000000000000000000000000000000000000000000000000000000000000000000000000000000000000000000000000000000000000000000000000000000000000000000000000000000000000000000000000000000000000000000000000000000000000000000000000000000000000000000000000000000000000000000000000000000000000000000000000000000000000000000000000000000000000000000000000000000000000000000 hash=4253633895
EPLAN 0 54 modes=0 pc=0 pp=-1 pb=-1 selon=0 prof=0 Q=8 ns=3 k=0 shifts=2,5,5,5,6,6,8,8,8,9,2,5,5,6,7,7,8,8,8,9,2,5,5,6,7,7,8,8,8,9 nz=80,39,53,85,118,81,19,46,20,1,40,10,11,7,0,0,0,0,0,0,40,13,11,3,2,3,0,0,0,0 sel=00000000000000000000000000000000000000000000000000000000000000000000000000000000000000000000000000000000000000000000000000000000000000000000000000000000000000000000000000000000000000000000000000000000000000000000000000000000000000000000000000000000000000000000000000000000000000000000000000000000000000000000000000000000000000000000000000000000000000000000000000000000000000000000000000000000000000000000000000000000000000000000000000000000000000000000000000000000000000000000000000000000000000000000000000000000 hash=2127431244
EPLAN 0 55 modes=0 pc=0 pp=-1 pb=-1 selon=0 prof=0 Q=9 ns=21 k=0 shifts=2,6,6,6,7,7,8,8,8,9,2,6,6,6,7,7,8,8,8,9,2,6,6,6,7,7,8,8,8,9 nz=80,30,40,57,82,75,32,69,73,1,39,9,9,11,2,2,0,0,0,0,38,8,6,8,3,6,0,1,1,0 sel=00000000000000000000000000000000000000000000000000000000000000000000000000000000000000000000000000000000000000000000000000000000000000000000000000000000000000000000000000000000000000000000000000000000000000000000000000000000000000000000000000000000000000000000000000000000000000000000000000000000000000000000000000000000000000000000000000000000000000000000000000000000000000000000000000000000000000000000000000000000000000000000000000000000000000000000000000000000000000000000000000000000000000000000000000000000 hash=469770584
EPLAN 0 56 modes=0 pc=0 pp=-1 pb=-1 selon=0 prof=0 Q=8 ns=4 k=0 shifts=2,5,5,5,6,6,8,8,8,9,2,5,5,5,7,7,8,8,8,9,2,5,5,6,7,7,8,8,8,9 nz=80,43,57,79,125,70,20,51,26,3,40,9,13,19,0,2,0,0,0,0,40,10,13,10,1,4,0,0,0,0 sel=00000000000000000000000000000000000000000000000000000000000000000000000000000000000000000000000000000000000000000000000000000000000000000000000000000000000000000000000000000000000000000000000000000000000000000000000000000000000000000000000000000000000000000000000000000000000000000000000000000000000000000000000000000000000000000000000000000000000000000000000000000000000000000000000000000000000000000000000000000000000000000000000000000000000000000000000000000000000000000000000000000000000000000000000000000000 hash=1668660193
EPLAN 0 57 modes=0 pc=0 pp=-1 pb=-1 selon=0 prof=0 Q=8 ns=5 k=0 shifts=2,5,5,5,6,6,8,8,8,9,2,5,5,5,7,7,8,8,8,9,2,5,5,5,7,7,8,8,8,9 nz=80,42,48,84,156,81,12,29,19,0,39,12,7,17,2,2,0,0,0,0,39,12,11,11,1,2,0,0,0,0 sel=00000000000000000000000000000000000000000000000000000000000000000000000000000000000000000000000000000000000000000000000000000000000000000000000000000000000000000000000000000000000000000000000000000000000000000000000000000000000000000000000000000000000000000000000000000000000000000000000000000000000000000000000000000000000000000000000000000000000000000000000000000000000000000000000000000000000000000000000000000000000000000000000000000000000000000000000000000000000000000000000000000000000000000000000000000000 hash=3347770832
EPLAN 0 58 modes=0 pc=0 pp=-1 pb=-1 selon=0 prof=0 Q=8 ns=2 k=0 shifts=2,5,5,5,6,7,8,8,8,9,2,5,5,6,7,7,8,8,8,9,2,5,5,6,7,7,8,8,8,9 nz=80,48,70,84,145,33,15,33,24,0,39,14,13,12,0,0,0,0,0,0,39,14,14,11,3,2,0,0,0,0 sel=00000000000000000000000000000000000000000000000000000000000000000000000000000000000000000000000000000000000000000000000000000000000000000000000000000000000000000000000000000000000000000000000000000000000000000000000000000000000000000000000000000000000000000000000000000000000000000000000000000000000000000000000000000000000000000000000000000000000000000000000000000000000000000000000000000000000000000000000000000000000000000000000000000000000000000000000000000000000000000000000000000000000000000000000000000000 hash=4140969161
EPLAN 0 59 modes=0 pc=0 pp=-1 pb=-1 selon=0 prof=0 Q=8 ns=12 k=0 shifts=2,5,5,5,6,6,7,8,8,9,2,5,5,5,6,6,7,8,8,9,2,5,5,5,6,6,7,8,8,9 nz=80,46,52,78,143,62,34,33,21,0,40,7,10,10,12,17,1,0,0,0,40,13,11,16,10,4,1,0,0,0 sel=00000000000000000000000000000000000000000000000000000000000000000000000000000000000000000000000000000000000000000000000000000000000000000000000000000000000000000000000000000000000000000000000000000000000000000000000000000000000000000000000000000000000000000000000000000000000000000000000000000000000000000000000000000000000000000000000000000000000000000000000000000000000000000000000000000000000000000000000000000000000000000000000000000000000000000000000000000000000000000000000000000000000000000000000000000000 hash=4274903666
EPLAN 0 60 modes=0 pc=0 pp=-1 pb=-1 selon=0 prof=0 Q=8 ns=2 k=0 shifts=2,5,5,5,6,7,8,8,8,9,2,5,5,6,7,7,8,8,8,9,2,5,5,6,7,7,8,8,8,9 nz=80,47,55,87,146,43,19,28,31,0,40,13,11,11,2,1,0,0,0,0,40,9,10,8,1,0,0,0,0,0 sel=00000000000000000000000000000000000000000000000000000000000000000000000000000000000000000000000000000000000000000000000000000000000000000000000000000000000000000000000000000000000000000000000000000000000000000000000000000000000000000000000000000000000000000000000000000000000000000000000000000000000000000000000000000000000000000000000000000000000000000000000000000000000000000000000000000000000000000000000000000000000000000000000000000000000000000000000000000000000000000000000000000000000000000000000000000000 hash=2754586312
EPLAN 0 61 modes=0 pc=0 pp=-1 pb=-1 selon=0 prof=0 Q=8 ns=4 k=0 shifts=2,5,5,5,6,6,8,8,8,9,2,5,5,5,7,7,8,8,8,9,2,5,5,6,7,7,8,8,8,9 nz=80,49,55,96,149,80,21,30,36,3,40,13,10,21,1,0,0,0,0,0,40,10,9,8,1,1,0,0,0,0 sel=00000000000000000000000000000000000000000000000000000000000000000000000000000000000000000000000000000000000000000000000000000000000000000000000000000000000000000000000000000000000000000000000000000000000000000000000000000000000000000000000000000000000000000000000000000000000000000000000000000000000000000000000000000000000000000000000000000000000000000000000000000000000000000000000000000000000000000000000000000000000000000000000000000000000000000000000000000000000000000000000000000000000000000000000000000000 hash=735089089
EPLAN 0 62 modes=0 pc=0 pp=-1 pb=-1 selon=0 prof=0 Q=7 ns=0 k=0 shifts=2,4,4,5,6,6,7,7,7,8,2,4,4,5,6,6,7,7,7,8,2,4,4,5,6,6,7,7,7,8 nz=80,54,63,55,81,40,19,24,32,1,40,19,21,16,6,9,0,0,0,0,40,21,15,15,5,8,0,1,0,0 sel=00000000000000000000000000000000000000000000000000000000000000000000000000000000000000000000000000000000000000000000000000000000000000000000000000000000000000000000000000000000000000000000000000000000000000000000000000000000000000000000000000000000000000000000000000000000000000000000000000000000000000000000000000000000000000000000000000000000000000000000000000000000000000000000000000000000000000000000000000000000000000000000000000000000000000000000000000000000000000000000000000000000000000000000000000000000 hash=3734966398
EPLAN 0 63 modes=0 pc=0 pp=-1 pb=-1 selon=0 prof=0 Q=7 ns=1 k=0 shifts=2,4,4,4,6,6,7,7,7,8,2,4,4,5,6,6,7,7,7,8,2,4,4,5,6,6,7,7,7,8 nz=80,49,55,100,79,42,25,48,50,4,40,17,25,13,6,14,7,0,0,0,38,17,13,9,0,3,1,0,0,0 sel=00000000000000000000000000000000000000000000000000000000000000000000000000000000000000000000000000000000000000000000000000000000000000000000000000000000000000000000000000000000000000000000000000000000000000000000000000000000000000000000000000000000000000000000000000000000000000000000000000000000000000000000000000000000000000000000000000000000000000000000000000000000000000000000000000000000000000000000000000000000000000000000000000000000000000000000000000000000000000000000000000000000000000000000000000000000 hash=2721173234
EPLAN 0 64 modes=0 pc=0 pp=-1 pb=-1 selon=0 prof=0 Q=8 ns=18 k=0 shifts=2,5,5,5,6,6,7,7,7,9,2,5,5,5,6,6,7,7,7,9,2,5,5,5,6,6,7,7,7,9 nz=80,36,46,56,92,43,25,82,71,1,40,12,11,20,11,15,4,0,0,0,40,10,8,14,9,3,0,0,0,0 sel=00000000000000000000000000000000000000000000000000000000000000000000000000000000000000000000000000000000000000000000000000000000000000000000000000000000000000000000000000000000000000000000000000000000000000000000000000000000000000000000000000000000000000000000000000000000000000000000000000000000000000000000000000000000000000000000000000000000000000000000000000000000000000000000000000000000000000000000000000000000000000000000000000000000000000000000000000000000000000000000000000000000000000000000000000000000 hash=2761552742
EPLAN 0 65 modes=0 pc=0 pp=-1 pb=-1 selon=0 prof=0 Q=8 ns=13 k=0 shifts=2,5,5,5,6,6,7,7,8,9,2,5,5,5,6,6,7,8,8,9,2,5,5,5,6,6,7,8,8,9 nz=80,40,45,67,105,50,37,79,20,0,39,13,9,24,8,11,3,0,0,0,39,9,7,17,5,6,0,0,0,0 sel=00000000000000000000000000000000000000000000000000000000000000000000000000000000000000000000000000000000000000000000000000000000000000000000000000000000000000000000000000000000000000000000000000000000000000000000000000000000000000000000000000000000000000000000000000000000000000000000000000000000000000000000000000000000000000000000000000000000000000000000000000000000000000000000000000000000000000000000000000000000000000000000000000000000000000000000000000000000000000000000000000000000000000000000000000000000 hash=2061702589
EPLAN 0 66 modes=0 pc=0 pp=-1 pb=-1 selon=0 prof=0 Q=8 ns=13 k=0 shifts=2,5,5,5,6,6,7,7,8,9,2,5,5,5,6,6,7,8,8,9,2,5,5,5,6,6,7,8,8,9 nz=80,37,41,64,95,52,30,64,13,0,40,14,10,23,9,15,1,0,0,0,39,9,7,15,2,11,0,0,0,0 sel=00000000000000000000000000000000000000000000000000000000000000000000000000000000000000000000000000000000000000000000000000000000000000000000000000000000000000000000000000000000000000000000000000000000000000000000000000000000000000000000000000000000000000000000000000000000000000000000000000000000000000000000000000000000000000000000000000000000000000000000000000000000000000000000000000000000000000000000000000000000000000000000000000000000000000000000000000000000000000000000000000000000000000000000000000000000 hash=1888700935
EPLAN 0 67 modes=0 pc=0 pp=-1 pb=-1 selon=0 prof=0 Q=8 ns=12 k=0 shifts=2,5,5,5,6,6,7,8,8,9,2,5,5,5,6,6,7,8,8,9,2,5,5,5,6,6,7,8,8,9 nz=80,38,49,72,105,57,42,24,22,2,40,11,7,19,9,14,4,0,0,0,40,9,6,9,4,14,3,0,0,0 sel=00000000000000000000000000000000000000000000000000000000000000000000000000000000000000000000000000000000000000000000000000000000000000000000000000000000000000000000000000000000000000000000000000000000000000000000000000000000000000000000000000000000000000000000000000000000000000000000000000000000000000000000000000000000000000000000000000000000000000000000000000000000000000000000000000000000000000000000000000000000000000000000000000000000000000000000000000000000000000000000000000000000000000000000000000000000 hash=2309134751
EPLAN 0 68 modes=0 pc=0 pp=-1 pb=-1 selon=0 prof=0 Q=7 ns=0 k=0 shifts=2,4,4,5,6,6,7,7,7,8,2,4,4,5,6,6,7,7,7,8,2,4,4,5,6,6,7,7,7,8 nz=79,42,55,54,74,36,27,54,44,2,40,24,14,17,5,15,2,0,8,0,38,17,14,8,4,11,5,3,11,0 sel=00000000000000000000000000000000000000000000000000000000000000000000000000000000000000000000000000000000000000000000000000000000000000000000000000000000000000000000000000000000000000000000000000000000000000000000000000000000000000000000000000000000000000000000000000000000000000000000000000000000000000000000000000000000000000000000000000000000000000000000000000000000000000000000000000000000000000000000000000000000000000000000000000000000000000000000000000000000000000000000000000000000000000000000000000000000 hash=3038539334
EPLAN 0 69 modes=0 pc=0 pp=-1 pb=-1 selon=0 prof=0 Q=8 ns=21 k=0 shifts=2,5,5,5,6,6,7,7,7,8,2,5,5,5,6,6,7,7,7,8,2,5,5,5,6,6,7,7,7,8 nz=80,28,43,54,92,37,28,63,42,8,37,11,12,15,12,13,5,1,4,0,36,10,9,16,9,13,2,4,9,0 sel=00000000000000000000000000000000000000000000000000000000000000000000000000000000000000000000000000000000000000000000000000000000000000000000000000000000000000000000000000000000000000000000000000000000000000000000000000000000000000000000000000000000000000000000000000000000000000000000000000000000000000000000000000000000000000000000000000000000000000000000000000000000000000000000000000000000000000000000000000000000000000000000000000000000000000000000000000000000000000000000000000000000000000000000000000000000 hash=350101739
EPLAN 0 70 modes=0 pc=0 pp=-1 pb=-1 selon=0 prof=0 Q=8 ns=6 k=0 shifts=2,5,5,5,6,6,8,8,8,9,2,5,5,5,6,7,8,8,8,9,2,5,5,5,7,7,8,8,8,9 nz=80,31,41,74,102,50,13,13,24,0,39,10,15,32,13,2,0,0,2,0,35,10,13,20,7,6,1,0,6,0 sel=00000000000000000000000000000000000000000000000000000000000000000000000000000000000000000000000000000000000000000000000000000000000000000000000000000000000000000000000000000000000000000000000000000000000000000000000000000000000000000000000000000000000000000000000000000000000000000000000000000000000000000000000000000000000000000000000000000000000000000000000000000000000000000000000000000000000000000000000000000000000000000000000000000000000000000000000000000000000000000000000000000000000000000000000000000000 hash=3350650976
EPLAN 0 71 modes=0 pc=0 pp=-1 pb=-1 selon=0 prof=0 Q=8 ns=8 k=0 shifts=2,5,5,5,6,6,8,8,8,9,2,5,5,5,6,6,8,8,8,9,2,5,5,5,6,7,8,8,8,9 nz=80,32,39,64,82,61,14,23,12,0,38,13,12,33,8,19,1,1,1,0,37,11,13,27,17,8,1,1,5,0 sel=00000000000000000000000000000000000000000000000000000000000000000000000000000000000000000000000000000000000000000000000000000000000000000000000000000000000000000000000000000000000000000000000000000000000000000000000000000000000000000000000000000000000000000000000000000000000000000000000000000000000000000000000000000000000000000000000000000000000000000000000000000000000000000000000000000000000000000000000000000000000000000000000000000000000000000000000000000000000000000000000000000000000000000000000000000000 hash=236984714
EPLAN 0 72 modes=0 pc=0 pp=-1 pb=-1 selon=0 prof=0 Q=8 ns=12 k=0 shifts=2,5,5,5,6,6,7,8,8,9,2,5,5,5,6,6,7,8,8,9,2,5,5,5,6,6,7,8,8,9 nz=80,40,48,65,104,44,19,34,4,0,39,13,9,21,8,34,6,1,4,0,40,10,15,16,8,10,0,1,3,0 sel=00000000000000000000000000000000000000000000000000000000000000000000000000000000000000000000000000000000000000000000000000000000000000000000000000000000000000000000000000000000000000000000000000000000000000000000000000000000000000000000000000000000000000000000000000000000000000000000000000000000000000000000000000000000000000000000000000000000000000000000000000000000000000000000000000000000000000000000000000000000000000000000000000000000000000000000000000000000000000000000000000000000000000000000000000000000 hash=4192386185
EPLAN 0 73 modes=0 pc=0 pp=-1 pb=-1 selon=0 prof=0 Q=8 ns=1 k=0 shifts=2,5,5,5,7,7,8,8,8,9,2,5,5,6,7,7,8,8,8,9,2,5,5,6,7,7,8,8,8,9 nz=80,40,50,75,75,42,28,47,4,1,38,15,17,13,4,9,4,1,3,0,39,9,13,18,4,5,1,0,1,0 sel=00000000000000000000000000000000000000000000000000000000000000000000000000000000000000000000000000000000000000000000000000000000000000000000000000000000000000000000000000000000000000000000000000000000000000000000000000000000000000000000000000000000000000000000000000000000000000000000000000000000000000000000000000000000000000000000000000000000000000000000000000000000000000000000000000000000000000000000000000000000000000000000000000000000000000000000000000000000000000000000000000000000000000000000000000000000 hash=2104067951
EPLAN 0 74 modes=0 pc=0 pp=-1 pb=-1 selon=0 prof=0 Q=8 ns=1 k=0 shifts=2,5,5,5,7,7,8,8,8,9,2,5,5,6,7,7,8,8,8,9,2,5,5,6,7,7,8,8,8,9 nz=80,39,64,85,81,62,38,56,5,0,39,13,12,23,3,7,1,0,4,0,39,11,15,16,2,8,3,1,0,0 sel=00000000000000000000000000000000000000000000000000000000000000000000000000000000000000000000000000000000000000000000000000000000000000000000000000000000000000000000000000000000000000000000000000000000000000000000000000000000000000000000000000000000000000000000000000000000000000000000000000000000000000000000000000000000000000000000000000000000000000000000000000000000000000000000000000000000000000000000000000000000000000000000000000000000000000000000000000000000000000000000000000000000000000000000000000000000 hash=2437613896
EPLAN 0 75 modes=0 pc=0 pp=-1 pb=-1 selon=0 prof=0 Q=8 ns=1 k=0 shifts=2,5,5,5,7,7,8,8,8,9,2,5,5,6,7,7,8,8,8,9,2,5,5,6,7,7,8,8,8,9 nz=80,44,59,78,102,70,54,75,7,0,37,12,19,15,6,7,1,0,0,0,39,9,15,12,5,7,0,0,0,0 sel=00000000000000000000000000000000000000000000000000000000000000000000000000000000000000000000000000000000000000000000000000000000000000000000000000000000000000000000000000000000000000000000000000000000000000000000000000000000000000000000000000000000000000000000000000000000000000000000000000000000000000000000000000000000000000000000000000000000000000000000000000000000000000000000000000000000000000000000000000000000000000000000000000000000000000000000000000000000000000000000000000000000000000000000000000000000 hash=900172414
EPLAN 0 76 modes=0 pc=0 pp=-1 pb=-1 selon=0 prof=0 Q=8 ns=0 k=0 shifts=2,5,5,6,7,7,8,8,8,9,2,5,5,6,7,7,8,8,8,9,2,5,5,6,7,7,8,8,8,9 nz=80,46,58,53,98,75,67,75,9,0,39,11,14,9,0,4,0,0,0,0,38,8,12,6,0,3,0,0,0,0 sel=00000000000000000000000000000000000000000000000000000000000000000000000000000000000000000000000000000000000000000000000000000000000000000000000000000000000000000000000000000000000000000000000000000000000000000000000000000000000000000000000000000000000000000000000000000000000000000000000000000000000000000000000000000000000000000000000000000000000000000000000000000000000000000000000000000000000000000000000000000000000000000000000000000000000000000000000000000000000000000000000000000000000000000000000000000000 hash=950159670
EPLAN 0 77 modes=0 pc=0 pp=-1 pb=-1 selon=0 prof=0 Q=9 ns=21 k=0 shifts=2,6,6,6,7,7,8,8,8,9,2,6,6,6,7,7,8,8,8,9,2,6,6,6,7,7,8,8,8,9 nz=80,35,42,54,95,91,81,85,20,0,38,4,6,4,0,3,0,0,0,0,39,5,5,6,0,4,0,0,0,0 sel=00000000000000000000000000000000000000000000000000000000000000000000000000000000000000000000000000000000000000000000000000000000000000000000000000000000000000000000000000000000000000000000000000000000000000000000000000000000000000000000000000000000000000000000000000000000000000000000000000000000000000000000000000000000000000000000000000000000000000000000000000000000000000000000000000000000000000000000000000000000000000000000000000000000000000000000000000000000000000000000000000000000000000000000000000000000 hash=178377317
EPLAN 0 78 modes=0 pc=0 pp=-1 pb=-1 selon=0 prof=0 Q=8 ns=0 k=0 shifts=2,5,5,6,7,7,8,8,8,9,2,5,5,6,7,7,8,8,8,9,2,5,5,6,7,7,8,8,8,9 nz=80,43,59,54,98,99,69,83,26,0,39,7,5,5,0,1,0,0,0,0,40,7,7,4,1,2,0,0,0,0 sel=00000000000000000000000000000000000000000000000000000000000000000000000000000000000000000000000000000000000000000000000000000000000000000000000000000000000000000000000000000000000000000000000000000000000000000000000000000000000000000000000000000000000000000000000000000000000000000000000000000000000000000000000000000000000000000000000000000000000000000000000000000000000000000000000000000000000000000000000000000000000000000000000000000000000000000000000000000000000000000000000000000000000000000000000000000000 hash=1582611622
EPLAN 0 79 modes=0 pc=0 pp=-1 pb=-1 selon=0 prof=0 Q=8 ns=1 k=0 shifts=2,5,5,5,7,7,8,8,8,9,2,5,5,6,7,7,8,8,8,9,2,5,5,6,7,7,8,8,8,9 nz=80,45,64,86,101,87,76,83,32,0,39,10,5,4,0,0,0,0,0,0,38,5,3,1,0,0,0,0,0,0 sel=00000000000000000000000000000000000000000000000000000000000000000000000000000000000000000000000000000000000000000000000000000000000000000000000000000000000000000000000000000000000000000000000000000000000000000000000000000000000000000000000000000000000000000000000000000000000000000000000000000000000000000000000000000000000000000000000000000000000000000000000000000000000000000000000000000000000000000000000000000000000000000000000000000000000000000000000000000000000000000000000000000000000000000000000000000000 hash=3666222300
EPLAN 0 80 modes=0 pc=0 pp=-1 pb=-1 selon=0 prof=0 Q=8 ns=0 k=0 shifts=2,5,5,6,7,7,8,8,8,9,2,5,5,6,7,7,8,8,8,9,2,5,5,6,7,7,8,8,8,9 nz=80,52,61,60,107,85,66,77,42,0,39,12,4,2,0,0,0,0,0,0,38,11,4,2,0,0,0,0,0,0 sel=00000000000000000000000000000000000000000000000000000000000000000000000000000000000000000000000000000000000000000000000000000000000000000000000000000000000000000000000000000000000000000000000000000000000000000000000000000000000000000000000000000000000000000000000000000000000000000000000000000000000000000000000000000000000000000000000000000000000000000000000000000000000000000000000000000000000000000000000000000000000000000000000000000000000000000000000000000000000000000000000000000000000000000000000000000000 hash=3901401228
EPLAN 0 81 modes=0 pc=0 pp=-1 pb=-1 selon=0 prof=0 Q=9 ns=13 k=0 shifts=2,6,6,6,7,7,8,8,9,10,2,6,6,6,7,7,8,9,9,10,2,6,6,6,7,7,8,9,9,10 nz=80,39,52,85,117,94,57,88,1,0,36,5,3,3,0,0,0,0,0,0,37,3,1,3,0,0,0,0,0,0 sel=00000000000000000000000000000000000000000000000000000000000000000000000000000000000000000000000000000000000000000000000000000000000000000000000000000000000000000000000000000000000000000000000000000000000000000000000000000000000000000000000000000000000000000000000000000000000000000000000000000000000000000000000000000000000000000000000000000000000000000000000000000000000000000000000000000000000000000000000000000000000000000000000000000000000000000000000000000000000000000000000000000000000000000000000000000000 hash=1914103940
EPLAN 0 82 modes=0 pc=0 pp=-1 pb=-1 selon=0 prof=0 Q=9 ns=13 k=0 shifts=2,6,6,6,7,7,8,8,9,10,2,6,6,6,7,7,8,9,9,10,2,6,6,6,7,7,8,9,9,10 nz=80,43,64,93,140,106,81,116,0,0,40,6,0,3,0,0,0,0,0,0,40,6,4,2,0,0,0,0,0,0 sel=00000000000000000000000000000000000000000000000000000000000000000000000000000000000000000000000000000000000000000000000000000000000000000000000000000000000000000000000000000000000000000000000000000000000000000000000000000000000000000000000000000000000000000000000000000000000000000000000000000000000000000000000000000000000000000000000000000000000000000000000000000000000000000000000000000000000000000000000000000000000000000000000000000000000000000000000000000000000000000000000000000000000000000000000000000000 hash=2987893809
EPLAN 0 83 modes=0 pc=0 pp=-1 pb=-1 selon=0 prof=0 Q=9 ns=12 k=0 shifts=2,6,6,6,7,7,8,9,9,10,2,6,6,6,7,7,8,9,9,10,2,6,6,6,7,7,8,9,9,10 nz=80,40,73,106,154,114,47,2,0,0,39,9,5,1,0,0,0,0,0,0,39,6,4,2,2,0,0,0,0,0 sel=00000000000000000000000000000000000000000000000000000000000000000000000000000000000000000000000000000000000000000000000000000000000000000000000000000000000000000000000000000000000000000000000000000000000000000000000000000000000000000000000000000000000000000000000000000000000000000000000000000000000000000000000000000000000000000000000000000000000000000000000000000000000000000000000000000000000000000000000000000000000000000000000000000000000000000000000000000000000000000000000000000000000000000000000000000000 hash=3922603894
EPLAN 0 84 modes=0 pc=0 pp=-1 pb=-1 selon=0 prof=0 Q=9 ns=21 k=0 shifts=2,6,6,6,7,7,8,8,8,9,2,6,6,6,7,7,8,8,8,9,2,6,6,6,7,7,8,8,8,9 nz=80,47,45,88,147,115,49,90,61,0,39,4,2,6,0,1,0,0,0,0,39,3,3,3,2,0,0,0,0,0 sel=00000000000000000000000000000000000000000000000000000000000000000000000000000000000000000000000000000000000000000000000000000000000000000000000000000000000000000000000000000000000000000000000000000000000000000000000000000000000000000000000000000000000000000000000000000000000000000000000000000000000000000000000000000000000000000000000000000000000000000000000000000000000000000000000000000000000000000000000000000000000000000000000000000000000000000000000000000000000000000000000000000000000000000000000000000000 hash=2490248943
EPLAN 0 85 modes=0 pc=0 pp=-1 pb=-1 selon=0 prof=0 Q=9 ns=13 k=0 shifts=2,6,6,6,7,7,8,8,9,10,2,6,6,6,7,7,8,9,9,10,2,6,6,6,7,7,8,9,9,10 nz=80,45,60,98,144,117,43,84,0,0,39,3,3,2,0,0,0,0,0,0,40,3,3,3,3,0,0,0,0,0 sel=00000000000000000000000000000000000000000000000000000000000000000000000000000000000000000000000000000000000000000000000000000000000000000000000000000000000000000000000000000000000000000000000000000000000000000000000000000000000000000000000000000000000000000000000000000000000000000000000000000000000000000000000000000000000000000000000000000000000000000000000000000000000000000000000000000000000000000000000000000000000000000000000000000000000000000000000000000000000000000000000000000000000000000000000000000000 hash=3567498919
EPLAN 0 86 modes=0 pc=0 pp=-1 pb=-1 selon=0 prof=0 Q=9 ns=13 k=0 shifts=2,6,6,6,7,7,8,8,9,10,2,6,6,6,7,7,8,9,9,10,2,6,6,6,7,7,8,9,9,10 nz=80,44,55,104,136,112,26,75,0,0,40,5,4,6,0,0,0,0,0,0,39,6,5,2,0,0,0,0,0,0 sel=00000000000000000000000000000000000000000000000000000000000000000000000000000000000000000000000000000000000000000000000000000000000000000000000000000000000000000000000000000000000000000000000000000000000000000000000000000000000000000000000000000000000000000000000000000000000000000000000000000000000000000000000000000000000000000000000000000000000000000000000000000000000000000000000000000000000000000000000000000000000000000000000000000000000000000000000000000000000000000000000000000000000000000000000000000000 hash=2616688725
EPLAN 0 87 modes=0 pc=0 pp=-1 pb=-1 selon=0 prof=0 Q=9 ns=21 k=0 shifts=2,6,6,6,7,7,8,8,8,9,2,6,6,6,7,7,8,8,8,9,2,6,6,6,7,7,8,8,8,9 nz=80,42,49,101,134,100,32,65,44,0,40,4,3,6,0,0,0,0,0,0,40,7,6,2,1,0,0,0,0,0 sel=00000000000000000000000000000000000000000000000000000000000000000000000000000000000000000000000000000000000000000000000000000000000000000000000000000000000000000000000000000000000000000000000000000000000000000000000000000000000000000000000000000000000000000000000000000000000000000000000000000000000000000000000000000000000000000000000000000000000000000000000000000000000000000000000000000000000000000000000000000000000000000000000000000000000000000000000000000000000000000000000000000000000000000000000000000000 hash=222301124
EPLAN 0 88 modes=0 pc=0 pp=-1 pb=-1 selon=0 prof=0 Q=8 ns=1 k=0 shifts=2,5,5,5,7,7,8,8,8,9,2,5,5,6,7,7,8,8,8,9,2,5,5,6,7,7,8,8,8,9 nz=80,58,79,123,110,90,24,60,35,0,40,13,9,3,0,0,0,0,0,0,40,15,6,7,2,0,0,0,0,0 sel=00000000000000000000000000000000000000000000000000000000000000000000000000000000000000000000000000000000000000000000000000000000000000000000000000000000000000000000000000000000000000000000000000000000000000000000000000000000000000000000000000000000000000000000000000000000000000000000000000000000000000000000000000000000000000000000000000000000000000000000000000000000000000000000000000000000000000000000000000000000000000000000000000000000000000000000000000000000000000000000000000000000000000000000000000000000 hash=812437668
EPLAN 0 89 modes=0 pc=0 pp=-1 pb=-1 selon=0 prof=0 Q=8 ns=1 k=0 shifts=2,5,5,5,7,7,8,8,8,9,2,5,5,6,7,7,8,8,8,9,2,5,5,6,7,7,8,8,8,9 nz=80,54,77,127,101,81,16,52,27,0,40,8,7,2,0,0,0,0,0,0,40,12,8,6,2,0,0,0,0,0 sel=00000000000000000000000000000000000000000000000000000000000000000000000000000000000000000000000000000000000000000000000000000000000000000000000000000000000000000000000000000000000000000000000000000000000000000000000000000000000000000000000000000000000000000000000000000000000000000000000000000000000000000000000000000000000000000000000000000000000000000000000000000000000000000000000000000000000000000000000000000000000000000000000000000000000000000000000000000000000000000000000000000000000000000000000000000000 hash=3463434180
EPLAN 1 0 modes=32513535 pc=0 pp=-1 pb=-1 selon=0 prof=0 Q=7 ns=10 k=0 shifts=2,4,4,4,5,5,6,7,7,8,2,4,4,4,5,5,7,7,7,8,2,4,4,4,5,5,7,7,7,8 nz=52,24,31,83,48,96,45,8,6,0,24,17,17,38,20,33,0,0,0,0,30,19,8,16,4,15,0,0,0,0 sel=00000000000000000000000000000000000000000000000000000000000000000000000000000000000000000000000000000000000000000000000000000000000000000000000000000000000000000000000000000000000000000000000000000000000000000000000000000000000000000000000000000000000000000000000000000000000000000000000000000000000000000000000000000000000000000000000000000000000000000000000000000000000000000000000000000000000000000000000000000000000000000000000000000000000000000000000000000000000000000000000000000000000000000000000000000000 hash=272408068
EPLAN 1 1 modes=0 pc=0 pp=-1 pb=-1 selon=0 prof=0 Q=7 ns=6 k=0 shifts=2,4,4,4,5,5,7,7,7,8,2,4,4,4,5,6,7,7,7,8,2,4,4,4,6,6,7,7,7,8 nz=80,48,84,129,51,126,3,2,13,0,36,26,15,28,13,17,0,0,0,0,39,26,4,19,1,2,0,0,0,0 sel=00000000000000000000000000000000000000000000000000000000000000000000000000000000000000000000000000000000000000000000000000000000000000000000000000000000000000000000000000000000000000000000000000000000000000000000000000000000000000000000000000000000000000000000000000000000000000000000000000000000000000000000000000000000000000000000000000000000000000000000000000000000000000000000000000000000000000000000000000000000000000000000000000000000000000000000000000000000000000000000000000000000000000000000000000000000 hash=1267644402
EPLAN 1 2 modes=3149119 pc=0 pp=-1 pb=-1 selon=0 prof=0 Q=7 ns=12 k=0 shifts=2,4,4,4,5,5,6,7,7,8,2,4,4,4,5,5,6,7,7,8,2,4,4,4,5,5,6,7,7,8 nz=52,19,39,88,47,83,34,4,5,0,32,17,10,29,16,25,28,0,0,0,27,9,4,11,11,14,20,0,0,0 sel=00000000000000000000000000000000000000000000000000000000000000000000000000000000000000000000000000000000000000000000000000000000000000000000000000000000000000000000000000000000000000000000000000000000000000000000000000000000000000000000000000000000000000000000000000000000000000000000000000000000000000000000000000000000000000000000000000000000000000000000000000000000000000000000000000000000000000000000000000000000000000000000000000000000000000000000000000000000000000000000000000000000000000000000000000000000 hash=2593402316
EPLAN 1 3 modes=3153407 pc=0 pp=-1 pb=-1 selon=0 prof=0 Q=7 ns=10 k=0 shifts=2,4,4,4,5,5,6,7,7,8,2,4,4,4,5,5,7,7,7,8,2,4,4,4,5,5,7,7,7,8 nz=49,25,34,86,55,81,41,1,9,0,32,13,7,26,16,32,1,0,0,0,25,17,5,14,10,15,0,0,0,0 sel=00000000000000000000000000000000000000000000000000000000000000000000000000000000000000000000000000000000000000000000000000000000000000000000000000000000000000000000000000000000000000000000000000000000000000000000000000000000000000000000000000000000000000000000000000000000000000000000000000000000000000000000000000000000000000000000000000000000000000000000000000000000000000000000000000000000000000000000000000000000000000000000000000000000000000000000000000000000000000000000000000000000000000000000000000000000 hash=2044980436
EPLAN 1 4 modes=3153279 pc=0 pp=-1 pb=-1 selon=0 prof=0 Q=7 ns=11 k=0 shifts=2,4,4,4,5,5,6,7,7,8,2,4,4,4,5,5,6,7,7,8,2,4,4,4,5,5,7,7,7,8 nz=50,29,32,85,46,70,28,1,4,0,29,17,9,27,12,26,31,0,1,0,26,16,5,19,12,14,0,0,0,0 sel=00000000000000000000000000000000000000000000000000000000000000000000000000000000000000000000000000000000000000000000000000000000000000000000000000000000000000000000000000000000000000000000000000000000000000000000000000000000000000000000000000000000000000000000000000000000000000000000000000000000000000000000000000000000000000000000000000000000000000000000000000000000000000000000000000000000000000000000000000000000000000000000000000000000000000000000000000000000000000000000000000000000000000000000000000000000 hash=2913995158
EPLAN 1 5 modes=3149311 pc=0 pp=-1 pb=-1 selon=0 prof=0 Q=7 ns=11 k=0 shifts=2,4,4,4,5,5,6,7,7,8,2,4,4,4,5,5,6,7,7,8,2,4,4,4,5,5,7,7,7,8 nz=51,26,41,74,76,48,27,9,6,0,30,22,12,24,19,39,26,0,0,0,27,15,5,17,8,11,0,0,0,0 sel=00000000000000000000000000000000000000000000000000000000000000000000000000000000000000000000000000000000000000000000000000000000000000000000000000000000000000000000000000000000000000000000000000000000000000000000000000000000000000000000000000000000000000000000000000000000000000000000000000000000000000000000000000000000000000000000000000000000000000000000000000000000000000000000000000000000000000000000000000000000000000000000000000000000000000000000000000000000000000000000000000000000000000000000000000000000 hash=2379046752
EPLAN 1 6 modes=7345471 pc=0 pp=-1 pb=-1 selon=0 prof=0 Q=7 ns=10 k=0 shifts=2,4,4,4,5,5,6,7,7,8,2,4,4,4,5,5,7,7,7,8,2,4,4,4,5,5,7,7,7,8 nz=51,34,39,80,88,47,24,3,2,0,33,21,8,25,17,31,1,0,0,0,24,18,1,16,10,22,0,0,0,0 sel=00000000000000000000000000000000000000000000000000000000000000000000000000000000000000000000000000000000000000000000000000000000000000000000000000000000000000000000000000000000000000000000000000000000000000000000000000000000000000000000000000000000000000000000000000000000000000000000000000000000000000000000000000000000000000000000000000000000000000000000000000000000000000000000000000000000000000000000000000000000000000000000000000000000000000000000000000000000000000000000000000000000000000000000000000000000 hash=2026172996
EPLAN 1 7 modes=3147263 pc=0 pp=-1 pb=-1 selon=0 prof=0 Q=7 ns=9 k=0 shifts=2,4,4,4,5,5,7,7,7,8,2,4,4,4,5,5,7,7,7,8,2,4,4,4,5,5,7,7,7,8 nz=53,24,32,80,83,44,1,32,5,0,30,19,9,31,25,25,0,0,0,0,25,12,4,13,16,18,0,0,0,0 sel=00000000000000000000000000000000000000000000000000000000000000000000000000000000000000000000000000000000000000000000000000000000000000000000000000000000000000000000000000000000000000000000000000000000000000000000000000000000000000000000000000000000000000000000000000000000000000000000000000000000000000000000000000000000000000000000000000000000000000000000000000000000000000000000000000000000000000000000000000000000000000000000000000000000000000000000000000000000000000000000000000000000000000000000000000000000 hash=2659842392
EPLAN 1 8 modes=7343423 pc=0 pp=-1 pb=-1 selon=0 prof=0 Q=7 ns=11 k=0 shifts=2,4,4,4,5,5,6,7,7,8,2,4,4,4,5,5,6,7,7,8,2,4,4,4,5,5,7,7,7,8 nz=52,26,37,79,88,57,21,13,1,0,31,15,12,34,16,40,41,0,0,0,27,16,3,17,7,13,0,0,0,0 sel=00000000000000000000000000000000000000000000000000000000000000000000000000000000000000000000000000000000000000000000000000000000000000000000000000000000000000000000000000000000000000000000000000000000000000000000000000000000000000000000000000000000000000000000000000000000000000000000000000000000000000000000000000000000000000000000000000000000000000000000000000000000000000000000000000000000000000000000000000000000000000000000000000000000000000000000000000000000000000000000000000000000000000000000000000000000 hash=802706354
EPLAN 1 9 modes=0 pc=0 pp=-1 pb=-1 selon=0 prof=0 Q=7 ns=9 k=0 shifts=2,4,4,4,5,5,7,7,7,8,2,4,4,4,5,5,7,7,7,8,2,4,4,4,5,5,7,7,7,8 nz=80,57,59,76,87,69,4,23,1,0,39,24,15,30,34,37,1,0,0,0,40,20,5,18,10,17,0,0,0,0 sel=00000000000000000000000000000000000000000000000000000000000000000000000000000000000000000000000000000000000000000000000000000000000000000000000000000000000000000000000000000000000000000000000000000000000000000000000000000000000000000000000000000000000000000000000000000000000000000000000000000000000000000000000000000000000000000000000000000000000000000000000000000000000000000000000000000000000000000000000000000000000000000000000000000000000000000000000000000000000000000000000000000000000000000000000000000000 hash=1378990427
EPLAN 1 10 modes=7345663 pc=0 pp=-1 pb=-1 selon=0 prof=0 Q=7 ns=9 k=0 shifts=2,4,4,4,5,5,7,7,7,8,2,4,4,4,5,5,7,7,7,8,2,4,4,4,5,5,7,7,7,8 nz=58,25,32,73,139,42,1,38,2,0,24,17,9,26,19,26,0,0,0,0,24,12,6,20,12,14,0,0,0,0 sel=00000000000000000000000000000000000000000000000000000000000000000000000000000000000000000000000000000000000000000000000000000000000000000000000000000000000000000000000000000000000000000000000000000000000000000000000000000000000000000000000000000000000000000000000000000000000000000000000000000000000000000000000000000000000000000000000000000000000000000000000000000000000000000000000000000000000000000000000000000000000000000000000000000000000000000000000000000000000000000000000000000000000000000000000000000000 hash=2923345896
EPLAN 1 11 modes=36705791 pc=0 pp=-1 pb=-1 selon=0 prof=0 Q=7 ns=8 k=0 shifts=2,4,4,4,5,5,7,7,7,8,2,4,4,4,5,5,7,7,7,8,2,4,4,4,5,6,7,7,7,8 nz=62,22,29,63,110,63,0,22,2,0,32,18,7,29,31,25,0,0,0,0,27,10,10,28,14,3,0,0,0,0 sel=00000000000000000000000000000000000000000000000000000000000000000000000000000000000000000000000000000000000000000000000000000000000000000000000000000000000000000000000000000000000000000000000000000000000000000000000000000000000000000000000000000000000000000000000000000000000000000000000000000000000000000000000000000000000000000000000000000000000000000000000000000000000000000000000000000000000000000000000000000000000000000000000000000000000000000000000000000000000000000000000000000000000000000000000000000000 hash=335936626
EPLAN 1 12 modes=3151359 pc=0 pp=-1 pb=-1 selon=0 prof=0 Q=7 ns=9 k=0 shifts=2,4,4,4,5,5,7,7,7,8,2,4,4,4,5,5,7,7,7,8,2,4,4,4,5,5,7,7,7,8 nz=51,26,29,62,108,46,5,15,3,0,28,15,14,31,21,27,0,0,0,0,24,14,6,18,22,18,1,0,0,0 sel=00000000000000000000000000000000000000000000000000000000000000000000000000000000000000000000000000000000000000000000000000000000000000000000000000000000000000000000000000000000000000000000000000000000000000000000000000000000000000000000000000000000000000000000000000000000000000000000000000000000000000000000000000000000000000000000000000000000000000000000000000000000000000000000000000000000000000000000000000000000000000000000000000000000000000000000000000000000000000000000000000000000000000000000000000000000 hash=3939115692
EPLAN 1 13 modes=24124927 pc=0 pp=-1 pb=-1 selon=0 prof=0 Q=7 ns=8 k=0 shifts=2,4,4,4,5,5,7,7,7,8,2,4,4,4,5,5,7,7,7,8,2,4,4,4,5,6,7,7,7,8 nz=54,22,33,62,51,62,8,20,6,0,35,17,8,30,19,45,1,0,1,0,27,13,7,26,17,6,1,0,0,0 sel=00000000000000000000000000000000000000000000000000000000000000000000000000000000000000000000000000000000000000000000000000000000000000000000000000000000000000000000000000000000000000000000000000000000000000000000000000000000000000000000000000000000000000000000000000000000000000000000000000000000000000000000000000000000000000000000000000000000000000000000000000000000000000000000000000000000000000000000000000000000000000000000000000000000000000000000000000000000000000000000000000000000000000000000000000000000 hash=4232167116
EPLAN 1 14 modes=3153279 pc=0 pp=-1 pb=-1 selon=0 prof=0 Q=7 ns=13 k=0 shifts=2,4,4,4,5,5,6,6,7,8,2,4,4,4,5,5,6,7,7,8,2,4,4,4,5,5,6,7,7,8 nz=56,19,14,48,34,30,23,50,4,0,24,16,5,34,23,32,25,0,0,0,27,17,9,20,9,24,20,0,0,0 sel=00000000000000000000000000000000000000000000000000000000000000000000000000000000000000000000000000000000000000000000000000000000000000000000000000000000000000000000000000000000000000000000000000000000000000000000000000000000000000000000000000000000000000000000000000000000000000000000000000000000000000000000000000000000000000000000000000000000000000000000000000000000000000000000000000000000000000000000000000000000000000000000000000000000000000000000000000000000000000000000000000000000000000000000000000000000 hash=26703498
EPLAN 1 15 modes=3151359 pc=0 pp=-1 pb=-1 selon=0 prof=0 Q=7 ns=9 k=0 shifts=2,4,4,4,5,5,7,7,7,8,2,4,4,4,5,5,7,7,7,8,2,4,4,4,5,5,7,7,7,8 nz=55,21,32,66,62,63,8,20,26,0,27,19,4,24,13,35,1,0,0,0,28,14,9,26,14,29,0,0,0,0 sel=00000000000000000000000000000000000000000000000000000000000000000000000000000000000000000000000000000000000000000000000000000000000000000000000000000000000000000000000000000000000000000000000000000000000000000000000000000000000000000000000000000000000000000000000000000000000000000000000000000000000000000000000000000000000000000000000000000000000000000000000000000000000000000000000000000000000000000000000000000000000000000000000000000000000000000000000000000000000000000000000000000000000000000000000000000000 hash=2471424318
EPLAN 1 16 modes=1052159 pc=0 pp=-1 pb=-1 selon=0 prof=0 Q=7 ns=12 k=0 shifts=2,4,4,4,5,5,6,7,7,8,2,4,4,4,5,5,6,7,7,8,2,4,4,4,5,5,6,7,7,8 nz=51,21,25,53,34,45,36,6,3,0,30,20,6,20,18,41,34,0,0,0,28,12,8,24,13,31,28,0,0,0 sel=00000000000000000000000000000000000000000000000000000000000000000000000000000000000000000000000000000000000000000000000000000000000000000000000000000000000000000000000000000000000000000000000000000000000000000000000000000000000000000000000000000000000000000000000000000000000000000000000000000000000000000000000000000000000000000000000000000000000000000000000000000000000000000000000000000000000000000000000000000000000000000000000000000000000000000000000000000000000000000000000000000000000000000000000000000000 hash=2441371860
EPLAN 1 17 modes=0 pc=0 pp=-1 pb=-1 selon=0 prof=0 Q=8 ns=18 k=0 shifts=2,5,5,5,6,6,7,7,7,9,2,5,5,5,6,6,7,7,7,9,2,5,5,5,6,6,7,7,7,9 nz=80,26,44,60,90,51,40,116,72,2,37,11,9,14,12,4,0,1,0,0,37,9,4,8,15,6,1,3,0,0 sel=00000000000000000000000000000000000000000000000000000000000000000000000000000000000000000000000000000000000000000000000000000000000000000000000000000000000000000000000000000000000000000000000000000000000000000000000000000000000000000000000000000000000000000000000000000000000000000000000000000000000000000000000000000000000000000000000000000000000000000000000000000000000000000000000000000000000000000000000000000000000000000000000000000000000000000000000000000000000000000000000000000000000000000000000000000000 hash=2840269129
EPLAN 1 18 modes=7347711 pc=0 pp=-1 pb=-1 selon=0 prof=0 Q=7 ns=5 k=0 shifts=2,4,4,4,5,5,7,7,7,8,2,4,4,4,6,6,7,7,7,8,2,4,4,4,6,6,7,7,7,8 nz=57,32,42,66,75,75,17,48,45,0,25,16,11,24,5,8,1,0,1,0,28,12,8,17,6,3,1,2,3,0 sel=00000000000000000000000000000000000000000000000000000000000000000000000000000000000000000000000000000000000000000000000000000000000000000000000000000000000000000000000000000000000000000000000000000000000000000000000000000000000000000000000000000000000000000000000000000000000000000000000000000000000000000000000000000000000000000000000000000000000000000000000000000000000000000000000000000000000000000000000000000000000000000000000000000000000000000000000000000000000000000000000000000000000000000000000000000000 hash=1264530549
EPLAN 1 19 modes=32513535 pc=0 pp=-1 pb=-1 selon=0 prof=0 Q=7 ns=6 k=0 shifts=2,4,4,4,5,5,7,7,7,8,2,4,4,4,5,6,7,7,7,8,2,4,4,4,6,6,7,7,7,8 nz=58,16,27,86,95,69,21,36,17,3,33,10,14,29,32,4,1,0,1,0,28,11,9,26,2,2,1,1,0,0 sel=00000000000000000000000000000000000000000000000000000000000000000000000000000000000000000000000000000000000000000000000000000000000000000000000000000000000000000000000000000000000000000000000000000000000000000000000000000000000000000000000000000000000000000000000000000000000000000000000000000000000000000000000000000000000000000000000000000000000000000000000000000000000000000000000000000000000000000000000000000000000000000000000000000000000000000000000000000000000000000000000000000000000000000000000000000000 hash=3537441401
EPLAN 1 20 modes=342916607 pc=0 pp=-1 pb=-1 selon=0 prof=0 Q=7 ns=3 k=0 shifts=2,4,4,4,5,5,7,7,7,8,2,4,4,5,6,6,7,7,7,8,2,4,4,5,6,6,7,7,7,8 nz=54,34,46,90,103,95,18,42,28,2,30,18,7,5,3,11,0,0,0,0,25,15,6,8,5,5,2,0,4,0 sel=00000000000000000000000000000000000000000000000000000000000000000000000000000000000000000000000000000000000000000000000000000000000000000000000000000000000000000000000000000000000000000000000000000000000000000000000000000000000000000000000000000000000000000000000000000000000000000000000000000000000000000000000000000000000000000000000000000000000000000000000000000000000000000000000000000000000000000000000000000000000000000000000000000000000000000000000000000000000000000000000000000000000000000000000000000000 hash=3916929638
EPLAN 1 21 modes=7348223 pc=0 pp=-1 pb=-1 selon=0 prof=0 Q=7 ns=11 k=0 shifts=2,4,4,4,5,5,6,7,7,8,2,4,4,4,5,5,6,7,7,8,2,4,4,4,5,5,7,7,7,8 nz=51,19,20,39,50,50,40,33,16,6,32,17,12,16,13,36,41,0,0,0,35,14,9,14,13,24,0,1,0,0 sel=00000000000000000000000000000000000000000000000000000000000000000000000000000000000000000000000000000000000000000000000000000000000000000000000000000000000000000000000000000000000000000000000000000000000000000000000000000000000000000000000000000000000000000000000000000000000000000000000000000000000000000000000000000000000000000000000000000000000000000000000000000000000000000000000000000000000000000000000000000000000000000000000000000000000000000000000000000000000000000000000000000000000000000000000000000000 hash=3434693756
EPLAN 1 22 modes=19930623 pc=0 pp=-1 pb=-1 selon=0 prof=0 Q=7 ns=0 k=0 shifts=2,4,4,5,6,6,7,7,7,8,2,4,4,5,6,6,7,7,7,8,2,4,4,5,6,6,7,7,7,8 nz=58,28,38,35,68,31,30,137,109,28,26,15,12,10,10,7,2,0,0,0,29,14,8,7,8,4,3,0,2,0 sel=00000000000000000000000000000000000000000000000000000000000000000000000000000000000000000000000000000000000000000000000000000000000000000000000000000000000000000000000000000000000000000000000000000000000000000000000000000000000000000000000000000000000000000000000000000000000000000000000000000000000000000000000000000000000000000000000000000000000000000000000000000000000000000000000000000000000000000000000000000000000000000000000000000000000000000000000000000000000000000000000000000000000000000000000000000000 hash=600553719
EPLAN 1 23 modes=3169791 pc=0 pp=-1 pb=-1 selon=0 prof=0 Q=8 ns=22 k=0 shifts=2,5,5,4,6,6,7,7,7,8,2,5,5,5,6,6,7,7,7,8,2,5,5,5,6,6,7,7,7,8 nz=60,10,19,74,52,47,61,156,123,21,29,5,3,10,7,9,0,0,0,0,26,5,2,4,11,6,1,0,0,0 sel=00000000000000000000000000000000000000000000000000000000000000000000000000000000000000000000000000000000000000000000000000000000000000000000000000000000000000000000000000000000000000000000000000000000000000000000000000000000000000000000000000000000000000000000000000000000000000000000000000000000000000000000000000000000000000000000000000000000000000000000000000000000000000000000000000000000000000000000000000000000000000000000000000000000000000000000000000000000000000000000000000000000000000000000000000000000 hash=2463727600
EPLAN 1 24 modes=32538111 pc=0 pp=-1 pb=-1 selon=0 prof=0 Q=8 ns=21 k=0 shifts=2,5,5,5,6,6,7,7,7,8,2,5,5,5,6,6,7,7,7,8,2,5,5,5,6,6,7,7,7,8 nz=56,14,17,42,54,32,50,142,88,6,26,4,4,9,7,5,0,2,0,0,33,7,3,10,8,2,2,2,0,0 sel=00000000000000000000000000000000000000000000000000000000000000000000000000000000000000000000000000000000000000000000000000000000000000000000000000000000000000000000000000000000000000000000000000000000000000000000000000000000000000000000000000000000000000000000000000000000000000000000000000000000000000000000000000000000000000000000000000000000000000000000000000000000000000000000000000000000000000000000000000000000000000000000000000000000000000000000000000000000000000000000000000000000000000000000000000000000 hash=3780523435
EPLAN 1 25 modes=0 pc=0 pp=-1 pb=-1 selon=0 prof=0 Q=8 ns=7 k=0 shifts=2,5,5,5,6,6,8,8,8,9,2,5,5,5,6,6,8,8,8,9,2,5,5,5,7,7,8,8,8,9 nz=80,27,38,57,120,73,20,48,26,1,37,9,6,19,14,13,0,0,0,0,40,9,6,10,3,3,1,0,0,0 sel=00000000000000000000000000000000000000000000000000000000000000000000000000000000000000000000000000000000000000000000000000000000000000000000000000000000000000000000000000000000000000000000000000000000000000000000000000000000000000000000000000000000000000000000000000000000000000000000000000000000000000000000000000000000000000000000000000000000000000000000000000000000000000000000000000000000000000000000000000000000000000000000000000000000000000000000000000000000000000000000000000000000000000000000000000000000 hash=2052330810
EPLAN 1 26 modes=11535871 pc=0 pp=-1 pb=-1 selon=0 prof=0 Q=8 ns=21 k=0 shifts=2,5,5,5,6,6,7,7,7,8,2,5,5,5,6,6,7,7,7,8,2,5,5,5,6,6,7,7,7,8 nz=60,37,37,64,131,93,65,185,132,33,25,12,7,11,11,9,1,0,3,0,32,12,5,13,17,9,2,5,2,0 sel=00000000000000000000000000000000000000000000000000000000000000000000000000000000000000000000000000000000000000000000000000000000000000000000000000000000000000000000000000000000000000000000000000000000000000000000000000000000000000000000000000000000000000000000000000000000000000000000000000000000000000000000000000000000000000000000000000000000000000000000000000000000000000000000000000000000000000000000000000000000000000000000000000000000000000000000000000000000000000000000000000000000000000000000000000000000 hash=576044587
EPLAN 1 27 modes=49340415 pc=0 pp=-1 pb=-1 selon=0 prof=0 Q=8 ns=17 k=0 shifts=2,5,5,5,6,6,7,7,7,9,2,5,5,5,6,6,7,7,7,9,2,5,5,5,6,6,7,7,8,9 nz=63,17,26,49,117,52,36,118,77,4,30,4,4,15,9,11,2,2,1,0,27,5,5,15,12,7,5,6,0,0 sel=00000000000000000000000000000000000000000000000000000000000000000000000000000000000000000000000000000000000000000000000000000000000000000000000000000000000000000000000000000000000000000000000000000000000000000000000000000000000000000000000000000000000000000000000000000000000000000000000000000000000000000000000000000000000000000000000000000000000000000000000000000000000000000000000000000000000000000000000000000000000000000000000000000000000000000000000000000000000000000000000000000000000000000000000000000000 hash=1544884510
EPLAN 1 28 modes=66125311 pc=0 pp=-1 pb=-1 selon=0 prof=0 Q=8 ns=13 k=0 shifts=2,5,5,5,6,6,7,7,8,9,2,5,5,5,6,6,7,8,8,9,2,5,5,5,6,6,7,8,8,9 nz=66,41,50,76,107,88,62,180,61,7,29,15,17,29,19,17,1,0,0,0,31,16,10,21,21,11,2,0,0,0 sel=00000000000000000000000000000000000000000000000000000000000000000000000000000000000000000000000000000000000000000000000000000000000000000000000000000000000000000000000000000000000000000000000000000000000000000000000000000000000000000000000000000000000000000000000000000000000000000000000000000000000000000000000000000000000000000000000000000000000000000000000000000000000000000000000000000000000000000000000000000000000000000000000000000000000000000000000000000000000000000000000000000000000000000000000000000000 hash=2565874085
EPLAN 1 29 modes=49331711 pc=0 pp=-1 pb=-1 selon=0 prof=0 Q=8 ns=15 k=0 shifts=2,5,5,5,6,6,7,7,7,9,2,5,5,5,6,6,7,7,8,9,2,5,5,5,6,6,7,8,8,9 nz=51,16,25,49,81,74,38,122,84,0,28,11,9,30,12,19,1,0,0,0,24,9,6,13,10,19,0,0,0,0 sel=00000000000000000000000000000000000000000000000000000000000000000000000000000000000000000000000000000000000000000000000000000000000000000000000000000000000000000000000000000000000000000000000000000000000000000000000000000000000000000000000000000000000000000000000000000000000000000000000000000000000000000000000000000000000000000000000000000000000000000000000000000000000000000000000000000000000000000000000000000000000000000000000000000000000000000000000000000000000000000000000000000000000000000000000000000000 hash=1966339706
EPLAN 1 30 modes=200343039 pc=0 pp=-1 pb=-1 selon=0 prof=0 Q=8 ns=17 k=0 shifts=2,5,5,5,6,6,7,7,7,9,2,5,5,5,6,6,7,7,7,9,2,5,5,5,6,6,7,7,8,9 nz=61,26,27,61,78,62,37,126,60,0,27,10,8,30,12,18,7,5,3,0,28,8,3,17,11,13,2,9,0,0 sel=00000000000000000000000000000000000000000000000000000000000000000000000000000000000000000000000000000000000000000000000000000000000000000000000000000000000000000000000000000000000000000000000000000000000000000000000000000000000000000000000000000000000000000000000000000000000000000000000000000000000000000000000000000000000000000000000000000000000000000000000000000000000000000000000000000000000000000000000000000000000000000000000000000000000000000000000000000000000000000000000000000000000000000000000000000000 hash=410199874
EPLAN 1 31 modes=40959231 pc=0 pp=-1 pb=-1 selon=0 prof=0 Q=8 ns=13 k=0 shifts=2,5,5,5,6,6,7,7,8,9,2,5,5,5,6,6,7,8,8,9,2,5,5,5,6,6,7,8,8,9 nz=55,39,60,77,77,82,59,135,47,2,30,16,21,33,12,13,0,0,0,0,28,13,12,21,12,13,6,0,0,0 sel=00000000000000000000000000000000000000000000000000000000000000000000000000000000000000000000000000000000000000000000000000000000000000000000000000000000000000000000000000000000000000000000000000000000000000000000000000000000000000000000000000000000000000000000000000000000000000000000000000000000000000000000000000000000000000000000000000000000000000000000000000000000000000000000000000000000000000000000000000000000000000000000000000000000000000000000000000000000000000000000000000000000000000000000000000000000 hash=2434762348
EPLAN 1 32 modes=15744511 pc=0 pp=-1 pb=-1 selon=0 prof=0 Q=8 ns=13 k=0 shifts=2,5,5,5,6,6,7,7,8,9,2,5,5,5,6,6,7,8,8,9,2,5,5,5,6,6,7,8,8,9 nz=60,15,29,95,83,83,63,166,25,3,29,7,9,22,10,14,1,0,0,0,25,11,5,17,8,8,2,0,0,0 sel=00000000000000000000000000000000000000000000000000000000000000000000000000000000000000000000000000000000000000000000000000000000000000000000000000000000000000000000000000000000000000000000000000000000000000000000000000000000000000000000000000000000000000000000000000000000000000000000000000000000000000000000000000000000000000000000000000000000000000000000000000000000000000000000000000000000000000000000000000000000000000000000000000000000000000000000000000000000000000000000000000000000000000000000000000000000 hash=2022276580
EPLAN 1 33 modes=0 pc=0 pp=-1 pb=-1 selon=0 prof=0 Q=8 ns=1 k=0 shifts=2,5,5,5,7,7,8,8,8,9,2,5,5,6,7,7,8,8,8,9,2,5,5,6,7,7,8,8,8,9 nz=80,50,57,81,73,42,12,58,16,1,40,20,18,17,0,0,0,0,0,0,39,12,9,9,0,0,0,0,0,0 sel=00000000000000000000000000000000000000000000000000000000000000000000000000000000000000000000000000000000000000000000000000000000000000000000000000000000000000000000000000000000000000000000000000000000000000000000000000000000000000000000000000000000000000000000000000000000000000000000000000000000000000000000000000000000000000000000000000000000000000000000000000000000000000000000000000000000000000000000000000000000000000000000000000000000000000000000000000000000000000000000000000000000000000000000000000000000 hash=3370847508
EPLAN 1 34 modes=7347711 pc=0 pp=-1 pb=-1 selon=0 prof=0 Q=8 ns=16 k=0 shifts=2,5,5,5,6,6,7,7,7,9,2,5,5,5,6,6,7,7,7,9,2,5,5,5,6,6,7,8,8,9 nz=62,46,60,80,128,98,75,237,156,4,24,21,14,19,17,12,3,0,0,0,27,10,5,13,18,7,4,0,0,0 sel=00000000000000000000000000000000000000000000000000000000000000000000000000000000000000000000000000000000000000000000000000000000000000000000000000000000000000000000000000000000000000000000000000000000000000000000000000000000000000000000000000000000000000000000000000000000000000000000000000000000000000000000000000000000000000000000000000000000000000000000000000000000000000000000000000000000000000000000000000000000000000000000000000000000000000000000000000000000000000000000000000000000000000000000000000000000 hash=4072445334
EPLAN 1 35 modes=24149503 pc=0 pp=-1 pb=-1 selon=0 prof=0 Q=8 ns=13 k=0 shifts=2,5,5,5,6,6,7,7,8,9,2,5,5,5,6,6,7,8,8,9,2,5,5,5,6,6,7,8,8,9 nz=59,38,59,87,127,94,56,257,53,4,33,14,11,30,19,13,4,0,0,0,25,12,6,19,17,8,2,0,0,0 sel=00000000000000000000000000000000000000000000000000000000000000000000000000000000000000000000000000000000000000000000000000000000000000000000000000000000000000000000000000000000000000000000000000000000000000000000000000000000000000000000000000000000000000000000000000000000000000000000000000000000000000000000000000000000000000000000000000000000000000000000000000000000000000000000000000000000000000000000000000000000000000000000000000000000000000000000000000000000000000000000000000000000000000000000000000000000 hash=1965191420
EPLAN 1 36 modes=13679999 pc=0 pp=-1 pb=-1 selon=0 prof=0 Q=8 ns=13 k=0 shifts=2,5,5,5,6,6,7,7,8,9,2,5,5,5,6,6,7,8,8,9,2,5,5,5,6,6,7,8,8,9 nz=62,38,60,104,100,105,61,201,63,3,25,17,15,27,13,23,0,0,0,0,27,15,6,15,13,16,5,0,0,0 sel=00000000000000000000000000000000000000000000000000000000000000000000000000000000000000000000000000000000000000000000000000000000000000000000000000000000000000000000000000000000000000000000000000000000000000000000000000000000000000000000000000000000000000000000000000000000000000000000000000000000000000000000000000000000000000000000000000000000000000000000000000000000000000000000000000000000000000000000000000000000000000000000000000000000000000000000000000000000000000000000000000000000000000000000000000000000 hash=565628085
EPLAN 1 37 modes=40943103 pc=0 pp=-1 pb=-1 selon=0 prof=0 Q=8 ns=13 k=0 shifts=2,5,5,5,6,6,7,7,8,9,2,5,5,5,6,6,7,8,8,9,2,5,5,5,6,6,7,8,8,9 nz=59,28,46,56,76,89,40,152,25,1,32,13,16,23,8,26,1,0,0,0,31,13,5,12,7,12,4,0,0,0 sel=00000000000000000000000000000000000000000000000000000000000000000000000000000000000000000000000000000000000000000000000000000000000000000000000000000000000000000000000000000000000000000000000000000000000000000000000000000000000000000000000000000000000000000000000000000000000000000000000000000000000000000000000000000000000000000000000000000000000000000000000000000000000000000000000000000000000000000000000000000000000000000000000000000000000000000000000000000000000000000000000000000000000000000000000000000000 hash=2686724008
EPLAN 1 38 modes=15793407 pc=0 pp=-1 pb=-1 selon=0 prof=0 Q=8 ns=13 k=0 shifts=2,5,5,5,6,6,7,7,8,9,2,5,5,5,6,6,7,8,8,9,2,5,5,5,6,6,7,8,8,9 nz=65,37,56,88,81,91,44,145,24,2,31,18,10,17,11,17,3,0,0,0,34,16,10,19,5,12,1,0,0,0 sel=00000000000000000000000000000000000000000000000000000000000000000000000000000000000000000000000000000000000000000000000000000000000000000000000000000000000000000000000000000000000000000000000000000000000000000000000000000000000000000000000000000000000000000000000000000000000000000000000000000000000000000000000000000000000000000000000000000000000000000000000000000000000000000000000000000000000000000000000000000000000000000000000000000000000000000000000000000000000000000000000000000000000000000000000000000000 hash=1536518556
EPLAN 1 39 modes=66125311 pc=0 pp=-1 pb=-1 selon=0 prof=0 Q=8 ns=13 k=0 shifts=2,5,5,5,6,6,7,7,8,9,2,5,5,5,6,6,7,8,8,9,2,5,5,5,6,6,7,8,8,9 nz=56,39,61,85,124,103,72,242,64,1,33,19,17,34,9,16,2,0,0,0,29,14,13,24,13,14,3,0,0,0 sel=00000000000000000000000000000000000000000000000000000000000000000000000000000000000000000000000000000000000000000000000000000000000000000000000000000000000000000000000000000000000000000000000000000000000000000000000000000000000000000000000000000000000000000000000000000000000000000000000000000000000000000000000000000000000000000000000000000000000000000000000000000000000000000000000000000000000000000000000000000000000000000000000000000000000000000000000000000000000000000000000000000000000000000000000000000000 hash=1578334217
EPLAN 1 40 modes=49298943 pc=0 pp=-1 pb=-1 selon=0 prof=0 Q=8 ns=13 k=0 shifts=2,5,5,5,6,6,7,7,8,9,2,5,5,5,6,6,7,8,8,9,2,5,5,5,6,6,7,8,8,9 nz=64,43,54,83,67,105,56,135,25,0,33,14,20,33,11,20,1,0,0,0,26,12,16,11,13,14,1,0,0,0 sel=00000000000000000000000000000000000000000000000000000000000000000000000000000000000000000000000000000000000000000000000000000000000000000000000000000000000000000000000000000000000000000000000000000000000000000000000000000000000000000000000000000000000000000000000000000000000000000000000000000000000000000000000000000000000000000000000000000000000000000000000000000000000000000000000000000000000000000000000000000000000000000000000000000000000000000000000000000000000000000000000000000000000000000000000000000000 hash=1193519953
EPLAN 1 41 modes=0 pc=0 pp=-1 pb=-1 selon=0 prof=0 Q=9 ns=22 k=0 shifts=2,6,6,5,7,7,8,8,8,9,2,6,6,6,7,7,8,8,8,9,2,6,6,6,7,7,8,8,8,9 nz=79,48,49,93,79,42,21,72,40,5,38,11,14,19,2,1,0,0,0,0,39,7,8,10,1,1,0,0,0,0 sel=00000000000000000000000000000000000000000000000000000000000000000000000000000000000000000000000000000000000000000000000000000000000000000000000000000000000000000000000000000000000000000000000000000000000000000000000000000000000000000000000000000000000000000000000000000000000000000000000000000000000000000000000000000000000000000000000000000000000000000000000000000000000000000000000000000000000000000000000000000000000000000000000000000000000000000000000000000000000000000000000000000000000000000000000000000000 hash=4002994213
EPLAN 1 42 modes=24170495 pc=0 pp=-1 pb=-1 selon=0 prof=0 Q=8 ns=13 k=0 shifts=2,5,5,5,6,6,7,7,8,9,2,5,5,5,6,6,7,8,8,9,2,5,5,5,6,6,7,8,8,9 nz=64,33,46,66,106,75,51,148,38,3,30,12,18,23,20,15,5,0,0,0,28,16,11,12,15,8,3,0,0,0 sel=00000000000000000000000000000000000000000000000000000000000000000000000000000000000000000000000000000000000000000000000000000000000000000000000000000000000000000000000000000000000000000000000000000000000000000000000000000000000000000000000000000000000000000000000000000000000000000000000000000000000000000000000000000000000000000000000000000000000000000000000000000000000000000000000000000000000000000000000000000000000000000000000000000000000000000000000000000000000000000000000000000000000000000000000000000000 hash=3087435893
EPLAN 1 43 modes=66064383 pc=0 pp=-1 pb=-1 selon=0 prof=0 Q=8 ns=18 k=0 shifts=2,5,5,5,6,6,7,7,7,9,2,5,5,5,6,6,7,7,7,9,2,5,5,5,6,6,7,7,7,9 nz=57,29,36,65,116,72,52,152,134,8,29,17,15,24,13,10,1,0,4,0,29,10,16,13,8,8,4,3,4,0 sel=00000000000000000000000000000000000000000000000000000000000000000000000000000000000000000000000000000000000000000000000000000000000000000000000000000000000000000000000000000000000000000000000000000000000000000000000000000000000000000000000000000000000000000000000000000000000000000000000000000000000000000000000000000000000000000000000000000000000000000000000000000000000000000000000000000000000000000000000000000000000000000000000000000000000000000000000000000000000000000000000000000000000000000000000000000000 hash=4161461550
EPLAN 1 44 modes=24174079 pc=0 pp=-1 pb=-1 selon=0 prof=0 Q=8 ns=18 k=0 shifts=2,5,5,5,6,6,7,7,7,9,2,5,5,5,6,6,7,7,7,9,2,5,5,5,6,6,7,7,7,9 nz=61,34,53,63,94,83,57,135,117,2,30,17,12,26,12,14,3,4,2,0,28,10,7,20,16,10,1,3,3,0 sel=00000000000000000000000000000000000000000000000000000000000000000000000000000000000000000000000000000000000000000000000000000000000000000000000000000000000000000000000000000000000000000000000000000000000000000000000000000000000000000000000000000000000000000000000000000000000000000000000000000000000000000000000000000000000000000000000000000000000000000000000000000000000000000000000000000000000000000000000000000000000000000000000000000000000000000000000000000000000000000000000000000000000000000000000000000000 hash=1926693838
EPLAN 1 45 modes=24182271 pc=0 pp=-1 pb=-1 selon=0 prof=0 Q=8 ns=18 k=0 shifts=2,5,5,5,6,6,7,7,7,9,2,5,5,5,6,6,7,7,7,9,2,5,5,5,6,6,7,7,7,9 nz=64,26,23,56,60,69,34,129,97,0,36,9,9,31,22,17,5,6,5,0,27,4,6,20,10,11,2,5,8,0 sel=00000000000000000000000000000000000000000000000000000000000000000000000000000000000000000000000000000000000000000000000000000000000000000000000000000000000000000000000000000000000000000000000000000000000000000000000000000000000000000000000000000000000000000000000000000000000000000000000000000000000000000000000000000000000000000000000000000000000000000000000000000000000000000000000000000000000000000000000000000000000000000000000000000000000000000000000000000000000000000000000000000000000000000000000000000000 hash=480089952
EPLAN 1 46 modes=66125311 pc=0 pp=-1 pb=-1 selon=0 prof=0 Q=8 ns=13 k=0 shifts=2,5,5,5,6,6,7,7,8,9,2,5,5,5,6,6,7,8,8,9,2,5,5,5,6,6,7,8,8,9 nz=54,19,34,70,112,72,45,139,27,1,32,9,7,20,23,17,2,0,0,0,27,9,7,14,14,17,5,0,0,0 sel=00000000000000000000000000000000000000000000000000000000000000000000000000000000000000000000000000000000000000000000000000000000000000000000000000000000000000000000000000000000000000000000000000000000000000000000000000000000000000000000000000000000000000000000000000000000000000000000000000000000000000000000000000000000000000000000000000000000000000000000000000000000000000000000000000000000000000000000000000000000000000000000000000000000000000000000000000000000000000000000000000000000000000000000000000000000 hash=3985017263
EPLAN 1 47 modes=66067967 pc=0 pp=-1 pb=-1 selon=0 prof=0 Q=8 ns=16 k=0 shifts=2,5,5,5,6,6,7,7,7,9,2,5,5,5,6,6,7,7,7,9,2,5,5,5,6,6,7,8,8,9 nz=61,20,38,61,90,71,36,91,83,1,30,10,12,26,11,27,4,1,2,0,28,5,8,19,7,14,1,0,0,0 sel=00000000000000000000000000000000000000000000000000000000000000000000000000000000000000000000000000000000000000000000000000000000000000000000000000000000000000000000000000000000000000000000000000000000000000000000000000000000000000000000000000000000000000000000000000000000000000000000000000000000000000000000000000000000000000000000000000000000000000000000000000000000000000000000000000000000000000000000000000000000000000000000000000000000000000000000000000000000000000000000000000000000000000000000000000000000 hash=493866915
EPLAN 1 48 modes=32562303 pc=0 pp=-1 pb=-1 selon=0 prof=0 Q=8 ns=12 k=0 shifts=2,5,5,5,6,6,7,8,8,9,2,5,5,5,6,6,7,8,8,9,2,5,5,5,6,6,7,8,8,9 nz=56,38,45,87,86,105,59,47,46,1,29,12,18,26,15,24,2,0,0,0,20,9,13,14,8,11,0,0,0,0 sel=00000000000000000000000000000000000000000000000000000000000000000000000000000000000000000000000000000000000000000000000000000000000000000000000000000000000000000000000000000000000000000000000000000000000000000000000000000000000000000000000000000000000000000000000000000000000000000000000000000000000000000000000000000000000000000000000000000000000000000000000000000000000000000000000000000000000000000000000000000000000000000000000000000000000000000000000000000000000000000000000000000000000000000000000000000000 hash=2487415981
EPLAN 1 49 modes=0 pc=0 pp=-1 pb=-1 selon=0 prof=0 Q=7 ns=1 k=0 shifts=2,4,4,4,6,6,7,7,7,8,2,4,4,5,6,6,7,7,7,8,2,4,4,5,6,6,7,7,7,8 nz=80,56,72,132,52,74,22,55,80,8,40,24,27,30,7,16,1,1,5,0,39,23,20,21,2,21,0,0,7,0 sel=00000000000000000000000000000000000000000000000000000000000000000000000000000000000000000000000000000000000000000000000000000000000000000000000000000000000000000000000000000000000000000000000000000000000000000000000000000000000000000000000000000000000000000000000000000000000000000000000000000000000000000000000000000000000000000000000000000000000000000000000000000000000000000000000000000000000000000000000000000000000000000000000000000000000000000000000000000000000000000000000000000000000000000000000000000000 hash=1796622005
EPLAN 1 50 modes=32521535 pc=0 pp=-1 pb=-1 selon=0 prof=0 Q=8 ns=12 k=0 shifts=2,5,5,5,6,6,7,8,8,9,2,5,5,5,6,6,7,8,8,9,2,5,5,5,6,6,7,8,8,9 nz=61,25,43,77,101,80,43,58,45,6,33,19,17,24,13,15,6,0,0,0,25,10,9,11,7,12,1,3,0,0 sel=00000000000000000000000000000000000000000000000000000000000000000000000000000000000000000000000000000000000000000000000000000000000000000000000000000000000000000000000000000000000000000000000000000000000000000000000000000000000000000000000000000000000000000000000000000000000000000000000000000000000000000000000000000000000000000000000000000000000000000000000000000000000000000000000000000000000000000000000000000000000000000000000000000000000000000000000000000000000000000000000000000000000000000000000000000000 hash=2139220741
EPLAN 1 51 modes=66109439 pc=1 pp=0 pb=3 selon=0 prof=0 Q=7 ns=0 k=1 shifts=2,4,4,5,6,6,7,7,7,8,2,4,4,5,6,6,7,7,7,8,2,4,4,5,6,6,7,7,7,8 nz=58,39,50,99,47,32,21,61,63,33,29,19,24,19,11,12,3,0,1,0,25,22,13,12,3,7,2,2,7,0 sel=00000000000000000000000000000000000000000000000000000000000000000000000000000000000000000000000000000000000000000000000000000000000000000000000000000000000000000000000000000000000000000000000000000000000000000000000000000000000000000000000000000000000000000000000000000000000000000000000000000000000000000000000000000000000000000000000000000000000000000000000000000000000000000000000000000000000000000000000000000000000000000000000000000000000000000000000000000000000000000000000000000000000000000000000000000000 hash=891389339
EPLAN 1 52 modes=40902655 pc=0 pp=-1 pb=-1 selon=0 prof=0 Q=8 ns=18 k=0 shifts=2,5,5,5,6,6,7,7,7,9,2,5,5,5,6,6,7,7,7,9,2,5,5,5,6,6,7,7,7,9 nz=52,34,42,57,75,93,45,129,140,6,32,12,14,19,8,17,0,0,6,0,30,11,7,16,6,13,2,0,7,0 sel=00000000000000000000000000000000000000000000000000000000000000000000000000000000000000000000000000000000000000000000000000000000000000000000000000000000000000000000000000000000000000000000000000000000000000000000000000000000000000000000000000000000000000000000000000000000000000000000000000000000000000000000000000000000000000000000000000000000000000000000000000000000000000000000000000000000000000000000000000000000000000000000000000000000000000000000000000000000000000000000000000000000000000000000000000000000 hash=2318936641
EPLAN 1 53 modes=66084351 pc=0 pp=-1 pb=-1 selon=0 prof=0 Q=8 ns=13 k=0 shifts=2,5,5,5,6,6,7,7,8,9,2,5,5,5,6,6,7,8,8,9,2,5,5,5,6,6,7,8,8,9 nz=58,32,52,60,97,76,47,153,38,7,32,14,12,18,14,14,1,0,0,0,24,8,6,12,12,10,2,0,0,0 sel=00000000000000000000000000000000000000000000000000000000000000000000000000000000000000000000000000000000000000000000000000000000000000000000000000000000000000000000000000000000000000000000000000000000000000000000000000000000000000000000000000000000000000000000000000000000000000000000000000000000000000000000000000000000000000000000000000000000000000000000000000000000000000000000000000000000000000000000000000000000000000000000000000000000000000000000000000000000000000000000000000000000000000000000000000000000 hash=135985037
EPLAN 1 54 modes=66067967 pc=0 pp=-1 pb=-1 selon=0 prof=0 Q=8 ns=18 k=0 shifts=2,5,5,5,6,6,7,7,7,9,2,5,5,5,6,6,7,7,7,9,2,5,5,5,6,6,7,7,7,9 nz=61,21,27,48,68,59,41,112,104,1,27,10,10,21,10,13,1,0,0,0,30,6,2,7,4,5,0,2,2,0 sel=00000000000000000000000000000000000000000000000000000000000000000000000000000000000000000000000000000000000000000000000000000000000000000000000000000000000000000000000000000000000000000000000000000000000000000000000000000000000000000000000000000000000000000000000000000000000000000000000000000000000000000000000000000000000000000000000000000000000000000000000000000000000000000000000000000000000000000000000000000000000000000000000000000000000000000000000000000000000000000000000000000000000000000000000000000000 hash=203280119
EPLAN 1 55 modes=32570879 pc=0 pp=-1 pb=-1 selon=0 prof=0 Q=8 ns=17 k=0 shifts=2,5,5,5,6,6,7,7,7,9,2,5,5,5,6,6,7,7,7,9,2,5,5,5,6,6,7,7,8,9 nz=57,31,34,73,79,84,56,156,144,0,30,8,11,29,11,20,1,2,1,0,27,10,6,14,11,14,2,5,0,0 sel=00000000000000000000000000000000000000000000000000000000000000000000000000000000000000000000000000000000000000000000000000000000000000000000000000000000000000000000000000000000000000000000000000000000000000000000000000000000000000000000000000000000000000000000000000000000000000000000000000000000000000000000000000000000000000000000000000000000000000000000000000000000000000000000000000000000000000000000000000000000000000000000000000000000000000000000000000000000000000000000000000000000000000000000000000000000 hash=3372703662
EPLAN 1 56 modes=49299199 pc=0 pp=-1 pb=-1 selon=0 prof=0 Q=8 ns=18 k=0 shifts=2,5,5,5,6,6,7,7,7,9,2,5,5,5,6,6,7,7,7,9,2,5,5,5,6,6,7,7,7,9 nz=57,20,28,53,59,48,36,145,88,1,27,8,8,14,13,22,2,0,0,0,23,9,7,16,4,13,1,0,6,0 sel=00000000000000000000000000000000000000000000000000000000000000000000000000000000000000000000000000000000000000000000000000000000000000000000000000000000000000000000000000000000000000000000000000000000000000000000000000000000000000000000000000000000000000000000000000000000000000000000000000000000000000000000000000000000000000000000000000000000000000000000000000000000000000000000000000000000000000000000000000000000000000000000000000000000000000000000000000000000000000000000000000000000000000000000000000000000 hash=455964791
EPLAN 1 57 modes=0 pc=0 pp=-1 pb=-1 selon=0 prof=0 Q=8 ns=5 k=0 shifts=2,5,5,5,6,6,8,8,8,9,2,5,5,5,7,7,8,8,8,9,2,5,5,5,7,7,8,8,8,9 nz=80,39,53,80,145,72,17,28,16,0,40,15,14,12,1,1,0,0,0,0,39,12,11,14,2,2,0,0,0,0 sel=00000000000000000000000000000000000000000000000000000000000000000000000000000000000000000000000000000000000000000000000000000000000000000000000000000000000000000000000000000000000000000000000000000000000000000000000000000000000000000000000000000000000000000000000000000000000000000000000000000000000000000000000000000000000000000000000000000000000000000000000000000000000000000000000000000000000000000000000000000000000000000000000000000000000000000000000000000000000000000000000000000000000000000000000000000000 hash=3883432226
EPLAN 1 58 modes=32513407 pc=0 pp=-1 pb=-1 selon=0 prof=0 Q=8 ns=21 k=0 shifts=2,5,5,5,6,6,7,7,7,8,2,5,5,5,6,6,7,7,7,8,2,5,5,5,6,6,7,7,7,8 nz=54,13,26,49,75,68,40,149,81,8,26,14,4,17,16,9,2,0,0,0,24,9,7,22,12,6,2,4,7,0 sel=00000000000000000000000000000000000000000000000000000000000000000000000000000000000000000000000000000000000000000000000000000000000000000000000000000000000000000000000000000000000000000000000000000000000000000000000000000000000000000000000000000000000000000000000000000000000000000000000000000000000000000000000000000000000000000000000000000000000000000000000000000000000000000000000000000000000000000000000000000000000000000000000000000000000000000000000000000000000000000000000000000000000000000000000000000000 hash=3682504890
EPLAN 1 59 modes=57687551 pc=0 pp=-1 pb=-1 selon=0 prof=0 Q=8 ns=22 k=0 shifts=2,5,5,4,6,6,7,7,7,8,2,5,5,5,6,6,7,7,7,8,2,5,5,5,6,6,7,7,7,8 nz=58,22,24,109,65,35,24,127,60,20,27,9,10,21,18,13,1,0,0,0,27,8,3,18,6,4,0,0,0,0 sel=00000000000000000000000000000000000000000000000000000000000000000000000000000000000000000000000000000000000000000000000000000000000000000000000000000000000000000000000000000000000000000000000000000000000000000000000000000000000000000000000000000000000000000000000000000000000000000000000000000000000000000000000000000000000000000000000000000000000000000000000000000000000000000000000000000000000000000000000000000000000000000000000000000000000000000000000000000000000000000000000000000000000000000000000000000000 hash=698637502
EPLAN 1 60 modes=24141311 pc=0 pp=-1 pb=-1 selon=0 prof=0 Q=8 ns=18 k=0 shifts=2,5,5,5,6,6,7,7,7,9,2,5,5,5,6,6,7,7,7,9,2,5,5,5,6,6,7,7,7,9 nz=61,19,34,62,57,62,38,109,84,0,33,5,14,20,12,13,3,0,2,0,33,9,4,17,8,8,0,1,3,0 sel=00000000000000000000000000000000000000000000000000000000000000000000000000000000000000000000000000000000000000000000000000000000000000000000000000000000000000000000000000000000000000000000000000000000000000000000000000000000000000000000000000000000000000000000000000000000000000000000000000000000000000000000000000000000000000000000000000000000000000000000000000000000000000000000000000000000000000000000000000000000000000000000000000000000000000000000000000000000000000000000000000000000000000000000000000000000 hash=2723187162
EPLAN 1 61 modes=24149247 pc=0 pp=-1 pb=-1 selon=0 prof=0 Q=8 ns=13 k=0 shifts=2,5,5,5,6,6,7,7,8,9,2,5,5,5,6,6,7,8,8,9,2,5,5,5,6,6,7,8,8,9 nz=66,22,26,66,85,42,49,114,28,1,31,5,9,17,10,9,2,0,0,0,25,7,5,17,10,12,2,0,0,0 sel=00000000000000000000000000000000000000000000000000000000000000000000000000000000000000000000000000000000000000000000000000000000000000000000000000000000000000000000000000000000000000000000000000000000000000000000000000000000000000000000000000000000000000000000000000000000000000000000000000000000000000000000000000000000000000000000000000000000000000000000000000000000000000000000000000000000000000000000000000000000000000000000000000000000000000000000000000000000000000000000000000000000000000000000000000000000 hash=3957506324
EPLAN 1 62 modes=49291263 pc=0 pp=-1 pb=-1 selon=0 prof=0 Q=7 ns=6 k=0 shifts=2,4,4,4,5,5,7,7,7,8,2,4,4,4,5,6,7,7,7,8,2,4,4,4,6,6,7,7,7,8 nz=59,37,44,82,160,71,6,18,23,1,31,15,18,39,35,16,1,0,1,0,30,15,11,27,1,6,0,0,1,0 sel=00000000000000000000000000000000000000000000000000000000000000000000000000000000000000000000000000000000000000000000000000000000000000000000000000000000000000000000000000000000000000000000000000000000000000000000000000000000000000000000000000000000000000000000000000000000000000000000000000000000000000000000000000000000000000000000000000000000000000000000000000000000000000000000000000000000000000000000000000000000000000000000000000000000000000000000000000000000000000000000000000000000000000000000000000000000 hash=1059907653
EPLAN 1 63 modes=15748607 pc=0 pp=-1 pb=-1 selon=0 prof=0 Q=7 ns=4 k=0 shifts=2,4,4,4,5,5,7,7,7,8,2,4,4,4,6,6,7,7,7,8,2,4,4,5,6,6,7,7,7,8 nz=53,27,42,96,133,69,11,32,55,3,31,13,23,39,6,13,1,0,0,0,30,16,16,10,2,7,0,0,0,0 sel=00000000000000000000000000000000000000000000000000000000000000000000000000000000000000000000000000000000000000000000000000000000000000000000000000000000000000000000000000000000000000000000000000000000000000000000000000000000000000000000000000000000000000000000000000000000000000000000000000000000000000000000000000000000000000000000000000000000000000000000000000000000000000000000000000000000000000000000000000000000000000000000000000000000000000000000000000000000000000000000000000000000000000000000000000000000 hash=816187993
EPLAN 1 64 modes=24124927 pc=0 pp=-1 pb=-1 selon=0 prof=0 Q=7 ns=1 k=0 shifts=2,4,4,4,6,6,7,7,7,8,2,4,4,5,6,6,7,7,7,8,2,4,4,5,6,6,7,7,7,8 nz=57,49,50,100,47,35,27,51,46,14,24,24,16,13,9,21,2,0,1,0,33,13,15,5,4,6,2,0,2,0 sel=00000000000000000000000000000000000000000000000000000000000000000000000000000000000000000000000000000000000000000000000000000000000000000000000000000000000000000000000000000000000000000000000000000000000000000000000000000000000000000000000000000000000000000000000000000000000000000000000000000000000000000000000000000000000000000000000000000000000000000000000000000000000000000000000000000000000000000000000000000000000000000000000000000000000000000000000000000000000000000000000000000000000000000000000000000000 hash=3146487531
EPLAN 1 65 modes=0 pc=0 pp=-1 pb=-1 selon=0 prof=0 Q=8 ns=13 k=0 shifts=2,5,5,5,6,6,7,7,8,9,2,5,5,5,6,6,7,8,8,9,2,5,5,5,6,6,7,8,8,9 nz=80,41,44,72,99,66,37,73,12,0,40,14,10,16,5,13,0,0,0,0,38,11,10,15,2,7,1,0,0,0 sel=00000000000000000000000000000000000000000000000000000000000000000000000000000000000000000000000000000000000000000000000000000000000000000000000000000000000000000000000000000000000000000000000000000000000000000000000000000000000000000000000000000000000000000000000000000000000000000000000000000000000000000000000000000000000000000000000000000000000000000000000000000000000000000000000000000000000000000000000000000000000000000000000000000000000000000000000000000000000000000000000000000000000000000000000000000000 hash=345865098
EPLAN 1 66 modes=32521471 pc=0 pp=-1 pb=-1 selon=0 prof=0 Q=7 ns=2 k=0 shifts=2,4,4,4,5,6,7,7,7,8,2,4,4,5,6,6,7,7,7,8,2,4,4,5,6,6,7,7,7,8 nz=60,34,50,96,149,37,20,30,72,6,35,21,14,16,3,13,1,0,0,0,30,19,13,12,3,6,1,0,0,0 sel=00000000000000000000000000000000000000000000000000000000000000000000000000000000000000000000000000000000000000000000000000000000000000000000000000000000000000000000000000000000000000000000000000000000000000000000000000000000000000000000000000000000000000000000000000000000000000000000000000000000000000000000000000000000000000000000000000000000000000000000000000000000000000000000000000000000000000000000000000000000000000000000000000000000000000000000000000000000000000000000000000000000000000000000000000000000 hash=3813272524
EPLAN 1 67 modes=40934911 pc=0 pp=-1 pb=-1 selon=0 prof=0 Q=7 ns=1 k=0 shifts=2,4,4,4,6,6,7,7,7,8,2,4,4,5,6,6,7,7,7,8,2,4,4,5,6,6,7,7,7,8 nz=58,39,57,102,46,33,28,73,81,15,28,21,18,16,5,8,2,0,3,0,22,18,8,5,5,9,2,1,1,0 sel=00000000000000000000000000000000000000000000000000000000000000000000000000000000000000000000000000000000000000000000000000000000000000000000000000000000000000000000000000000000000000000000000000000000000000000000000000000000000000000000000000000000000000000000000000000000000000000000000000000000000000000000000000000000000000000000000000000000000000000000000000000000000000000000000000000000000000000000000000000000000000000000000000000000000000000000000000000000000000000000000000000000000000000000000000000000 hash=3868581586
EPLAN 1 68 modes=535887359 pc=0 pp=-1 pb=-1 selon=0 prof=0 Q=7 ns=5 k=0 shifts=2,4,4,4,5,5,7,7,7,8,2,4,4,4,6,6,7,7,7,8,2,4,4,4,6,6,7,7,7,8 nz=55,31,40,86,131,76,12,38,44,1,34,16,11,44,7,13,3,1,8,0,31,16,9,40,5,7,0,0,1,0 sel=00000000000000000000000000000000000000000000000000000000000000000000000000000000000000000000000000000000000000000000000000000000000000000000000000000000000000000000000000000000000000000000000000000000000000000000000000000000000000000000000000000000000000000000000000000000000000000000000000000000000000000000000000000000000000000000000000000000000000000000000000000000000000000000000000000000000000000000000000000000000000000000000000000000000000000000000000000000000000000000000000000000000000000000000000000000 hash=1646637848
EPLAN 1 69 modes=502464511 pc=0 pp=-1 pb=-1 selon=0 prof=0 Q=7 ns=3 k=0 shifts=2,4,4,4,5,5,7,7,7,8,2,4,4,5,6,6,7,7,7,8,2,4,4,5,6,6,7,7,7,8 nz=54,37,55,79,144,73,25,41,33,5,25,20,19,22,7,15,6,1,3,0,28,14,16,10,8,5,0,0,5,0 sel=00000000000000000000000000000000000000000000000000000000000000000000000000000000000000000000000000000000000000000000000000000000000000000000000000000000000000000000000000000000000000000000000000000000000000000000000000000000000000000000000000000000000000000000000000000000000000000000000000000000000000000000000000000000000000000000000000000000000000000000000000000000000000000000000000000000000000000000000000000000000000000000000000000000000000000000000000000000000000000000000000000000000000000000000000000000 hash=2408488601
EPLAN 1 70 modes=401669631 pc=0 pp=-1 pb=-1 selon=0 prof=0 Q=7 ns=1 k=0 shifts=2,4,4,4,6,6,7,7,7,8,2,4,4,5,6,6,7,7,7,8,2,4,4,5,6,6,7,7,7,8 nz=50,43,59,108,47,44,37,58,61,1,27,22,18,27,14,12,7,0,9,0,25,11,13,12,10,9,3,2,10,0 sel=00000000000000000000000000000000000000000000000000000000000000000000000000000000000000000000000000000000000000000000000000000000000000000000000000000000000000000000000000000000000000000000000000000000000000000000000000000000000000000000000000000000000000000000000000000000000000000000000000000000000000000000000000000000000000000000000000000000000000000000000000000000000000000000000000000000000000000000000000000000000000000000000000000000000000000000000000000000000000000000000000000000000000000000000000000000 hash=95778290
EPLAN 1 71 modes=535887359 pc=0 pp=-1 pb=-1 selon=0 prof=0 Q=7 ns=2 k=0 shifts=2,4,4,4,5,6,7,7,7,8,2,4,4,5,6,6,7,7,7,8,2,4,4,5,6,6,7,7,7,8 nz=52,39,42,89,137,36,29,56,39,4,36,16,21,15,7,19,3,3,8,0,29,11,16,17,9,17,9,6,13,1 sel=00000000000000000000000000000000000000000000000000000000000000000000000000000000000000000000000000000000000000000000000000000000000000000000000000000000000000000000000000000000000000000000000000000000000000000000000000000000000000000000000000000000000000000000000000000000000000000000000000000000000000000000000000000000000000000000000000000000000000000000000000000000000000000000000000000000000000000000000000000000000000000000000000000000000000000000000000000000000000000000000000000000000000000000000000000000 hash=3417133635
EPLAN 1 72 modes=401964287 pc=0 pp=-1 pb=-1 selon=0 prof=0 Q=7 ns=2 k=0 shifts=2,4,4,4,5,6,7,7,7,8,2,4,4,5,6,6,7,7,7,8,2,4,4,5,6,6,7,7,7,8 nz=62,37,43,87,146,24,11,70,28,0,24,15,18,19,12,31,3,3,15,0,26,18,15,20,3,10,2,5,20,0 sel=00000000000000000000000000000000000000000000000000000000000000000000000000000000000000000000000000000000000000000000000000000000000000000000000000000000000000000000000000000000000000000000000000000000000000000000000000000000000000000000000000000000000000000000000000000000000000000000000000000000000000000000000000000000000000000000000000000000000000000000000000000000000000000000000000000000000000000000000000000000000000000000000000000000000000000000000000000000000000000000000000000000000000000000000000000000 hash=3051529337
EPLAN 1 73 modes=0 pc=0 pp=-1 pb=-1 selon=0 prof=0 Q=8 ns=1 k=0 shifts=2,5,5,5,7,7,8,8,8,9,2,5,5,6,7,7,8,8,8,9,2,5,5,6,7,7,8,8,8,9 nz=80,40,47,73,72,38,29,51,5,0,38,16,15,13,3,10,2,0,2,0,38,15,14,16,4,5,0,0,1,0 sel=00000000000000000000000000000000000000000000000000000000000000000000000000000000000000000000000000000000000000000000000000000000000000000000000000000000000000000000000000000000000000000000000000000000000000000000000000000000000000000000000000000000000000000000000000000000000000000000000000000000000000000000000000000000000000000000000000000000000000000000000000000000000000000000000000000000000000000000000000000000000000000000000000000000000000000000000000000000000000000000000000000000000000000000000000000000 hash=1234169224
EPLAN 1 74 modes=200400127 pc=0 pp=-1 pb=-1 selon=0 prof=0 Q=8 ns=13 k=0 shifts=2,5,5,5,6,6,7,7,8,9,2,5,5,5,6,6,7,8,8,9,2,5,5,5,6,6,7,8,8,9 nz=55,19,27,48,114,68,56,137,3,0,31,4,9,33,15,23,7,0,1,0,28,4,7,20,7,12,7,0,0,0 sel=00000000000000000000000000000000000000000000000000000000000000000000000000000000000000000000000000000000000000000000000000000000000000000000000000000000000000000000000000000000000000000000000000000000000000000000000000000000000000000000000000000000000000000000000000000000000000000000000000000000000000000000000000000000000000000000000000000000000000000000000000000000000000000000000000000000000000000000000000000000000000000000000000000000000000000000000000000000000000000000000000000000000000000000000000000000 hash=2181257323
EPLAN 1 75 modes=32562687 pc=0 pp=-1 pb=-1 selon=0 prof=0 Q=8 ns=13 k=0 shifts=2,5,5,5,6,6,7,7,8,9,2,5,5,5,6,6,7,8,8,9,2,5,5,5,6,6,7,8,8,9 nz=56,21,31,54,128,80,51,169,8,0,29,4,9,26,15,20,3,0,0,0,30,4,3,15,9,17,1,0,0,0 sel=00000000000000000000000000000000000000000000000000000000000000000000000000000000000000000000000000000000000000000000000000000000000000000000000000000000000000000000000000000000000000000000000000000000000000000000000000000000000000000000000000000000000000000000000000000000000000000000000000000000000000000000000000000000000000000000000000000000000000000000000000000000000000000000000000000000000000000000000000000000000000000000000000000000000000000000000000000000000000000000000000000000000000000000000000000000 hash=4090400797
EPLAN 1 76 modes=49290751 pc=0 pp=-1 pb=-1 selon=0 prof=0 Q=8 ns=21 k=0 shifts=2,5,5,5,6,6,7,7,7,8,2,5,5,5,6,6,7,7,7,8,2,5,5,5,6,6,7,7,7,8 nz=53,27,23,60,117,88,74,193,90,13,30,7,9,25,10,13,1,0,0,0,29,4,5,14,8,5,0,0,2,0 sel=00000000000000000000000000000000000000000000000000000000000000000000000000000000000000000000000000000000000000000000000000000000000000000000000000000000000000000000000000000000000000000000000000000000000000000000000000000000000000000000000000000000000000000000000000000000000000000000000000000000000000000000000000000000000000000000000000000000000000000000000000000000000000000000000000000000000000000000000000000000000000000000000000000000000000000000000000000000000000000000000000000000000000000000000000000000 hash=2544066829
EPLAN 1 77 modes=49294847 pc=0 pp=-1 pb=-1 selon=0 prof=0 Q=8 ns=21 k=0 shifts=2,5,5,5,6,6,7,7,7,8,2,5,5,5,6,6,7,7,7,8,2,5,5,5,6,6,7,7,7,8 nz=49,34,44,86,125,103,73,205,120,12,27,9,8,17,10,11,1,0,1,0,24,5,10,8,3,2,0,2,0,0 sel=00000000000000000000000000000000000000000000000000000000000000000000000000000000000000000000000000000000000000000000000000000000000000000000000000000000000000000000000000000000000000000000000000000000000000000000000000000000000000000000000000000000000000000000000000000000000000000000000000000000000000000000000000000000000000000000000000000000000000000000000000000000000000000000000000000000000000000000000000000000000000000000000000000000000000000000000000000000000000000000000000000000000000000000000000000000 hash=4232702796
EPLAN 1 78 modes=15734271 pc=1 pp=0 pb=3 selon=0 prof=0 Q=8 ns=21 k=1 shifts=2,5,5,5,6,6,7,7,7,8,2,5,5,5,6,6,7,7,7,8,2,5,5,5,6,6,7,7,7,8 nz=60,24,28,100,118,88,81,225,130,14,26,3,5,11,7,8,1,0,0,0,29,5,7,6,2,4,0,0,1,0 sel=00000000000000000000000000000000000000000000000000000000000000000000000000000000000000000000000000000000000000000000000000000000000000000000000000000000000000000000000000000000000000000000000000000000000000000000000000000000000000000000000000000000000000000000000000000000000000000000000000000000000000000000000000000000000000000000000000000000000000000000000000000000000000000000000000000000000000000000000000000000000000000000000000000000000000000000000000000000000000000000000000000000000000000000000000000000 hash=3725802115
EPLAN 1 79 modes=15736831 pc=1 pp=0 pb=3 selon=0 prof=0 Q=8 ns=21 k=1 shifts=2,5,5,5,6,6,7,7,7,8,2,5,5,5,6,6,7,7,7,8,2,5,5,5,6,6,7,7,7,8 nz=65,21,26,88,128,95,85,234,140,19,33,6,3,6,5,11,2,0,1,0,26,5,3,5,6,4,0,0,0,0 sel=00000000000000000000000000000000000000000000000000000000000000000000000000000000000000000000000000000000000000000000000000000000000000000000000000000000000000000000000000000000000000000000000000000000000000000000000000000000000000000000000000000000000000000000000000000000000000000000000000000000000000000000000000000000000000000000000000000000000000000000000000000000000000000000000000000000000000000000000000000000000000000000000000000000000000000000000000000000000000000000000000000000000000000000000000000000 hash=3585708066
EPLAN 1 80 modes=7380479 pc=0 pp=-1 pb=-1 selon=0 prof=0 Q=8 ns=13 k=0 shifts=2,5,5,5,6,6,7,7,8,9,2,5,5,5,6,6,7,8,8,9,2,5,5,5,6,6,7,8,8,9 nz=53,30,37,65,134,101,87,273,32,0,30,10,3,11,10,6,1,0,0,0,23,2,2,6,3,2,0,0,0,0 sel=00000000000000000000000000000000000000000000000000000000000000000000000000000000000000000000000000000000000000000000000000000000000000000000000000000000000000000000000000000000000000000000000000000000000000000000000000000000000000000000000000000000000000000000000000000000000000000000000000000000000000000000000000000000000000000000000000000000000000000000000000000000000000000000000000000000000000000000000000000000000000000000000000000000000000000000000000000000000000000000000000000000000000000000000000000000 hash=3492473977
EPLAN 1 81 modes=0 pc=0 pp=-1 pb=-1 selon=0 prof=0 Q=9 ns=13 k=0 shifts=2,6,6,6,7,7,8,8,9,10,2,6,6,6,7,7,8,9,9,10,2,6,6,6,7,7,8,9,9,10 nz=80,45,45,77,117,93,60,88,0,0,36,5,3,5,0,0,0,0,0,0,39,5,3,2,0,0,0,0,0,0 sel=00000000000000000000000000000000000000000000000000000000000000000000000000000000000000000000000000000000000000000000000000000000000000000000000000000000000000000000000000000000000000000000000000000000000000000000000000000000000000000000000000000000000000000000000000000000000000000000000000000000000000000000000000000000000000000000000000000000000000000000000000000000000000000000000000000000000000000000000000000000000000000000000000000000000000000000000000000000000000000000000000000000000000000000000000000000 hash=560158996
EPLAN 1 82 modes=3149055 pc=0 pp=-1 pb=-1 selon=0 prof=0 Q=8 ns=13 k=0 shifts=2,5,5,5,6,6,7,7,8,9,2,5,5,5,6,6,7,8,8,9,2,5,5,5,6,6,7,8,8,9 nz=63,41,56,90,174,116,95,316,43,0,27,6,4,10,13,7,2,0,0,0,21,6,7,10,11,0,0,0,0,0 sel=00000000000000000000000000000000000000000000000000000000000000000000000000000000000000000000000000000000000000000000000000000000000000000000000000000000000000000000000000000000000000000000000000000000000000000000000000000000000000000000000000000000000000000000000000000000000000000000000000000000000000000000000000000000000000000000000000000000000000000000000000000000000000000000000000000000000000000000000000000000000000000000000000000000000000000000000000000000000000000000000000000000000000000000000000000000 hash=3115172018
EPLAN 1 83 modes=3198207 pc=0 pp=-1 pb=-1 selon=0 prof=0 Q=8 ns=13 k=0 shifts=2,5,5,5,6,6,7,7,8,9,2,5,5,5,6,6,7,8,8,9,2,5,5,5,6,6,7,8,8,9 nz=67,47,66,97,172,128,104,356,66,0,35,11,12,12,10,4,0,0,0,0,25,13,13,8,13,3,2,0,0,0 sel=00000000000000000000000000000000000000000000000000000000000000000000000000000000000000000000000000000000000000000000000000000000000000000000000000000000000000000000000000000000000000000000000000000000000000000000000000000000000000000000000000000000000000000000000000000000000000000000000000000000000000000000000000000000000000000000000000000000000000000000000000000000000000000000000000000000000000000000000000000000000000000000000000000000000000000000000000000000000000000000000000000000000000000000000000000000 hash=1255071916
EPLAN 1 84 modes=7347711 pc=0 pp=-1 pb=-1 selon=0 prof=0 Q=8 ns=13 k=0 shifts=2,5,5,5,6,6,7,7,8,9,2,5,5,5,6,6,7,8,8,9,2,5,5,5,6,6,7,8,8,9 nz=60,39,62,110,171,122,97,311,72,0,25,10,6,12,8,3,1,0,0,0,25,10,11,11,8,5,0,0,0,0 sel=00000000000000000000000000000000000000000000000000000000000000000000000000000000000000000000000000000000000000000000000000000000000000000000000000000000000000000000000000000000000000000000000000000000000000000000000000000000000000000000000000000000000000000000000000000000000000000000000000000000000000000000000000000000000000000000000000000000000000000000000000000000000000000000000000000000000000000000000000000000000000000000000000000000000000000000000000000000000000000000000000000000000000000000000000000000 hash=3318888900
EPLAN 1 85 modes=3149311 pc=0 pp=-1 pb=-1 selon=0 prof=0 Q=8 ns=13 k=0 shifts=2,5,5,5,6,6,7,7,8,9,2,5,5,5,6,6,7,8,8,9,2,5,5,5,6,6,7,8,8,9 nz=64,38,55,89,166,145,105,290,55,0,30,11,11,11,9,10,2,0,0,0,28,12,12,12,11,3,0,0,0,0 sel=00000000000000000000000000000000000000000000000000000000000000000000000000000000000000000000000000000000000000000000000000000000000000000000000000000000000000000000000000000000000000000000000000000000000000000000000000000000000000000000000000000000000000000000000000000000000000000000000000000000000000000000000000000000000000000000000000000000000000000000000000000000000000000000000000000000000000000000000000000000000000000000000000000000000000000000000000000000000000000000000000000000000000000000000000000000 hash=2438680233
EPLAN 1 86 modes=7343359 pc=0 pp=-1 pb=-1 selon=0 prof=0 Q=8 ns=13 k=0 shifts=2,5,5,5,6,6,7,7,8,9,2,5,5,5,6,6,7,8,8,9,2,5,5,5,6,6,7,8,8,9 nz=61,34,67,123,148,124,93,285,46,0,27,13,8,13,12,7,1,0,0,0,22,9,10,7,10,5,1,0,0,0 sel=00000000000000000000000000000000000000000000000000000000000000000000000000000000000000000000000000000000000000000000000000000000000000000000000000000000000000000000000000000000000000000000000000000000000000000000000000000000000000000000000000000000000000000000000000000000000000000000000000000000000000000000000000000000000000000000000000000000000000000000000000000000000000000000000000000000000000000000000000000000000000000000000000000000000000000000000000000000000000000000000000000000000000000000000000000000 hash=77614841
EPLAN 1 87 modes=15740159 pc=0 pp=-1 pb=-1 selon=0 prof=0 Q=8 ns=13 k=0 shifts=2,5,5,5,6,6,7,7,8,9,2,5,5,5,6,6,7,8,8,9,2,5,5,5,6,6,7,8,8,9 nz=55,42,60,110,146,129,76,229,43,0,30,6,9,16,2,12,4,0,0,0,24,9,10,9,11,5,0,0,0,0 sel=00000000000000000000000000000000000000000000000000000000000000000000000000000000000000000000000000000000000000000000000000000000000000000000000000000000000000000000000000000000000000000000000000000000000000000000000000000000000000000000000000000000000000000000000000000000000000000000000000000000000000000000000000000000000000000000000000000000000000000000000000000000000000000000000000000000000000000000000000000000000000000000000000000000000000000000000000000000000000000000000000000000000000000000000000000000 hash=658445714
EPLAN 1 88 modes=7380223 pc=0 pp=-1 pb=-1 selon=0 prof=0 Q=8 ns=13 k=0 shifts=2,5,5,5,6,6,7,7,8,9,2,5,5,5,6,6,7,8,8,9,2,5,5,5,6,6,7,8,8,9 nz=58,31,42,91,128,107,59,195,33,0,31,5,4,14,7,11,3,0,0,0,25,3,5,11,8,4,0,0,0,0 sel=00000000000000000000000000000000000000000000000000000000000000000000000000000000000000000000000000000000000000000000000000000000000000000000000000000000000000000000000000000000000000000000000000000000000000000000000000000000000000000000000000000000000000000000000000000000000000000000000000000000000000000000000000000000000000000000000000000000000000000000000000000000000000000000000000000000000000000000000000000000000000000000000000000000000000000000000000000000000000000000000000000000000000000000000000000000 hash=278692700
EPLAN 1 89 modes=0 pc=0 pp=-1 pb=-1 selon=0 prof=0 Q=8 ns=1 k=0 shifts=2,5,5,5,7,7,8,8,8,9,2,5,5,6,7,7,8,8,8,9,2,5,5,6,7,7,8,8,8,9 nz=80,54,80,120,103,81,18,54,33,0,40,6,5,8,1,0,0,0,0,0,39,15,6,6,1,0,0,0,0,0 sel=00000000000000000000000000000000000000000000000000000000000000000000000000000000000000000000000000000000000000000000000000000000000000000000000000000000000000000000000000000000000000000000000000000000000000000000000000000000000000000000000000000000000000000000000000000000000000000000000000000000000000000000000000000000000000000000000000000000000000000000000000000000000000000000000000000000000000000000000000000000000000000000000000000000000000000000000000000000000000000000000000000000000000000000000000000000 hash=4076381259
EPLAN 2 0 modes=24124927 pc=0 pp=-1 pb=-1 selon=0 prof=0 Q=7 ns=11 k=0 shifts=2,4,4,4,5,5,6,7,7,8,2,4,4,4,5,5,6,7,7,8,2,4,4,4,5,5,7,7,7,8 nz=54,29,33,85,54,70,35,9,7,0,29,18,11,30,17,31,35,0,0,0,24,20,5,14,14,12,0,0,0,0 sel=00000000000000000000000000000000000000000000000000000000000000000000000000000000000000000000000000000000000000000000000000000000000000000000000000000000000000000000000000000000000000000000000000000000000000000000000000000000000000000000000000000000000000000000000000000000000000000000000000000000000000000000000000000000000000000000000000000000000000000000000000000000000000000000000000000000000000000000000000000000000000000000000000000000000000000000000000000000000000000000000000000000000000000000000000000000 hash=2700527420
EPLAN 2 1 modes=7347583 pc=0 pp=-1 pb=-1 selon=0 prof=0 Q=7 ns=12 k=0 shifts=2,4,4,4,5,5,6,7,7,8,2,4,4,4,5,5,6,7,7,8,2,4,4,4,5,5,6,7,7,8 nz=50,28,44,86,32,49,31,0,4,0,31,15,22,31,15,26,39,0,0,0,23,12,3,17,12,22,20,0,0,0 sel=00000000000000000000000000000000000000000000000000000000000000000000000000000000000000000000000000000000000000000000000000000000000000000000000000000000000000000000000000000000000000000000000000000000000000000000000000000000000000000000000000000000000000000000000000000000000000000000000000000000000000000000000000000000000000000000000000000000000000000000000000000000000000000000000000000000000000000000000000000000000000000000000000000000000000000000000000000000000000000000000000000000000000000000000000000000 hash=2241968925
EPLAN 2 2 modes=0 pc=0 pp=-1 pb=-1 selon=0 prof=0 Q=7 ns=14 k=0 shifts=2,4,4,4,5,5,6,6,6,8,2,4,4,4,5,5,6,7,7,8,2,4,4,4,5,5,6,7,7,8 nz=80,61,79,133,68,125,45,40,88,0,36,22,15,34,23,44,37,0,0,0,40,22,11,22,4,15,25,0,1,0 sel=00000000000000000000000000000000000000000000000000000000000000000000000000000000000000000000000000000000000000000000000000000000000000000000000000000000000000000000000000000000000000000000000000000000000000000000000000000000000000000000000000000000000000000000000000000000000000000000000000000000000000000000000000000000000000000000000000000000000000000000000000000000000000000000000000000000000000000000000000000000000000000000000000000000000000000000000000000000000000000000000000000000000000000000000000000000 hash=3504338457
EPLAN 2 3 modes=7347711 pc=0 pp=-1 pb=-1 selon=0 prof=0 Q=7 ns=11 k=0 shifts=2,4,4,4,5,5,6,7,7,8,2,4,4,4,5,5,6,7,7,8,2,4,4,4,5,5,7,7,7,8 nz=55,19,33,76,47,60,41,2,11,0,32,11,12,24,22,21,36,0,0,0,24,15,4,13,6,11,0,0,0,0 sel=00000000000000000000000000000000000000000000000000000000000000000000000000000000000000000000000000000000000000000000000000000000000000000000000000000000000000000000000000000000000000000000000000000000000000000000000000000000000000000000000000000000000000000000000000000000000000000000000000000000000000000000000000000000000000000000000000000000000000000000000000000000000000000000000000000000000000000000000000000000000000000000000000000000000000000000000000000000000000000000000000000000000000000000000000000000 hash=284483516
EPLAN 2 4 modes=7347583 pc=0 pp=-1 pb=-1 selon=0 prof=0 Q=7 ns=11 k=0 shifts=2,4,4,4,5,5,6,7,7,8,2,4,4,4,5,5,6,7,7,8,2,4,4,4,5,5,7,7,7,8 nz=53,22,33,67,69,60,21,0,3,0,30,15,11,31,26,33,27,0,1,0,27,14,5,20,9,16,0,0,0,0 sel=00000000000000000000000000000000000000000000000000000000000000000000000000000000000000000000000000000000000000000000000000000000000000000000000000000000000000000000000000000000000000000000000000000000000000000000000000000000000000000000000000000000000000000000000000000000000000000000000000000000000000000000000000000000000000000000000000000000000000000000000000000000000000000000000000000000000000000000000000000000000000000000000000000000000000000000000000000000000000000000000000000000000000000000000000000000 hash=3958128082
EPLAN 2 5 modes=19926527 pc=0 pp=-1 pb=-1 selon=0 prof=0 Q=7 ns=10 k=0 shifts=2,4,4,4,5,5,6,7,7,8,2,4,4,4,5,5,7,7,7,8,2,4,4,4,5,5,7,7,7,8 nz=51,22,26,71,100,46,35,14,5,0,32,23,12,36,18,38,1,0,0,0,24,14,5,21,12,14,0,0,0,0 sel=00000000000000000000000000000000000000000000000000000000000000000000000000000000000000000000000000000000000000000000000000000000000000000000000000000000000000000000000000000000000000000000000000000000000000000000000000000000000000000000000000000000000000000000000000000000000000000000000000000000000000000000000000000000000000000000000000000000000000000000000000000000000000000000000000000000000000000000000000000000000000000000000000000000000000000000000000000000000000000000000000000000000000000000000000000000 hash=184159602
EPLAN 2 6 modes=3147263 pc=0 pp=-1 pb=-1 selon=0 prof=0 Q=7 ns=11 k=0 shifts=2,4,4,4,5,5,6,7,7,8,2,4,4,4,5,5,6,7,7,8,2,4,4,4,5,5,7,7,7,8 nz=49,26,45,85,95,51,15,3,1,0,27,21,7,28,18,28,35,0,0,0,29,14,4,25,11,13,0,0,0,0 sel=00000000000000000000000000000000000000000000000000000000000000000000000000000000000000000000000000000000000000000000000000000000000000000000000000000000000000000000000000000000000000000000000000000000000000000000000000000000000000000000000000000000000000000000000000000000000000000000000000000000000000000000000000000000000000000000000000000000000000000000000000000000000000000000000000000000000000000000000000000000000000000000000000000000000000000000000000000000000000000000000000000000000000000000000000000000 hash=3212733816
EPLAN 2 7 modes=7343615 pc=0 pp=-1 pb=-1 selon=0 prof=0 Q=7 ns=10 k=0 shifts=2,4,4,4,5,5,6,7,7,8,2,4,4,4,5,5,7,7,7,8,2,4,4,4,5,5,7,7,7,8 nz=54,27,32,76,93,44,11,29,6,0,31,16,8,31,32,30,2,0,1,0,29,14,6,19,11,11,0,0,0,0 sel=00000000000000000000000000000000000000000000000000000000000000000000000000000000000000000000000000000000000000000000000000000000000000000000000000000000000000000000000000000000000000000000000000000000000000000000000000000000000000000000000000000000000000000000000000000000000000000000000000000000000000000000000000000000000000000000000000000000000000000000000000000000000000000000000000000000000000000000000000000000000000000000000000000000000000000000000000000000000000000000000000000000000000000000000000000000 hash=3104372573
EPLAN 2 8 modes=3149183 pc=0 pp=-1 pb=-1 selon=0 prof=0 Q=7 ns=10 k=0 shifts=2,4,4,4,5,5,6,7,7,8,2,4,4,4,5,5,7,7,7,8,2,4,4,4,5,5,7,7,7,8 nz=59,31,34,77,80,45,23,14,3,0,28,14,4,36,19,46,0,0,1,0,29,14,7,18,8,15,0,0,0,0 sel=00000000000000000000000000000000000000000000000000000000000000000000000000000000000000000000000000000000000000000000000000000000000000000000000000000000000000000000000000000000000000000000000000000000000000000000000000000000000000000000000000000000000000000000000000000000000000000000000000000000000000000000000000000000000000000000000000000000000000000000000000000000000000000000000000000000000000000000000000000000000000000000000000000000000000000000000000000000000000000000000000000000000000000000000000000000 hash=1133354135
EPLAN 2 9 modes=7343295 pc=0 pp=-1 pb=-1 selon=0 prof=0 Q=7 ns=12 k=0 shifts=2,4,4,4,5,5,6,7,7,8,2,4,4,4,5,5,6,7,7,8,2,4,4,4,5,5,6,7,7,8 nz=50,27,36,78,67,42,18,15,2,0,27,17,11,29,22,35,39,0,1,0,29,16,4,23,12,23,20,0,0,0 sel=00000000000000000000000000000000000000000000000000000000000000000000000000000000000000000000000000000000000000000000000000000000000000000000000000000000000000000000000000000000000000000000000000000000000000000000000000000000000000000000000000000000000000000000000000000000000000000000000000000000000000000000000000000000000000000000000000000000000000000000000000000000000000000000000000000000000000000000000000000000000000000000000000000000000000000000000000000000000000000000000000000000000000000000000000000000 hash=2736814517
EPLAN 2 10 modes=0 pc=0 pp=-1 pb=-1 selon=0 prof=0 Q=7 ns=15 k=0 shifts=2,4,4,4,5,5,6,6,6,8,2,4,4,4,5,5,6,6,7,8,2,4,4,4,5,5,6,7,7,8 nz=80,52,57,99,196,62,33,171,34,0,37,18,9,22,32,28,38,7,0,0,38,21,8,21,7,20,20,0,0,0 sel=00000000000000000000000000000000000000000000000000000000000000000000000000000000000000000000000000000000000000000000000000000000000000000000000000000000000000000000000000000000000000000000000000000000000000000000000000000000000000000000000000000000000000000000000000000000000000000000000000000000000000000000000000000000000000000000000000000000000000000000000000000000000000000000000000000000000000000000000000000000000000000000000000000000000000000000000000000000000000000000000000000000000000000000000000000000 hash=3731807387
EPLAN 2 11 modes=3214847 pc=0 pp=-1 pb=-1 selon=0 prof=0 Q=7 ns=11 k=0 shifts=2,4,4,4,5,5,6,7,7,8,2,4,4,4,5,5,6,7,7,8,2,4,4,4,5,5,7,7,7,8 nz=58,22,37,57,112,42,22,25,2,0,27,18,7,24,24,28,24,0,0,0,30,12,5,11,7,16,0,0,0,0 sel=00000000000000000000000000000000000000000000000000000000000000000000000000000000000000000000000000000000000000000000000000000000000000000000000000000000000000000000000000000000000000000000000000000000000000000000000000000000000000000000000000000000000000000000000000000000000000000000000000000000000000000000000000000000000000000000000000000000000000000000000000000000000000000000000000000000000000000000000000000000000000000000000000000000000000000000000000000000000000000000000000000000000000000000000000000000 hash=1262335718
EPLAN 2 12 modes=7347711 pc=0 pp=-1 pb=-1 selon=0 prof=0 Q=7 ns=9 k=0 shifts=2,4,4,4,5,5,7,7,7,8,2,4,4,4,5,5,7,7,7,8,2,4,4,4,5,5,7,7,7,8 nz=55,15,32,63,102,40,7,13,3,0,32,16,11,25,18,35,0,0,0,0,31,16,9,36,14,17,0,0,0,0 sel=00000000000000000000000000000000000000000000000000000000000000000000000000000000000000000000000000000000000000000000000000000000000000000000000000000000000000000000000000000000000000000000000000000000000000000000000000000000000000000000000000000000000000000000000000000000000000000000000000000000000000000000000000000000000000000000000000000000000000000000000000000000000000000000000000000000000000000000000000000000000000000000000000000000000000000000000000000000000000000000000000000000000000000000000000000000 hash=3697229656
EPLAN 2 13 modes=7347711 pc=0 pp=-1 pb=-1 selon=0 prof=0 Q=7 ns=8 k=0 shifts=2,4,4,4,5,5,7,7,7,8,2,4,4,4,5,5,7,7,7,8,2,4,4,4,5,6,7,7,7,8 nz=50,28,39,77,73,56,10,17,11,0,31,21,11,28,22,37,1,0,0,0,27,18,8,25,12,7,1,0,0,0 sel=00000000000000000000000000000000000000000000000000000000000000000000000000000000000000000000000000000000000000000000000000000000000000000000000000000000000000000000000000000000000000000000000000000000000000000000000000000000000000000000000000000000000000000000000000000000000000000000000000000000000000000000000000000000000000000000000000000000000000000000000000000000000000000000000000000000000000000000000000000000000000000000000000000000000000000000000000000000000000000000000000000000000000000000000000000000 hash=478423810
EPLAN 2 14 modes=3149311 pc=0 pp=-1 pb=-1 selon=0 prof=0 Q=7 ns=12 k=0 shifts=2,4,4,4,5,5,6,7,7,8,2,4,4,4,5,5,6,7,7,8,2,4,4,4,5,5,6,7,7,8 nz=50,21,21,40,56,41,22,2,7,0,26,22,8,18,19,33,35,0,0,0,30,13,7,23,15,23,13,0,0,0 sel=00000000000000000000000000000000000000000000000000000000000000000000000000000000000000000000000000000000000000000000000000000000000000000000000000000000000000000000000000000000000000000000000000000000000000000000000000000000000000000000000000000000000000000000000000000000000000000000000000000000000000000000000000000000000000000000000000000000000000000000000000000000000000000000000000000000000000000000000000000000000000000000000000000000000000000000000000000000000000000000000000000000000000000000000000000000 hash=76593403
EPLAN 2 15 modes=3153407 pc=0 pp=-1 pb=-1 selon=0 prof=0 Q=7 ns=8 k=0 shifts=2,4,4,4,5,5,7,7,7,8,2,4,4,4,5,5,7,7,7,8,2,4,4,4,5,6,7,7,7,8 nz=60,22,26,79,73,78,17,18,26,2,28,14,12,23,21,35,0,0,1,0,19,13,6,22,13,7,0,0,0,0 sel=00000000000000000000000000000000000000000000000000000000000000000000000000000000000000000000000000000000000000000000000000000000000000000000000000000000000000000000000000000000000000000000000000000000000000000000000000000000000000000000000000000000000000000000000000000000000000000000000000000000000000000000000000000000000000000000000000000000000000000000000000000000000000000000000000000000000000000000000000000000000000000000000000000000000000000000000000000000000000000000000000000000000000000000000000000000 hash=1075206004
EPLAN 2 16 modes=5250495 pc=0 pp=-1 pb=-1 selon=0 prof=0 Q=7 ns=12 k=0 shifts=2,4,4,4,5,5,6,7,7,8,2,4,4,4,5,5,6,7,7,8,2,4,4,4,5,5,6,7,7,8 nz=47,23,22,55,32,47,26,9,7,0,27,16,6,32,17,35,43,0,0,0,29,14,11,26,19,32,16,0,0,0 sel=00000000000000000000000000000000000000000000000000000000000000000000000000000000000000000000000000000000000000000000000000000000000000000000000000000000000000000000000000000000000000000000000000000000000000000000000000000000000000000000000000000000000000000000000000000000000000000000000000000000000000000000000000000000000000000000000000000000000000000000000000000000000000000000000000000000000000000000000000000000000000000000000000000000000000000000000000000000000000000000000000000000000000000000000000000000 hash=1734775952
EPLAN 2 17 modes=32529919 pc=0 pp=-1 pb=-1 selon=0 prof=0 Q=7 ns=1 k=0 shifts=2,4,4,4,6,6,7,7,7,8,2,4,4,5,6,6,7,7,7,8,2,4,4,5,6,6,7,7,7,8 nz=55,26,48,90,61,32,35,93,56,19,34,21,16,14,9,8,2,0,0,0,27,11,9,5,10,4,0,1,1,0 sel=00000000000000000000000000000000000000000000000000000000000000000000000000000000000000000000000000000000000000000000000000000000000000000000000000000000000000000000000000000000000000000000000000000000000000000000000000000000000000000000000000000000000000000000000000000000000000000000000000000000000000000000000000000000000000000000000000000000000000000000000000000000000000000000000000000000000000000000000000000000000000000000000000000000000000000000000000000000000000000000000000000000000000000000000000000000 hash=3017467098
EPLAN 2 18 modes=0 pc=0 pp=-1 pb=-1 selon=0 prof=0 Q=7 ns=16 k=0 shifts=2,4,4,4,5,5,6,6,6,8,2,4,4,4,5,5,6,6,6,8,2,4,4,4,5,5,6,7,7,8 nz=80,40,41,88,76,71,44,92,77,0,38,20,17,37,24,44,44,3,60,0,39,16,13,26,12,43,22,2,3,0 sel=00000000000000000000000000000000000000000000000000000000000000000000000000000000000000000000000000000000000000000000000000000000000000000000000000000000000000000000000000000000000000000000000000000000000000000000000000000000000000000000000000000000000000000000000000000000000000000000000000000000000000000000000000000000000000000000000000000000000000000000000000000000000000000000000000000000000000000000000000000000000000000000000000000000000000000000000000000000000000000000000000000000000000000000000000000000 hash=2747735459
EPLAN 2 19 modes=24125439 pc=0 pp=-1 pb=-1 selon=0 prof=0 Q=7 ns=7 k=0 shifts=2,4,4,4,5,5,7,7,7,8,2,4,4,4,5,5,7,7,7,8,2,4,4,4,6,6,7,7,7,8 nz=58,21,32,74,78,61,14,57,21,7,27,19,7,26,37,27,0,0,0,0,30,9,4,16,1,1,1,0,0,0 sel=00000000000000000000000000000000000000000000000000000000000000000000000000000000000000000000000000000000000000000000000000000000000000000000000000000000000000000000000000000000000000000000000000000000000000000000000000000000000000000000000000000000000000000000000000000000000000000000000000000000000000000000000000000000000000000000000000000000000000000000000000000000000000000000000000000000000000000000000000000000000000000000000000000000000000000000000000000000000000000000000000000000000000000000000000000000 hash=1004856745
EPLAN 2 20 modes=91242495 pc=0 pp=-1 pb=-1 selon=0 prof=0 Q=7 ns=3 k=0 shifts=2,4,4,4,5,5,7,7,7,8,2,4,4,5,6,6,7,7,7,8,2,4,4,5,6,6,7,7,7,8 nz=60,26,35,88,87,78,25,47,48,2,32,18,10,8,3,8,1,0,0,0,25,17,14,7,4,7,0,1,5,0 sel=00000000000000000000000000000000000000000000000000000000000000000000000000000000000000000000000000000000000000000000000000000000000000000000000000000000000000000000000000000000000000000000000000000000000000000000000000000000000000000000000000000000000000000000000000000000000000000000000000000000000000000000000000000000000000000000000000000000000000000000000000000000000000000000000000000000000000000000000000000000000000000000000000000000000000000000000000000000000000000000000000000000000000000000000000000000 hash=2972992649
EPLAN 2 21 modes=19947519 pc=0 pp=-1 pb=-1 selon=0 prof=0 Q=7 ns=9 k=0 shifts=2,4,4,4,5,5,7,7,7,8,2,4,4,4,5,5,7,7,7,8,2,4,4,4,5,5,7,7,7,8 nz=49,14,25,53,60,43,11,41,24,4,31,17,16,31,27,36,0,0,0,0,33,20,7,18,17,23,1,0,0,0 sel=00000000000000000000000000000000000000000000000000000000000000000000000000000000000000000000000000000000000000000000000000000000000000000000000000000000000000000000000000000000000000000000000000000000000000000000000000000000000000000000000000000000000000000000000000000000000000000000000000000000000000000000000000000000000000000000000000000000000000000000000000000000000000000000000000000000000000000000000000000000000000000000000000000000000000000000000000000000000000000000000000000000000000000000000000000000 hash=1848042186
EPLAN 2 22 modes=28339711 pc=0 pp=-1 pb=-1 selon=0 prof=0 Q=7 ns=1 k=0 shifts=2,4,4,4,6,6,7,7,7,8,2,4,4,5,6,6,7,7,7,8,2,4,4,5,6,6,7,7,7,8 nz=55,31,39,76,70,36,31,108,78,25,28,16,18,11,10,5,1,0,0,0,35,16,6,7,11,4,1,1,0,0 sel=00000000000000000000000000000000000000000000000000000000000000000000000000000000000000000000000000000000000000000000000000000000000000000000000000000000000000000000000000000000000000000000000000000000000000000000000000000000000000000000000000000000000000000000000000000000000000000000000000000000000000000000000000000000000000000000000000000000000000000000000000000000000000000000000000000000000000000000000000000000000000000000000000000000000000000000000000000000000000000000000000000000000000000000000000000000 hash=3885746947
EPLAN 2 23 modes=53534207 pc=0 pp=-1 pb=-1 selon=0 prof=0 Q=7 ns=2 k=0 shifts=2,4,4,4,5,6,7,7,7,8,2,4,4,5,6,6,7,7,7,8,2,4,4,5,6,6,7,7,7,8 nz=52,29,41,79,119,44,32,86,58,26,33,14,10,14,10,8,1,1,0,0,29,12,7,9,9,6,3,1,1,0 sel=00000000000000000000000000000000000000000000000000000000000000000000000000000000000000000000000000000000000000000000000000000000000000000000000000000000000000000000000000000000000000000000000000000000000000000000000000000000000000000000000000000000000000000000000000000000000000000000000000000000000000000000000000000000000000000000000000000000000000000000000000000000000000000000000000000000000000000000000000000000000000000000000000000000000000000000000000000000000000000000000000000000000000000000000000000000 hash=4171718446
EPLAN 2 24 modes=24125439 pc=1 pp=0 pb=3 selon=0 prof=0 Q=7 ns=0 k=1 shifts=2,4,4,5,6,6,7,7,7,8,2,4,4,5,6,6,7,7,7,8,2,4,4,5,6,6,7,7,7,8 nz=54,29,45,74,54,39,34,91,57,5,30,16,13,8,8,8,0,2,1,0,25,18,8,8,6,5,1,3,0,0 sel=00000000000000000000000000000000000000000000000000000000000000000000000000000000000000000000000000000000000000000000000000000000000000000000000000000000000000000000000000000000000000000000000000000000000000000000000000000000000000000000000000000000000000000000000000000000000000000000000000000000000000000000000000000000000000000000000000000000000000000000000000000000000000000000000000000000000000000000000000000000000000000000000000000000000000000000000000000000000000000000000000000000000000000000000000000000 hash=2375266930
EPLAN 2 25 modes=66125311 pc=0 pp=-1 pb=-1 selon=0 prof=0 Q=8 ns=22 k=0 shifts=2,5,5,4,6,6,7,7,7,8,2,5,5,5,6,6,7,7,7,8,2,5,5,5,6,6,7,7,7,8 nz=56,12,16,67,53,37,44,104,78,27,29,5,5,14,6,9,2,0,3,0,28,7,3,7,10,11,5,1,3,0 sel=00000000000000000000000000000000000000000000000000000000000000000000000000000000000000000000000000000000000000000000000000000000000000000000000000000000000000000000000000000000000000000000000000000000000000000000000000000000000000000000000000000000000000000000000000000000000000000000000000000000000000000000000000000000000000000000000000000000000000000000000000000000000000000000000000000000000000000000000000000000000000000000000000000000000000000000000000000000000000000000000000000000000000000000000000000000 hash=3153670241
EPLAN 2 26 modes=0 pc=0 pp=-1 pb=-1 selon=0 prof=0 Q=7 ns=2 k=0 shifts=2,4,4,4,5,6,7,7,7,8,2,4,4,5,6,6,7,7,7,8,2,4,4,5,6,6,7,7,7,8 nz=80,46,61,113,209,101,85,185,157,31,37,15,19,20,14,9,2,0,1,0,39,22,12,17,12,7,5,4,2,0 sel=00000000000000000000000000000000000000000000000000000000000000000000000000000000000000000000000000000000000000000000000000000000000000000000000000000000000000000000000000000000000000000000000000000000000000000000000000000000000000000000000000000000000000000000000000000000000000000000000000000000000000000000000000000000000000000000000000000000000000000000000000000000000000000000000000000000000000000000000000000000000000000000000000000000000000000000000000000000000000000000000000000000000000000000000000000000 hash=815121953
EPLAN 2 27 modes=166887423 pc=0 pp=-1 pb=-1 selon=0 prof=0 Q=7 ns=0 k=0 shifts=2,4,4,5,6,6,7,7,7,8,2,4,4,5,6,6,7,7,7,8,2,4,4,5,6,6,7,7,7,8 nz=59,44,60,52,76,46,33,92,48,25,33,13,19,12,7,10,3,0,1,0,30,15,22,10,7,12,6,5,4,0 sel=00000000000000000000000000000000000000000000000000000000000000000000000000000000000000000000000000000000000000000000000000000000000000000000000000000000000000000000000000000000000000000000000000000000000000000000000000000000000000000000000000000000000000000000000000000000000000000000000000000000000000000000000000000000000000000000000000000000000000000000000000000000000000000000000000000000000000000000000000000000000000000000000000000000000000000000000000000000000000000000000000000000000000000000000000000000 hash=3753024732
EPLAN 2 28 modes=66190847 pc=0 pp=-1 pb=-1 selon=0 prof=0 Q=8 ns=22 k=0 shifts=2,5,5,4,6,6,7,7,7,8,2,5,5,5,6,6,7,7,7,8,2,5,5,5,6,6,7,7,7,8 nz=63,17,27,118,84,59,42,138,128,48,29,8,6,22,11,10,1,0,2,0,30,8,5,19,15,6,3,4,11,0 sel=00000000000000000000000000000000000000000000000000000000000000000000000000000000000000000000000000000000000000000000000000000000000000000000000000000000000000000000000000000000000000000000000000000000000000000000000000000000000000000000000000000000000000000000000000000000000000000000000000000000000000000000000000000000000000000000000000000000000000000000000000000000000000000000000000000000000000000000000000000000000000000000000000000000000000000000000000000000000000000000000000000000000000000000000000000000 hash=2918074566
EPLAN 2 29 modes=66125311 pc=0 pp=-1 pb=-1 selon=0 prof=0 Q=7 ns=1 k=0 shifts=2,4,4,4,6,6,7,7,7,8,2,4,4,5,6,6,7,7,7,8,2,4,4,5,6,6,7,7,7,8 nz=56,41,50,103,48,46,17,62,50,8,27,20,18,11,8,13,1,0,7,0,30,25,18,8,4,13,4,1,18,0 sel=00000000000000000000000000000000000000000000000000000000000000000000000000000000000000000000000000000000000000000000000000000000000000000000000000000000000000000000000000000000000000000000000000000000000000000000000000000000000000000000000000000000000000000000000000000000000000000000000000000000000000000000000000000000000000000000000000000000000000000000000000000000000000000000000000000000000000000000000000000000000000000000000000000000000000000000000000000000000000000000000000000000000000000000000000000000 hash=3629237698
EPLAN 2 30 modes=200736255 pc=0 pp=-1 pb=-1 selon=0 prof=0 Q=7 ns=2 k=0 shifts=2,4,4,4,5,6,7,7,7,8,2,4,4,5,6,6,7,7,7,8,2,4,4,5,6,6,7,7,7,8 nz=58,45,59,93,122,24,18,79,33,7,28,21,20,21,9,14,1,1,2,0,25,19,18,14,3,10,2,4,15,0 sel=00000000000000000000000000000000000000000000000000000000000000000000000000000000000000000000000000000000000000000000000000000000000000000000000000000000000000000000000000000000000000000000000000000000000000000000000000000000000000000000000000000000000000000000000000000000000000000000000000000000000000000000000000000000000000000000000000000000000000000000000000000000000000000000000000000000000000000000000000000000000000000000000000000000000000000000000000000000000000000000000000000000000000000000000000000000 hash=41808295
EPLAN 2 31 modes=133299711 pc=0 pp=-1 pb=-1 selon=0 prof=0 Q=8 ns=22 k=0 shifts=2,5,5,4,6,6,7,7,7,8,2,5,5,5,6,6,7,7,7,8,2,5,5,5,6,6,7,7,7,8 nz=54,20,26,124,56,48,34,71,121,28,31,4,6,22,9,14,2,4,2,0,26,13,8,17,12,12,3,6,6,0 sel=00000000000000000000000000000000000000000000000000000000000000000000000000000000000000000000000000000000000000000000000000000000000000000000000000000000000000000000000000000000000000000000000000000000000000000000000000000000000000000000000000000000000000000000000000000000000000000000000000000000000000000000000000000000000000000000000000000000000000000000000000000000000000000000000000000000000000000000000000000000000000000000000000000000000000000000000000000000000000000000000000000000000000000000000000000000 hash=392604756
EPLAN 2 32 modes=66125311 pc=0 pp=-1 pb=-1 selon=0 prof=0 Q=7 ns=0 k=0 shifts=2,4,4,5,6,6,7,7,7,8,2,4,4,5,6,6,7,7,7,8,2,4,4,5,6,6,7,7,7,8 nz=56,39,61,64,74,60,45,103,115,35,32,24,19,20,8,10,0,0,1,0,32,19,14,10,6,12,5,4,2,0 sel=00000000000000000000000000000000000000000000000000000000000000000000000000000000000000000000000000000000000000000000000000000000000000000000000000000000000000000000000000000000000000000000000000000000000000000000000000000000000000000000000000000000000000000000000000000000000000000000000000000000000000000000000000000000000000000000000000000000000000000000000000000000000000000000000000000000000000000000000000000000000000000000000000000000000000000000000000000000000000000000000000000000000000000000000000000000 hash=1724759419
EPLAN 2 33 modes=15744511 pc=0 pp=-1 pb=-1 selon=0 prof=0 Q=8 ns=15 k=0 shifts=2,5,5,5,6,6,7,7,7,9,2,5,5,5,6,6,7,7,8,9,2,5,5,5,6,6,7,8,8,9 nz=61,24,31,48,91,52,25,158,71,1,32,10,8,19,9,12,2,4,0,0,26,7,5,14,2,9,0,0,0,0 sel=00000000000000000000000000000000000000000000000000000000000000000000000000000000000000000000000000000000000000000000000000000000000000000000000000000000000000000000000000000000000000000000000000000000000000000000000000000000000000000000000000000000000000000000000000000000000000000000000000000000000000000000000000000000000000000000000000000000000000000000000000000000000000000000000000000000000000000000000000000000000000000000000000000000000000000000000000000000000000000000000000000000000000000000000000000000 hash=2267509487
EPLAN 2 34 modes=0 pc=1 pp=0 pb=3 selon=0 prof=0 Q=7 ns=0 k=1 shifts=2,4,4,5,6,6,7,7,7,8,2,4,4,5,6,6,7,7,7,8,2,4,4,5,6,6,7,7,7,8 nz=80,67,88,133,165,114,88,262,172,46,40,28,27,22,13,12,0,0,0,0,40,27,24,12,18,8,2,0,3,0 sel=00000000000000000000000000000000000000000000000000000000000000000000000000000000000000000000000000000000000000000000000000000000000000000000000000000000000000000000000000000000000000000000000000000000000000000000000000000000000000000000000000000000000000000000000000000000000000000000000000000000000000000000000000000000000000000000000000000000000000000000000000000000000000000000000000000000000000000000000000000000000000000000000000000000000000000000000000000000000000000000000000000000000000000000000000000000 hash=2204516657
EPLAN 2 35 modes=32571391 pc=1 pp=0 pb=3 selon=0 prof=0 Q=7 ns=0 k=1 shifts=2,4,4,5,6,6,7,7,7,8,2,4,4,5,6,6,7,7,7,8,2,4,4,5,6,6,7,7,7,8 nz=55,47,62,117,78,65,46,157,122,41,33,23,25,15,13,13,1,3,2,0,29,23,16,14,14,5,8,12,2,0 sel=00000000000000000000000000000000000000000000000000000000000000000000000000000000000000000000000000000000000000000000000000000000000000000000000000000000000000000000000000000000000000000000000000000000000000000000000000000000000000000000000000000000000000000000000000000000000000000000000000000000000000000000000000000000000000000000000000000000000000000000000000000000000000000000000000000000000000000000000000000000000000000000000000000000000000000000000000000000000000000000000000000000000000000000000000000000 hash=3482519957
EPLAN 2 36 modes=32571391 pc=1 pp=0 pb=3 selon=0 prof=0 Q=8 ns=21 k=1 shifts=2,5,5,5,6,6,7,7,7,8,2,5,5,5,6,6,7,7,7,8,2,5,5,5,6,6,7,7,7,8 nz=59,23,42,138,73,79,68,123,175,30,32,8,8,21,9,18,1,0,7,0,30,8,5,10,13,15,4,5,8,0 sel=00000000000000000000000000000000000000000000000000000000000000000000000000000000000000000000000000000000000000000000000000000000000000000000000000000000000000000000000000000000000000000000000000000000000000000000000000000000000000000000000000000000000000000000000000000000000000000000000000000000000000000000000000000000000000000000000000000000000000000000000000000000000000000000000000000000000000000000000000000000000000000000000000000000000000000000000000000000000000000000000000000000000000000000000000000000 hash=4230719121
EPLAN 2 37 modes=133217791 pc=0 pp=-1 pb=-1 selon=0 prof=0 Q=7 ns=0 k=0 shifts=2,4,4,5,6,6,7,7,7,8,2,4,4,5,6,6,7,7,7,8,2,4,4,5,6,6,7,7,7,8 nz=54,41,66,62,53,55,29,104,106,29,30,21,20,18,6,8,2,0,4,0,31,17,13,9,10,8,2,3,4,0 sel=00000000000000000000000000000000000000000000000000000000000000000000000000000000000000000000000000000000000000000000000000000000000000000000000000000000000000000000000000000000000000000000000000000000000000000000000000000000000000000000000000000000000000000000000000000000000000000000000000000000000000000000000000000000000000000000000000000000000000000000000000000000000000000000000000000000000000000000000000000000000000000000000000000000000000000000000000000000000000000000000000000000000000000000000000000000 hash=3123429763
EPLAN 2 38 modes=99745791 pc=0 pp=-1 pb=-1 selon=0 prof=0 Q=7 ns=0 k=0 shifts=2,4,4,5,6,6,7,7,7,8,2,4,4,5,6,6,7,7,7,8,2,4,4,5,6,6,7,7,7,8 nz=68,42,61,64,67,54,31,70,94,13,33,22,25,20,8,21,1,0,6,0,29,18,18,12,5,13,0,1,4,0 sel=00000000000000000000000000000000000000000000000000000000000000000000000000000000000000000000000000000000000000000000000000000000000000000000000000000000000000000000000000000000000000000000000000000000000000000000000000000000000000000000000000000000000000000000000000000000000000000000000000000000000000000000000000000000000000000000000000000000000000000000000000000000000000000000000000000000000000000000000000000000000000000000000000000000000000000000000000000000000000000000000000000000000000000000000000000000 hash=1775469968
EPLAN 2 39 modes=66125311 pc=1 pp=0 pb=3 selon=0 prof=0 Q=7 ns=0 k=1 shifts=2,4,4,5,6,6,7,7,7,8,2,4,4,5,6,6,7,7,7,8,2,4,4,5,6,6,7,7,7,8 nz=61,41,69,136,80,72,54,126,139,31,26,15,27,30,8,15,6,2,5,0,22,23,19,13,13,12,4,1,1,0 sel=00000000000000000000000000000000000000000000000000000000000000000000000000000000000000000000000000000000000000000000000000000000000000000000000000000000000000000000000000000000000000000000000000000000000000000000000000000000000000000000000000000000000000000000000000000000000000000000000000000000000000000000000000000000000000000000000000000000000000000000000000000000000000000000000000000000000000000000000000000000000000000000000000000000000000000000000000000000000000000000000000000000000000000000000000000000 hash=3722208809
EPLAN 2 40 modes=133234175 pc=1 pp=0 pb=3 selon=0 prof=0 Q=7 ns=0 k=1 shifts=2,4,4,5,6,6,7,7,7,8,2,4,4,5,6,6,7,7,7,8,2,4,4,5,6,6,7,7,7,8 nz=58,43,78,111,58,69,31,69,129,16,29,24,26,21,5,13,2,1,6,0,26,23,22,15,6,12,0,1,4,0 sel=00000000000000000000000000000000000000000000000000000000000000000000000000000000000000000000000000000000000000000000000000000000000000000000000000000000000000000000000000000000000000000000000000000000000000000000000000000000000000000000000000000000000000000000000000000000000000000000000000000000000000000000000000000000000000000000000000000000000000000000000000000000000000000000000000000000000000000000000000000000000000000000000000000000000000000000000000000000000000000000000000000000000000000000000000000000 hash=742808089
EPLAN 2 41 modes=116441087 pc=0 pp=-1 pb=-1 selon=0 prof=0 Q=8 ns=13 k=0 shifts=2,5,5,5,6,6,7,7,8,9,2,5,5,5,6,6,7,8,8,9,2,5,5,5,6,6,7,8,8,9 nz=63,37,50,65,96,87,46,150,17,3,32,19,18,27,22,24,1,0,0,0,25,11,12,15,8,14,0,0,0,0 sel=00000000000000000000000000000000000000000000000000000000000000000000000000000000000000000000000000000000000000000000000000000000000000000000000000000000000000000000000000000000000000000000000000000000000000000000000000000000000000000000000000000000000000000000000000000000000000000000000000000000000000000000000000000000000000000000000000000000000000000000000000000000000000000000000000000000000000000000000000000000000000000000000000000000000000000000000000000000000000000000000000000000000000000000000000000000 hash=3958146026
EPLAN 2 42 modes=0 pc=0 pp=-1 pb=-1 selon=0 prof=0 Q=7 ns=0 k=0 shifts=2,4,4,5,6,6,7,7,7,8,2,4,4,5,6,6,7,7,7,8,2,4,4,5,6,6,7,7,7,8 nz=80,58,78,89,146,89,49,171,125,33,40,28,24,20,23,24,5,5,2,0,40,23,18,17,13,9,4,6,3,0 sel=00000000000000000000000000000000000000000000000000000000000000000000000000000000000000000000000000000000000000000000000000000000000000000000000000000000000000000000000000000000000000000000000000000000000000000000000000000000000000000000000000000000000000000000000000000000000000000000000000000000000000000000000000000000000000000000000000000000000000000000000000000000000000000000000000000000000000000000000000000000000000000000000000000000000000000000000000000000000000000000000000000000000000000000000000000000 hash=82249579
EPLAN 2 43 modes=385138687 pc=0 pp=-1 pb=-1 selon=0 prof=0 Q=7 ns=1 k=0 shifts=2,4,4,4,6,6,7,7,7,8,2,4,4,5,6,6,7,7,7,8,2,4,4,5,6,6,7,7,7,8 nz=63,41,53,111,72,58,49,111,112,67,31,22,21,19,7,13,4,0,2,0,22,19,16,10,7,9,4,2,0,0 sel=00000000000000000000000000000000000000000000000000000000000000000000000000000000000000000000000000000000000000000000000000000000000000000000000000000000000000000000000000000000000000000000000000000000000000000000000000000000000000000000000000000000000000000000000000000000000000000000000000000000000000000000000000000000000000000000000000000000000000000000000000000000000000000000000000000000000000000000000000000000000000000000000000000000000000000000000000000000000000000000000000000000000000000000000000000000 hash=1348246991
EPLAN 2 44 modes=234028543 pc=1 pp=0 pb=3 selon=0 prof=0 Q=7 ns=0 k=1 shifts=2,4,4,5,6,6,7,7,7,8,2,4,4,5,6,6,7,7,7,8,2,4,4,5,6,6,7,7,7,8 nz=60,49,57,123,49,62,36,90,87,36,27,25,29,22,14,19,3,0,1,0,34,18,14,11,7,13,2,3,6,0 sel=00000000000000000000000000000000000000000000000000000000000000000000000000000000000000000000000000000000000000000000000000000000000000000000000000000000000000000000000000000000000000000000000000000000000000000000000000000000000000000000000000000000000000000000000000000000000000000000000000000000000000000000000000000000000000000000000000000000000000000000000000000000000000000000000000000000000000000000000000000000000000000000000000000000000000000000000000000000000000000000000000000000000000000000000000000000 hash=3309045565
EPLAN 2 45 modes=66486271 pc=1 pp=0 pb=3 selon=0 prof=0 Q=7 ns=0 k=1 shifts=2,4,4,5,6,6,7,7,7,8,2,4,4,5,6,6,7,7,7,8,2,4,4,5,6,6,7,7,7,8 nz=57,40,53,98,63,52,24,67,58,21,27,18,17,18,17,17,6,0,2,0,25,18,16,17,7,6,5,4,5,0 sel=00000000000000000000000000000000000000000000000000000000000000000000000000000000000000000000000000000000000000000000000000000000000000000000000000000000000000000000000000000000000000000000000000000000000000000000000000000000000000000000000000000000000000000000000000000000000000000000000000000000000000000000000000000000000000000000000000000000000000000000000000000000000000000000000000000000000000000000000000000000000000000000000000000000000000000000000000000000000000000000000000000000000000000000000000000000 hash=2015613796
EPLAN 2 46 modes=32571391 pc=0 pp=-1 pb=-1 selon=0 prof=0 Q=8 ns=18 k=0 shifts=2,5,5,5,6,6,7,7,7,9,2,5,5,5,6,6,7,7,7,9,2,5,5,5,6,6,7,7,7,9 nz=55,18,33,53,62,57,38,95,119,0,32,5,9,27,20,14,2,4,0,0,29,7,11,16,9,20,5,6,7,0 sel=00000000000000000000000000000000000000000000000000000000000000000000000000000000000000000000000000000000000000000000000000000000000000000000000000000000000000000000000000000000000000000000000000000000000000000000000000000000000000000000000000000000000000000000000000000000000000000000000000000000000000000000000000000000000000000000000000000000000000000000000000000000000000000000000000000000000000000000000000000000000000000000000000000000000000000000000000000000000000000000000000000000000000000000000000000000 hash=1269858605
EPLAN 2 47 modes=66256895 pc=1 pp=0 pb=3 selon=0 prof=0 Q=8 ns=21 k=1 shifts=2,5,5,5,6,6,7,7,7,8,2,5,5,5,6,6,7,7,7,8,2,5,5,5,6,6,7,7,7,8 nz=65,22,30,133,63,53,25,63,78,29,32,11,6,13,5,25,3,2,2,0,30,3,6,13,4,12,2,2,8,0 sel=00000000000000000000000000000000000000000000000000000000000000000000000000000000000000000000000000000000000000000000000000000000000000000000000000000000000000000000000000000000000000000000000000000000000000000000000000000000000000000000000000000000000000000000000000000000000000000000000000000000000000000000000000000000000000000000000000000000000000000000000000000000000000000000000000000000000000000000000000000000000000000000000000000000000000000000000000000000000000000000000000000000000000000000000000000000 hash=1204047470
EPLAN 2 48 modes=15761407 pc=0 pp=-1 pb=-1 selon=0 prof=0 Q=8 ns=18 k=0 shifts=2,5,5,5,6,6,7,7,7,9,2,5,5,5,6,6,7,7,7,9,2,5,5,5,6,6,7,7,7,9 nz=60,24,29,66,64,64,36,107,139,0,31,12,9,20,10,16,2,1,4,0,29,5,4,18,10,15,5,0,9,0 sel=00000000000000000000000000000000000000000000000000000000000000000000000000000000000000000000000000000000000000000000000000000000000000000000000000000000000000000000000000000000000000000000000000000000000000000000000000000000000000000000000000000000000000000000000000000000000000000000000000000000000000000000000000000000000000000000000000000000000000000000000000000000000000000000000000000000000000000000000000000000000000000000000000000000000000000000000000000000000000000000000000000000000000000000000000000000 hash=1994033321
EPLAN 2 49 modes=66207231 pc=0 pp=-1 pb=-1 selon=0 prof=0 Q=7 ns=2 k=0 shifts=2,4,4,4,5,6,7,7,7,8,2,4,4,5,6,6,7,7,7,8,2,4,4,5,6,6,7,7,7,8 nz=54,28,49,104,107,35,7,34,50,10,29,12,24,22,7,15,3,0,4,0,31,18,18,17,1,11,1,0,6,0 sel=00000000000000000000000000000000000000000000000000000000000000000000000000000000000000000000000000000000000000000000000000000000000000000000000000000000000000000000000000000000000000000000000000000000000000000000000000000000000000000000000000000000000000000000000000000000000000000000000000000000000000000000000000000000000000000000000000000000000000000000000000000000000000000000000000000000000000000000000000000000000000000000000000000000000000000000000000000000000000000000000000000000000000000000000000000000 hash=1355100859
EPLAN 2 50 modes=0 pc=0 pp=-1 pb=-1 selon=0 prof=0 Q=7 ns=0 k=0 shifts=2,4,4,5,6,6,7,7,7,8,2,4,4,5,6,6,7,7,7,8,2,4,4,5,6,6,7,7,7,8 nz=80,60,84,84,106,81,37,143,124,40,40,31,32,24,17,29,2,2,2,0,38,27,22,18,9,16,4,6,5,0 sel=00000000000000000000000000000000000000000000000000000000000000000000000000000000000000000000000000000000000000000000000000000000000000000000000000000000000000000000000000000000000000000000000000000000000000000000000000000000000000000000000000000000000000000000000000000000000000000000000000000000000000000000000000000000000000000000000000000000000000000000000000000000000000000000000000000000000000000000000000000000000000000000000000000000000000000000000000000000000000000000000000000000000000000000000000000000 hash=2911737630
EPLAN 2 51 modes=468721663 pc=0 pp=-1 pb=-1 selon=0 prof=0 Q=7 ns=1 k=0 shifts=2,4,4,4,6,6,7,7,7,8,2,4,4,5,6,6,7,7,7,8,2,4,4,5,6,6,7,7,7,8 nz=58,34,38,93,39,45,31,62,52,22,33,17,18,22,11,16,2,0,1,0,32,14,15,15,2,8,3,1,3,0 sel=00000000000000000000000000000000000000000000000000000000000000000000000000000000000000000000000000000000000000000000000000000000000000000000000000000000000000000000000000000000000000000000000000000000000000000000000000000000000000000000000000000000000000000000000000000000000000000000000000000000000000000000000000000000000000000000000000000000000000000000000000000000000000000000000000000000000000000000000000000000000000000000000000000000000000000000000000000000000000000000000000000000000000000000000000000000 hash=2432862110
EPLAN 2 52 modes=49364991 pc=1 pp=0 pb=3 selon=0 prof=0 Q=7 ns=0 k=1 shifts=2,4,4,5,6,6,7,7,7,8,2,4,4,5,6,6,7,7,7,8,2,4,4,5,6,6,7,7,7,8 nz=48,30,66,111,58,70,34,87,113,36,35,18,28,23,3,15,1,0,4,0,28,20,15,15,7,11,1,0,4,0 sel=00000000000000000000000000000000000000000000000000000000000000000000000000000000000000000000000000000000000000000000000000000000000000000000000000000000000000000000000000000000000000000000000000000000000000000000000000000000000000000000000000000000000000000000000000000000000000000000000000000000000000000000000000000000000000000000000000000000000000000000000000000000000000000000000000000000000000000000000000000000000000000000000000000000000000000000000000000000000000000000000000000000000000000000000000000000 hash=257904755
EPLAN 2 53 modes=24215039 pc=1 pp=0 pb=3 selon=0 prof=0 Q=8 ns=21 k=1 shifts=2,5,5,5,6,6,7,7,7,8,2,5,5,5,6,6,7,7,7,8,2,5,5,5,6,6,7,7,7,8 nz=57,22,32,113,76,61,40,100,124,30,31,9,11,16,11,11,2,2,0,0,23,4,4,14,9,6,1,9,5,0 sel=00000000000000000000000000000000000000000000000000000000000000000000000000000000000000000000000000000000000000000000000000000000000000000000000000000000000000000000000000000000000000000000000000000000000000000000000000000000000000000000000000000000000000000000000000000000000000000000000000000000000000000000000000000000000000000000000000000000000000000000000000000000000000000000000000000000000000000000000000000000000000000000000000000000000000000000000000000000000000000000000000000000000000000000000000000000 hash=401195173
EPLAN 2 54 modes=326131199 pc=0 pp=-1 pb=-1 selon=0 prof=0 Q=7 ns=1 k=0 shifts=2,4,4,4,6,6,7,7,7,8,2,4,4,5,6,6,7,7,7,8,2,4,4,5,6,6,7,7,7,8 nz=52,46,52,117,46,50,29,57,63,13,30,26,18,16,8,8,1,0,0,0,33,23,8,6,4,6,0,0,1,0 sel=00000000000000000000000000000000000000000000000000000000000000000000000000000000000000000000000000000000000000000000000000000000000000000000000000000000000000000000000000000000000000000000000000000000000000000000000000000000000000000000000000000000000000000000000000000000000000000000000000000000000000000000000000000000000000000000000000000000000000000000000000000000000000000000000000000000000000000000000000000000000000000000000000000000000000000000000000000000000000000000000000000000000000000000000000000000 hash=1321243387
EPLAN 2 55 modes=200785407 pc=0 pp=-1 pb=-1 selon=0 prof=0 Q=7 ns=1 k=0 shifts=2,4,4,4,6,6,7,7,7,8,2,4,4,5,6,6,7,7,7,8,2,4,4,5,6,6,7,7,7,8 nz=49,43,47,124,56,64,30,70,107,30,30,22,26,20,7,10,6,2,2,0,32,18,20,10,5,13,4,3,5,0 sel=00000000000000000000000000000000000000000000000000000000000000000000000000000000000000000000000000000000000000000000000000000000000000000000000000000000000000000000000000000000000000000000000000000000000000000000000000000000000000000000000000000000000000000000000000000000000000000000000000000000000000000000000000000000000000000000000000000000000000000000000000000000000000000000000000000000000000000000000000000000000000000000000000000000000000000000000000000000000000000000000000000000000000000000000000000000 hash=3208801698
EPLAN 2 56 modes=32522239 pc=0 pp=-1 pb=-1 selon=0 prof=0 Q=7 ns=0 k=0 shifts=2,4,4,5,6,6,7,7,7,8,2,4,4,5,6,6,7,7,7,8,2,4,4,5,6,6,7,7,7,8 nz=60,45,52,46,75,42,31,76,72,25,29,17,24,20,8,15,1,0,3,0,27,18,17,7,4,11,1,0,1,0 sel=00000000000000000000000000000000000000000000000000000000000000000000000000000000000000000000000000000000000000000000000000000000000000000000000000000000000000000000000000000000000000000000000000000000000000000000000000000000000000000000000000000000000000000000000000000000000000000000000000000000000000000000000000000000000000000000000000000000000000000000000000000000000000000000000000000000000000000000000000000000000000000000000000000000000000000000000000000000000000000000000000000000000000000000000000000000 hash=2820910345
EPLAN 2 57 modes=57687551 pc=0 pp=-1 pb=-1 selon=0 prof=0 Q=8 ns=15 k=0 shifts=2,5,5,5,6,6,7,7,7,9,2,5,5,5,6,6,7,7,8,9,2,5,5,5,6,6,7,8,8,9 nz=57,12,32,64,69,42,44,145,89,1,32,11,7,12,11,15,2,0,0,0,30,11,2,15,9,9,1,0,0,0 sel=00000000000000000000000000000000000000000000000000000000000000000000000000000000000000000000000000000000000000000000000000000000000000000000000000000000000000000000000000000000000000000000000000000000000000000000000000000000000000000000000000000000000000000000000000000000000000000000000000000000000000000000000000000000000000000000000000000000000000000000000000000000000000000000000000000000000000000000000000000000000000000000000000000000000000000000000000000000000000000000000000000000000000000000000000000000 hash=293973493
EPLAN 2 58 modes=0 pc=0 pp=-1 pb=-1 selon=0 prof=0 Q=7 ns=1 k=0 shifts=2,4,4,4,6,6,7,7,7,8,2,4,4,5,6,6,7,7,7,8,2,4,4,5,6,6,7,7,7,8 nz=80,57,88,141,144,78,41,152,82,9,40,24,18,21,9,17,1,0,1,0,40,24,22,18,15,7,5,4,11,0 sel=00000000000000000000000000000000000000000000000000000000000000000000000000000000000000000000000000000000000000000000000000000000000000000000000000000000000000000000000000000000000000000000000000000000000000000000000000000000000000000000000000000000000000000000000000000000000000000000000000000000000000000000000000000000000000000000000000000000000000000000000000000000000000000000000000000000000000000000000000000000000000000000000000000000000000000000000000000000000000000000000000000000000000000000000000000000 hash=2206680950
EPLAN 2 59 modes=133185535 pc=0 pp=-1 pb=-1 selon=0 prof=0 Q=7 ns=1 k=0 shifts=2,4,4,4,6,6,7,7,7,8,2,4,4,5,6,6,7,7,7,8,2,4,4,5,6,6,7,7,7,8 nz=49,44,50,94,55,35,17,54,52,14,31,23,20,18,17,7,1,0,0,0,21,21,14,6,7,4,1,0,1,0 sel=00000000000000000000000000000000000000000000000000000000000000000000000000000000000000000000000000000000000000000000000000000000000000000000000000000000000000000000000000000000000000000000000000000000000000000000000000000000000000000000000000000000000000000000000000000000000000000000000000000000000000000000000000000000000000000000000000000000000000000000000000000000000000000000000000000000000000000000000000000000000000000000000000000000000000000000000000000000000000000000000000000000000000000000000000000000 hash=826768551
EPLAN 2 60 modes=66084351 pc=1 pp=0 pb=3 selon=0 prof=0 Q=7 ns=0 k=1 shifts=2,4,4,5,6,6,7,7,7,8,2,4,4,5,6,6,7,7,7,8,2,4,4,5,6,6,7,7,7,8 nz=65,50,62,125,68,39,19,57,62,10,30,20,24,17,11,15,0,2,0,0,27,19,13,13,4,10,0,1,2,0 sel=00000000000000000000000000000000000000000000000000000000000000000000000000000000000000000000000000000000000000000000000000000000000000000000000000000000000000000000000000000000000000000000000000000000000000000000000000000000000000000000000000000000000000000000000000000000000000000000000000000000000000000000000000000000000000000000000000000000000000000000000000000000000000000000000000000000000000000000000000000000000000000000000000000000000000000000000000000000000000000000000000000000000000000000000000000000 hash=1101644171
EPLAN 2 61 modes=99646975 pc=0 pp=-1 pb=-1 selon=0 prof=0 Q=8 ns=21 k=0 shifts=2,5,5,5,6,6,7,7,7,8,2,5,5,5,6,6,7,7,7,8,2,5,5,5,6,6,7,7,7,8 nz=56,19,34,55,76,67,39,79,107,19,34,9,5,21,9,15,3,0,2,0,30,8,2,11,6,7,2,0,1,0 sel=00000000000000000000000000000000000000000000000000000000000000000000000000000000000000000000000000000000000000000000000000000000000000000000000000000000000000000000000000000000000000000000000000000000000000000000000000000000000000000000000000000000000000000000000000000000000000000000000000000000000000000000000000000000000000000000000000000000000000000000000000000000000000000000000000000000000000000000000000000000000000000000000000000000000000000000000000000000000000000000000000000000000000000000000000000000 hash=696283853
EPLAN 2 62 modes=309337599 pc=0 pp=-1 pb=-1 selon=0 prof=0 Q=7 ns=8 k=0 shifts=2,4,4,4,5,5,7,7,7,8,2,4,4,4,5,5,7,7,7,8,2,4,4,4,5,6,7,7,7,8 nz=49,31,44,82,84,72,11,12,16,1,28,21,23,44,46,49,1,0,0,0,29,15,12,29,13,4,0,0,0,0 sel=00000000000000000000000000000000000000000000000000000000000000000000000000000000000000000000000000000000000000000000000000000000000000000000000000000000000000000000000000000000000000000000000000000000000000000000000000000000000000000000000000000000000000000000000000000000000000000000000000000000000000000000000000000000000000000000000000000000000000000000000000000000000000000000000000000000000000000000000000000000000000000000000000000000000000000000000000000000000000000000000000000000000000000000000000000000 hash=1136723173
EPLAN 2 63 modes=24124927 pc=0 pp=-1 pb=-1 selon=0 prof=0 Q=7 ns=7 k=0 shifts=2,4,4,4,5,5,7,7,7,8,2,4,4,4,5,5,7,7,7,8,2,4,4,4,6,6,7,7,7,8 nz=59,26,34,74,80,84,17,26,40,2,32,19,19,45,44,39,2,0,0,0,29,21,7,29,0,9,0,0,0,0 sel=00000000000000000000000000000000000000000000000000000000000000000000000000000000000000000000000000000000000000000000000000000000000000000000000000000000000000000000000000000000000000000000000000000000000000000000000000000000000000000000000000000000000000000000000000000000000000000000000000000000000000000000000000000000000000000000000000000000000000000000000000000000000000000000000000000000000000000000000000000000000000000000000000000000000000000000000000000000000000000000000000000000000000000000000000000000 hash=1799324102
EPLAN 2 64 modes=3153919 pc=0 pp=-1 pb=-1 selon=0 prof=0 Q=7 ns=2 k=0 shifts=2,4,4,4,5,6,7,7,7,8,2,4,4,5,6,6,7,7,7,8,2,4,4,5,6,6,7,7,7,8 nz=56,30,42,94,162,24,18,42,54,9,28,17,18,19,9,12,1,0,0,0,29,23,11,10,6,5,0,0,0,0 sel=00000000000000000000000000000000000000000000000000000000000000000000000000000000000000000000000000000000000000000000000000000000000000000000000000000000000000000000000000000000000000000000000000000000000000000000000000000000000000000000000000000000000000000000000000000000000000000000000000000000000000000000000000000000000000000000000000000000000000000000000000000000000000000000000000000000000000000000000000000000000000000000000000000000000000000000000000000000000000000000000000000000000000000000000000000000 hash=874793977
EPLAN 2 65 modes=15744511 pc=0 pp=-1 pb=-1 selon=0 prof=0 Q=7 ns=2 k=0 shifts=2,4,4,4,5,6,7,7,7,8,2,4,4,5,6,6,7,7,7,8,2,4,4,5,6,6,7,7,7,8 nz=51,44,45,104,153,33,22,33,66,5,27,17,16,17,9,14,2,0,1,0,29,17,14,15,5,5,0,0,0,0 sel=00000000000000000000000000000000000000000000000000000000000000000000000000000000000000000000000000000000000000000000000000000000000000000000000000000000000000000000000000000000000000000000000000000000000000000000000000000000000000000000000000000000000000000000000000000000000000000000000000000000000000000000000000000000000000000000000000000000000000000000000000000000000000000000000000000000000000000000000000000000000000000000000000000000000000000000000000000000000000000000000000000000000000000000000000000000 hash=3863813167
EPLAN 2 66 modes=0 pc=0 pp=-1 pb=-1 selon=0 prof=0 Q=7 ns=9 k=0 shifts=2,4,4,4,5,5,7,7,7,8,2,4,4,4,5,5,7,7,7,8,2,4,4,4,5,5,7,7,7,8 nz=80,43,69,107,163,113,29,75,66,5,40,20,16,46,40,62,4,0,3,0,40,13,13,42,23,42,0,0,0,0 sel=00000000000000000000000000000000000000000000000000000000000000000000000000000000000000000000000000000000000000000000000000000000000000000000000000000000000000000000000000000000000000000000000000000000000000000000000000000000000000000000000000000000000000000000000000000000000000000000000000000000000000000000000000000000000000000000000000000000000000000000000000000000000000000000000000000000000000000000000000000000000000000000000000000000000000000000000000000000000000000000000000000000000000000000000000000000 hash=3234834314
EPLAN 2 67 modes=468766719 pc=0 pp=-1 pb=-1 selon=0 prof=0 Q=7 ns=1 k=0 shifts=2,4,4,4,6,6,7,7,7,8,2,4,4,5,6,6,7,7,7,8,2,4,4,5,6,6,7,7,7,8 nz=55,35,50,107,57,36,31,35,64,6,29,21,17,20,9,8,3,0,0,0,29,15,13,7,2,7,1,0,0,0 sel=00000000000000000000000000000000000000000000000000000000000000000000000000000000000000000000000000000000000000000000000000000000000000000000000000000000000000000000000000000000000000000000000000000000000000000000000000000000000000000000000000000000000000000000000000000000000000000000000000000000000000000000000000000000000000000000000000000000000000000000000000000000000000000000000000000000000000000000000000000000000000000000000000000000000000000000000000000000000000000000000000000000000000000000000000000000 hash=4282025502
EPLAN 2 68 modes=527834623 pc=0 pp=-1 pb=-1 selon=0 prof=0 Q=7 ns=5 k=0 shifts=2,4,4,4,5,5,7,7,7,8,2,4,4,4,6,6,7,7,7,8,2,4,4,4,6,6,7,7,7,8 nz=62,30,42,94,99,87,14,26,43,2,33,22,21,42,7,27,5,0,2,0,25,20,12,27,1,8,4,1,4,0 sel=00000000000000000000000000000000000000000000000000000000000000000000000000000000000000000000000000000000000000000000000000000000000000000000000000000000000000000000000000000000000000000000000000000000000000000000000000000000000000000000000000000000000000000000000000000000000000000000000000000000000000000000000000000000000000000000000000000000000000000000000000000000000000000000000000000000000000000000000000000000000000000000000000000000000000000000000000000000000000000000000000000000000000000000000000000000 hash=722981607
EPLAN 2 69 modes=535977983 pc=0 pp=-1 pb=-1 selon=0 prof=0 Q=7 ns=4 k=0 shifts=2,4,4,4,5,5,7,7,7,8,2,4,4,4,6,6,7,7,7,8,2,4,4,5,6,6,7,7,7,8 nz=57,29,38,94,107,65,24,40,43,10,27,21,16,45,14,21,5,1,3,0,26,15,17,15,8,4,3,2,3,0 sel=00000000000000000000000000000000000000000000000000000000000000000000000000000000000000000000000000000000000000000000000000000000000000000000000000000000000000000000000000000000000000000000000000000000000000000000000000000000000000000000000000000000000000000000000000000000000000000000000000000000000000000000000000000000000000000000000000000000000000000000000000000000000000000000000000000000000000000000000000000000000000000000000000000000000000000000000000000000000000000000000000000000000000000000000000000000 hash=2839302999
EPLAN 2 70 modes=469024255 pc=0 pp=-1 pb=-1 selon=0 prof=0 Q=7 ns=2 k=0 shifts=2,4,4,4,5,6,7,7,7,8,2,4,4,5,6,6,7,7,7,8,2,4,4,5,6,6,7,7,7,8 nz=60,35,44,103,147,50,24,28,51,0,30,15,21,26,10,15,1,0,3,0,28,17,12,21,7,10,3,2,6,0 sel=00000000000000000000000000000000000000000000000000000000000000000000000000000000000000000000000000000000000000000000000000000000000000000000000000000000000000000000000000000000000000000000000000000000000000000000000000000000000000000000000000000000000000000000000000000000000000000000000000000000000000000000000000000000000000000000000000000000000000000000000000000000000000000000000000000000000000000000000000000000000000000000000000000000000000000000000000000000000000000000000000000000000000000000000000000000 hash=149675813
EPLAN 2 71 modes=1073111039 pc=0 pp=-1 pb=-1 selon=0 prof=0 Q=7 ns=6 k=0 shifts=2,4,4,4,5,5,7,7,7,8,2,4,4,4,5,6,7,7,7,8,2,4,4,4,6,6,7,7,7,8 nz=59,22,42,85,105,98,17,21,26,5,28,16,22,49,47,17,5,0,5,0,27,15,14,28,7,16,6,0,6,0 sel=00000000000000000000000000000000000000000000000000000000000000000000000000000000000000000000000000000000000000000000000000000000000000000000000000000000000000000000000000000000000000000000000000000000000000000000000000000000000000000000000000000000000000000000000000000000000000000000000000000000000000000000000000000000000000000000000000000000000000000000000000000000000000000000000000000000000000000000000000000000000000000000000000000000000000000000000000000000000000000000000000000000000000000000000000000000 hash=2717831159
EPLAN 2 72 modes=536231423 pc=0 pp=-1 pb=-1 selon=0 prof=0 Q=7 ns=8 k=0 shifts=2,4,4,4,5,5,7,7,7,8,2,4,4,4,5,5,7,7,7,8,2,4,4,4,5,6,7,7,7,8 nz=53,32,45,74,89,70,9,20,13,1,29,13,21,36,48,59,1,3,2,0,28,10,10,44,30,15,1,3,5,0 sel=00000000000000000000000000000000000000000000000000000000000000000000000000000000000000000000000000000000000000000000000000000000000000000000000000000000000000000000000000000000000000000000000000000000000000000000000000000000000000000000000000000000000000000000000000000000000000000000000000000000000000000000000000000000000000000000000000000000000000000000000000000000000000000000000000000000000000000000000000000000000000000000000000000000000000000000000000000000000000000000000000000000000000000000000000000000 hash=4009609474
EPLAN 2 73 modes=66125823 pc=1 pp=0 pb=3 selon=0 prof=0 Q=8 ns=21 k=1 shifts=2,5,5,5,6,6,7,7,7,8,2,5,5,5,6,6,7,7,7,8,2,5,5,5,6,6,7,7,7,8 nz=66,20,31,93,104,50,40,120,45,2,29,7,10,26,22,15,6,5,20,0,28,4,6,13,6,18,3,3,9,0 sel=00000000000000000000000000000000000000000000000000000000000000000000000000000000000000000000000000000000000000000000000000000000000000000000000000000000000000000000000000000000000000000000000000000000000000000000000000000000000000000000000000000000000000000000000000000000000000000000000000000000000000000000000000000000000000000000000000000000000000000000000000000000000000000000000000000000000000000000000000000000000000000000000000000000000000000000000000000000000000000000000000000000000000000000000000000000 hash=1181339899
EPLAN 2 74 modes=0 pc=0 pp=-1 pb=-1 selon=0 prof=0 Q=8 ns=22 k=0 shifts=2,5,5,4,6,6,7,7,7,8,2,5,5,5,6,6,7,7,7,8,2,5,5,5,6,6,7,7,7,8 nz=80,44,55,130,156,94,68,156,63,8,37,12,14,30,16,26,8,3,9,0,40,12,11,28,9,22,8,5,11,0 sel=00000000000000000000000000000000000000000000000000000000000000000000000000000000000000000000000000000000000000000000000000000000000000000000000000000000000000000000000000000000000000000000000000000000000000000000000000000000000000000000000000000000000000000000000000000000000000000000000000000000000000000000000000000000000000000000000000000000000000000000000000000000000000000000000000000000000000000000000000000000000000000000000000000000000000000000000000000000000000000000000000000000000000000000000000000000 hash=1180052617
EPLAN 2 75 modes=66190847 pc=0 pp=-1 pb=-1 selon=0 prof=0 Q=7 ns=1 k=0 shifts=2,4,4,4,6,6,7,7,7,8,2,4,4,5,6,6,7,7,7,8,2,4,4,5,6,6,7,7,7,8 nz=62,41,64,117,75,64,32,59,83,9,32,19,16,22,10,13,3,2,11,0,27,11,19,14,4,6,2,5,3,0 sel=00000000000000000000000000000000000000000000000000000000000000000000000000000000000000000000000000000000000000000000000000000000000000000000000000000000000000000000000000000000000000000000000000000000000000000000000000000000000000000000000000000000000000000000000000000000000000000000000000000000000000000000000000000000000000000000000000000000000000000000000000000000000000000000000000000000000000000000000000000000000000000000000000000000000000000000000000000000000000000000000000000000000000000000000000000000 hash=2505654213
EPLAN 2 76 modes=32542719 pc=0 pp=-1 pb=-1 selon=0 prof=0 Q=7 ns=3 k=0 shifts=2,4,4,4,5,5,7,7,7,8,2,4,4,5,6,6,7,7,7,8,2,4,4,5,6,6,7,7,7,8 nz=51,39,59,90,184,150,31,61,68,5,30,20,17,23,8,10,2,0,1,0,25,16,19,7,3,4,0,0,2,0 sel=00000000000000000000000000000000000000000000000000000000000000000000000000000000000000000000000000000000000000000000000000000000000000000000000000000000000000000000000000000000000000000000000000000000000000000000000000000000000000000000000000000000000000000000000000000000000000000000000000000000000000000000000000000000000000000000000000000000000000000000000000000000000000000000000000000000000000000000000000000000000000000000000000000000000000000000000000000000000000000000000000000000000000000000000000000000 hash=4142282345
EPLAN 2 77 modes=66109439 pc=0 pp=-1 pb=-1 selon=0 prof=0 Q=7 ns=3 k=0 shifts=2,4,4,4,5,5,7,7,7,8,2,4,4,5,6,6,7,7,7,8,2,4,4,5,6,6,7,7,7,8 nz=49,45,58,117,204,148,36,71,84,12,31,21,15,23,6,7,2,0,0,0,27,12,11,11,0,5,0,1,1,0 sel=00000000000000000000000000000000000000000000000000000000000000000000000000000000000000000000000000000000000000000000000000000000000000000000000000000000000000000000000000000000000000000000000000000000000000000000000000000000000000000000000000000000000000000000000000000000000000000000000000000000000000000000000000000000000000000000000000000000000000000000000000000000000000000000000000000000000000000000000000000000000000000000000000000000000000000000000000000000000000000000000000000000000000000000000000000000 hash=2381604762
EPLAN 2 78 modes=15753215 pc=0 pp=-1 pb=-1 selon=0 prof=0 Q=7 ns=1 k=0 shifts=2,4,4,4,6,6,7,7,7,8,2,4,4,5,6,6,7,7,7,8,2,4,4,5,6,6,7,7,7,8 nz=58,47,61,93,72,72,37,69,92,16,33,13,12,6,6,3,0,0,0,0,24,17,14,5,3,4,1,0,0,0 sel=00000000000000000000000000000000000000000000000000000000000000000000000000000000000000000000000000000000000000000000000000000000000000000000000000000000000000000000000000000000000000000000000000000000000000000000000000000000000000000000000000000000000000000000000000000000000000000000000000000000000000000000000000000000000000000000000000000000000000000000000000000000000000000000000000000000000000000000000000000000000000000000000000000000000000000000000000000000000000000000000000000000000000000000000000000000 hash=1113226616
EPLAN 2 79 modes=24125439 pc=0 pp=-1 pb=-1 selon=0 prof=0 Q=7 ns=2 k=0 shifts=2,4,4,4,5,6,7,7,7,8,2,4,4,5,6,6,7,7,7,8,2,4,4,5,6,6,7,7,7,8 nz=59,52,63,109,193,79,43,70,94,19,25,19,17,6,6,10,5,0,1,0,24,16,9,5,1,4,0,0,0,0 sel=00000000000000000000000000000000000000000000000000000000000000000000000000000000000000000000000000000000000000000000000000000000000000000000000000000000000000000000000000000000000000000000000000000000000000000000000000000000000000000000000000000000000000000000000000000000000000000000000000000000000000000000000000000000000000000000000000000000000000000000000000000000000000000000000000000000000000000000000000000000000000000000000000000000000000000000000000000000000000000000000000000000000000000000000000000000 hash=567680232
EPLAN 2 80 modes=32529919 pc=1 pp=0 pb=3 selon=0 prof=0 Q=7 ns=0 k=1 shifts=2,4,4,5,6,6,7,7,7,8,2,4,4,5,6,6,7,7,7,8,2,4,4,5,6,6,7,7,7,8 nz=59,44,65,97,82,86,50,84,164,23,31,18,14,7,8,7,3,0,2,0,16,14,10,3,1,1,0,0,0,0 sel=00000000000000000000000000000000000000000000000000000000000000000000000000000000000000000000000000000000000000000000000000000000000000000000000000000000000000000000000000000000000000000000000000000000000000000000000000000000000000000000000000000000000000000000000000000000000000000000000000000000000000000000000000000000000000000000000000000000000000000000000000000000000000000000000000000000000000000000000000000000000000000000000000000000000000000000000000000000000000000000000000000000000000000000000000000000 hash=118885328
EPLAN 2 81 modes=11574783 pc=0 pp=-1 pb=-1 selon=0 prof=0 Q=8 ns=12 k=0 shifts=2,5,5,5,6,6,7,8,8,9,2,5,5,5,6,6,7,8,8,9,2,5,5,5,6,6,7,8,8,9 nz=64,44,49,78,132,106,91,29,50,0,29,7,7,10,6,8,3,0,0,0,24,11,10,8,7,1,0,0,0,0 sel=00000000000000000000000000000000000000000000000000000000000000000000000000000000000000000000000000000000000000000000000000000000000000000000000000000000000000000000000000000000000000000000000000000000000000000000000000000000000000000000000000000000000000000000000000000000000000000000000000000000000000000000000000000000000000000000000000000000000000000000000000000000000000000000000000000000000000000000000000000000000000000000000000000000000000000000000000000000000000000000000000000000000000000000000000000000 hash=603543241
EPLAN 2 82 modes=0 pc=0 pp=-1 pb=-1 selon=0 prof=0 Q=8 ns=1 k=0 shifts=2,5,5,5,7,7,8,8,8,9,2,5,5,6,7,7,8,8,8,9,2,5,5,6,7,7,8,8,8,9 nz=80,60,82,120,145,89,56,110,71,0,39,13,7,4,0,0,0,0,0,0,40,10,9,4,0,0,0,0,0,0 sel=00000000000000000000000000000000000000000000000000000000000000000000000000000000000000000000000000000000000000000000000000000000000000000000000000000000000000000000000000000000000000000000000000000000000000000000000000000000000000000000000000000000000000000000000000000000000000000000000000000000000000000000000000000000000000000000000000000000000000000000000000000000000000000000000000000000000000000000000000000000000000000000000000000000000000000000000000000000000000000000000000000000000000000000000000000000 hash=517674072
EPLAN 2 83 modes=99646975 pc=0 pp=-1 pb=-1 selon=0 prof=0 Q=8 ns=12 k=0 shifts=2,5,5,5,6,6,7,8,8,9,2,5,5,5,6,6,7,8,8,9,2,5,5,5,6,6,7,8,8,9 nz=67,26,32,78,113,116,81,2,56,0,27,5,5,9,6,9,2,0,0,0,19,2,0,5,6,0,0,0,0,0 sel=00000000000000000000000000000000000000000000000000000000000000000000000000000000000000000000000000000000000000000000000000000000000000000000000000000000000000000000000000000000000000000000000000000000000000000000000000000000000000000000000000000000000000000000000000000000000000000000000000000000000000000000000000000000000000000000000000000000000000000000000000000000000000000000000000000000000000000000000000000000000000000000000000000000000000000000000000000000000000000000000000000000000000000000000000000000 hash=619355044
EPLAN 2 84 modes=66067711 pc=0 pp=-1 pb=-1 selon=0 prof=0 Q=8 ns=13 k=0 shifts=2,5,5,5,6,6,7,7,8,9,2,5,5,5,6,6,7,8,8,9,2,5,5,5,6,6,7,8,8,9 nz=56,27,37,86,99,101,83,150,70,0,31,8,5,7,7,11,0,0,0,0,20,1,3,5,4,2,0,0,0,0 sel=00000000000000000000000000000000000000000000000000000000000000000000000000000000000000000000000000000000000000000000000000000000000000000000000000000000000000000000000000000000000000000000000000000000000000000000000000000000000000000000000000000000000000000000000000000000000000000000000000000000000000000000000000000000000000000000000000000000000000000000000000000000000000000000000000000000000000000000000000000000000000000000000000000000000000000000000000000000000000000000000000000000000000000000000000000000 hash=3698870836
EPLAN 2 85 modes=32529663 pc=0 pp=-1 pb=-1 selon=0 prof=0 Q=8 ns=18 k=0 shifts=2,5,5,5,6,6,7,7,7,9,2,5,5,5,6,6,7,7,7,9,2,5,5,5,6,6,7,7,7,9 nz=56,26,35,91,104,111,75,164,226,0,30,7,7,6,5,8,2,0,0,0,21,5,3,3,2,4,1,0,0,0 sel=00000000000000000000000000000000000000000000000000000000000000000000000000000000000000000000000000000000000000000000000000000000000000000000000000000000000000000000000000000000000000000000000000000000000000000000000000000000000000000000000000000000000000000000000000000000000000000000000000000000000000000000000000000000000000000000000000000000000000000000000000000000000000000000000000000000000000000000000000000000000000000000000000000000000000000000000000000000000000000000000000000000000000000000000000000000 hash=1498068490
EPLAN 2 86 modes=66100735 pc=0 pp=-1 pb=-1 selon=0 prof=0 Q=8 ns=18 k=0 shifts=2,5,5,5,6,6,7,7,7,9,2,5,5,5,6,6,7,7,7,9,2,5,5,5,6,6,7,7,7,9 nz=54,24,43,87,84,99,67,111,173,0,30,11,4,11,7,13,1,0,0,0,20,3,6,1,3,4,1,0,1,0 sel=00000000000000000000000000000000000000000000000000000000000000000000000000000000000000000000000000000000000000000000000000000000000000000000000000000000000000000000000000000000000000000000000000000000000000000000000000000000000000000000000000000000000000000000000000000000000000000000000000000000000000000000000000000000000000000000000000000000000000000000000000000000000000000000000000000000000000000000000000000000000000000000000000000000000000000000000000000000000000000000000000000000000000000000000000000000 hash=284077178
EPLAN 2 87 modes=66092287 pc=0 pp=-1 pb=-1 selon=0 prof=0 Q=8 ns=13 k=0 shifts=2,5,5,5,6,6,7,7,8,9,2,5,5,5,6,6,7,8,8,9,2,5,5,5,6,6,7,8,8,9 nz=58,24,39,97,103,111,57,159,44,0,33,5,4,14,6,9,0,0,0,0,28,5,3,4,3,3,0,0,0,0 sel=00000000000000000000000000000000000000000000000000000000000000000000000000000000000000000000000000000000000000000000000000000000000000000000000000000000000000000000000000000000000000000000000000000000000000000000000000000000000000000000000000000000000000000000000000000000000000000000000000000000000000000000000000000000000000000000000000000000000000000000000000000000000000000000000000000000000000000000000000000000000000000000000000000000000000000000000000000000000000000000000000000000000000000000000000000000 hash=3602796973
EPLAN 2 88 modes=66093055 pc=0 pp=-1 pb=-1 selon=0 prof=0 Q=7 ns=1 k=0 shifts=2,4,4,4,6,6,7,7,7,8,2,4,4,5,6,6,7,7,7,8,2,4,4,5,6,6,7,7,7,8 nz=56,41,73,148,59,85,54,85,117,2,30,16,12,11,3,8,2,0,0,0,24,21,14,4,2,2,0,0,0,0 sel=00000000000000000000000000000000000000000000000000000000000000000000000000000000000000000000000000000000000000000000000000000000000000000000000000000000000000000000000000000000000000000000000000000000000000000000000000000000000000000000000000000000000000000000000000000000000000000000000000000000000000000000000000000000000000000000000000000000000000000000000000000000000000000000000000000000000000000000000000000000000000000000000000000000000000000000000000000000000000000000000000000000000000000000000000000000 hash=3250554175
EPLAN 2 89 modes=7347455 pc=0 pp=-1 pb=-1 selon=0 prof=0 Q=8 ns=13 k=0 shifts=2,5,5,5,6,6,7,7,8,9,2,5,5,5,6,6,7,8,8,9,2,5,5,5,6,6,7,8,8,9 nz=64,30,29,90,108,110,59,170,32,0,31,11,4,15,7,8,1,0,0,0,24,6,5,10,14,6,0,0,0,0 sel=00000000000000000000000000000000000000000000000000000000000000000000000000000000000000000000000000000000000000000000000000000000000000000000000000000000000000000000000000000000000000000000000000000000000000000000000000000000000000000000000000000000000000000000000000000000000000000000000000000000000000000000000000000000000000000000000000000000000000000000000000000000000000000000000000000000000000000000000000000000000000000000000000000000000000000000000000000000000000000000000000000000000000000000000000000000 hash=857878790
EPLAN 3 0 modes=7347583 pc=0 pp=-1 pb=-1 selon=0 prof=0 Q=7 ns=13 k=0 shifts=2,4,4,4,5,5,6,6,7,8,2,4,4,4,5,5,6,7,7,8,2,4,4,4,5,5,6,7,7,8 nz=49,20,27,78,38,53,34,26,0,0,29,25,14,28,17,32,33,0,1,0,24,15,3,14,8,18,21,0,0,0 sel=00000000000000000000000000000000000000000000000000000000000000000000000000000000000000000000000000000000000000000000000000000000000000000000000000000000000000000000000000000000000000000000000000000000000000000000000000000000000000000000000000000000000000000000000000000000000000000000000000000000000000000000000000000000000000000000000000000000000000000000000000000000000000000000000000000000000000000000000000000000000000000000000000000000000000000000000000000000000000000000000000000000000000000000000000000000 hash=1311315563
EPLAN 3 1 modes=3157375 pc=0 pp=-1 pb=-1 selon=0 prof=0 Q=7 ns=13 k=0 shifts=2,4,4,4,5,5,6,6,7,8,2,4,4,4,5,5,6,7,7,8,2,4,4,4,5,5,6,7,7,8 nz=53,31,37,72,45,49,24,21,1,0,27,11,14,35,16,35,24,0,1,0,24,17,4,19,3,9,13,0,0,0 sel=00000000000000000000000000000000000000000000000000000000000000000000000000000000000000000000000000000000000000000000000000000000000000000000000000000000000000000000000000000000000000000000000000000000000000000000000000000000000000000000000000000000000000000000000000000000000000000000000000000000000000000000000000000000000000000000000000000000000000000000000000000000000000000000000000000000000000000000000000000000000000000000000000000000000000000000000000000000000000000000000000000000000000000000000000000000 hash=4265322244
EPLAN 3 2 modes=3153407 pc=0 pp=-1 pb=-1 selon=0 prof=0 Q=7 ns=12 k=0 shifts=2,4,4,4,5,5,6,7,7,8,2,4,4,4,5,5,6,7,7,8,2,4,4,4,5,5,6,7,7,8 nz=61,17,30,82,53,57,24,0,0,0,30,14,18,28,15,37,30,0,0,0,28,18,8,19,11,21,16,0,0,0 sel=00000000000000000000000000000000000000000000000000000000000000000000000000000000000000000000000000000000000000000000000000000000000000000000000000000000000000000000000000000000000000000000000000000000000000000000000000000000000000000000000000000000000000000000000000000000000000000000000000000000000000000000000000000000000000000000000000000000000000000000000000000000000000000000000000000000000000000000000000000000000000000000000000000000000000000000000000000000000000000000000000000000000000000000000000000000 hash=250525680
EPLAN 3 3 modes=0 pc=0 pp=-1 pb=-1 selon=0 prof=0 Q=7 ns=13 k=0 shifts=2,4,4,4,5,5,6,6,7,8,2,4,4,4,5,5,6,7,7,8,2,4,4,4,5,5,6,7,7,8 nz=80,55,81,143,68,125,34,22,16,0,38,21,20,40,20,40,37,0,0,0,38,24,4,20,7,19,21,0,0,0 sel=00000000000000000000000000000000000000000000000000000000000000000000000000000000000000000000000000000000000000000000000000000000000000000000000000000000000000000000000000000000000000000000000000000000000000000000000000000000000000000000000000000000000000000000000000000000000000000000000000000000000000000000000000000000000000000000000000000000000000000000000000000000000000000000000000000000000000000000000000000000000000000000000000000000000000000000000000000000000000000000000000000000000000000000000000000000 hash=1873125955
EPLAN 3 4 modes=3149183 pc=0 pp=-1 pb=-1 selon=0 prof=0 Q=7 ns=13 k=0 shifts=2,4,4,4,5,5,6,6,7,8,2,4,4,4,5,5,6,7,7,8,2,4,4,4,5,5,6,7,7,8 nz=47,27,32,61,60,39,24,35,0,0,31,20,6,25,13,30,27,0,0,0,29,17,4,23,8,15,22,0,0,0 sel=00000000000000000000000000000000000000000000000000000000000000000000000000000000000000000000000000000000000000000000000000000000000000000000000000000000000000000000000000000000000000000000000000000000000000000000000000000000000000000000000000000000000000000000000000000000000000000000000000000000000000000000000000000000000000000000000000000000000000000000000000000000000000000000000000000000000000000000000000000000000000000000000000000000000000000000000000000000000000000000000000000000000000000000000000000000 hash=3623716605
EPLAN 3 5 modes=7343487 pc=0 pp=-1 pb=-1 selon=0 prof=0 Q=7 ns=10 k=0 shifts=2,4,4,4,5,5,6,7,7,8,2,4,4,4,5,5,7,7,7,8,2,4,4,4,5,5,7,7,7,8 nz=54,24,27,60,91,45,23,18,6,0,34,18,11,29,20,32,2,0,0,0,28,20,6,22,17,23,0,0,0,0 sel=00000000000000000000000000000000000000000000000000000000000000000000000000000000000000000000000000000000000000000000000000000000000000000000000000000000000000000000000000000000000000000000000000000000000000000000000000000000000000000000000000000000000000000000000000000000000000000000000000000000000000000000000000000000000000000000000000000000000000000000000000000000000000000000000000000000000000000000000000000000000000000000000000000000000000000000000000000000000000000000000000000000000000000000000000000000 hash=3730090441
EPLAN 3 6 modes=3147135 pc=0 pp=-1 pb=-1 selon=0 prof=0 Q=7 ns=12 k=0 shifts=2,4,4,4,5,5,6,7,7,8,2,4,4,4,5,5,6,7,7,8,2,4,4,4,5,5,6,7,7,8 nz=51,23,31,77,74,50,21,1,1,0,32,19,5,31,24,41,23,0,0,0,29,11,8,22,9,12,18,0,0,0 sel=00000000000000000000000000000000000000000000000000000000000000000000000000000000000000000000000000000000000000000000000000000000000000000000000000000000000000000000000000000000000000000000000000000000000000000000000000000000000000000000000000000000000000000000000000000000000000000000000000000000000000000000000000000000000000000000000000000000000000000000000000000000000000000000000000000000000000000000000000000000000000000000000000000000000000000000000000000000000000000000000000000000000000000000000000000000 hash=237713305
EPLAN 3 7 modes=3153407 pc=0 pp=-1 pb=-1 selon=0 prof=0 Q=7 ns=10 k=0 shifts=2,4,4,4,5,5,6,7,7,8,2,4,4,4,5,5,7,7,7,8,2,4,4,4,5,5,7,7,7,8 nz=55,24,28,77,84,45,16,27,0,0,29,21,5,32,28,23,3,0,0,0,26,13,4,18,18,22,0,0,0,0 sel=00000000000000000000000000000000000000000000000000000000000000000000000000000000000000000000000000000000000000000000000000000000000000000000000000000000000000000000000000000000000000000000000000000000000000000000000000000000000000000000000000000000000000000000000000000000000000000000000000000000000000000000000000000000000000000000000000000000000000000000000000000000000000000000000000000000000000000000000000000000000000000000000000000000000000000000000000000000000000000000000000000000000000000000000000000000 hash=1017383346
EPLAN 3 8 modes=3149119 pc=0 pp=-1 pb=-1 selon=0 prof=0 Q=7 ns=11 k=0 shifts=2,4,4,4,5,5,6,7,7,8,2,4,4,4,5,5,6,7,7,8,2,4,4,4,5,5,7,7,7,8 nz=52,31,31,73,84,43,19,14,2,0,28,16,9,32,26,35,42,0,0,0,32,16,2,14,11,21,0,0,0,0 sel=00000000000000000000000000000000000000000000000000000000000000000000000000000000000000000000000000000000000000000000000000000000000000000000000000000000000000000000000000000000000000000000000000000000000000000000000000000000000000000000000000000000000000000000000000000000000000000000000000000000000000000000000000000000000000000000000000000000000000000000000000000000000000000000000000000000000000000000000000000000000000000000000000000000000000000000000000000000000000000000000000000000000000000000000000000000 hash=3147046483
EPLAN 3 9 modes=7343551 pc=0 pp=-1 pb=-1 selon=0 prof=0 Q=7 ns=11 k=0 shifts=2,4,4,4,5,5,6,7,7,8,2,4,4,4,5,5,6,7,7,8,2,4,4,4,5,5,7,7,7,8 nz=48,21,41,76,73,40,22,16,3,0,31,22,6,27,33,35,38,0,0,0,23,16,5,17,14,22,0,0,0,0 sel=00000000000000000000000000000000000000000000000000000000000000000000000000000000000000000000000000000000000000000000000000000000000000000000000000000000000000000000000000000000000000000000000000000000000000000000000000000000000000000000000000000000000000000000000000000000000000000000000000000000000000000000000000000000000000000000000000000000000000000000000000000000000000000000000000000000000000000000000000000000000000000000000000000000000000000000000000000000000000000000000000000000000000000000000000000000 hash=99209939
EPLAN 3 10 modes=7347711 pc=0 pp=-1 pb=-1 selon=0 prof=0 Q=7 ns=9 k=0 shifts=2,4,4,4,5,5,7,7,7,8,2,4,4,4,5,5,7,7,7,8,2,4,4,4,5,5,7,7,7,8 nz=62,26,34,72,141,38,0,11,0,0,32,18,8,31,25,34,1,0,0,0,33,20,9,20,12,20,0,0,0,0 sel=00000000000000000000000000000000000000000000000000000000000000000000000000000000000000000000000000000000000000000000000000000000000000000000000000000000000000000000000000000000000000000000000000000000000000000000000000000000000000000000000000000000000000000000000000000000000000000000000000000000000000000000000000000000000000000000000000000000000000000000000000000000000000000000000000000000000000000000000000000000000000000000000000000000000000000000000000000000000000000000000000000000000000000000000000000000 hash=307594136
EPLAN 3 11 modes=0 pc=0 pp=-1 pb=-1 selon=0 prof=0 Q=7 ns=17 k=0 shifts=2,4,4,4,5,5,6,6,6,8,2,4,4,4,5,5,6,6,6,8,2,4,4,4,5,5,6,6,7,8 nz=80,42,48,84,157,62,35,153,28,0,36,15,9,29,28,34,24,6,46,0,36,21,8,20,11,22,16,5,0,0 sel=00000000000000000000000000000000000000000000000000000000000000000000000000000000000000000000000000000000000000000000000000000000000000000000000000000000000000000000000000000000000000000000000000000000000000000000000000000000000000000000000000000000000000000000000000000000000000000000000000000000000000000000000000000000000000000000000000000000000000000000000000000000000000000000000000000000000000000000000000000000000000000000000000000000000000000000000000000000000000000000000000000000000000000000000000000000 hash=2175544453
EPLAN 3 12 modes=5332479 pc=0 pp=-1 pb=-1 selon=0 prof=0 Q=7 ns=11 k=0 shifts=2,4,4,4,5,5,6,7,7,8,2,4,4,4,5,5,6,7,7,8,2,4,4,4,5,5,7,7,7,8 nz=58,23,29,50,105,28,43,13,3,0,27,14,13,23,21,23,22,0,0,0,28,11,9,22,10,19,0,0,0,0 sel=00000000000000000000000000000000000000000000000000000000000000000000000000000000000000000000000000000000000000000000000000000000000000000000000000000000000000000000000000000000000000000000000000000000000000000000000000000000000000000000000000000000000000000000000000000000000000000000000000000000000000000000000000000000000000000000000000000000000000000000000000000000000000000000000000000000000000000000000000000000000000000000000000000000000000000000000000000000000000000000000000000000000000000000000000000000 hash=3262049276
EPLAN 3 13 modes=7347711 pc=0 pp=-1 pb=-1 selon=0 prof=0 Q=7 ns=9 k=0 shifts=2,4,4,4,5,5,7,7,7,8,2,4,4,4,5,5,7,7,7,8,2,4,4,4,5,5,7,7,7,8 nz=48,19,35,60,59,48,5,15,8,0,33,18,8,36,27,37,2,0,0,0,32,19,8,28,16,23,0,0,0,0 sel=00000000000000000000000000000000000000000000000000000000000000000000000000000000000000000000000000000000000000000000000000000000000000000000000000000000000000000000000000000000000000000000000000000000000000000000000000000000000000000000000000000000000000000000000000000000000000000000000000000000000000000000000000000000000000000000000000000000000000000000000000000000000000000000000000000000000000000000000000000000000000000000000000000000000000000000000000000000000000000000000000000000000000000000000000000000 hash=2801063855
EPLAN 3 14 modes=3147263 pc=0 pp=-1 pb=-1 selon=0 prof=0 Q=7 ns=13 k=0 shifts=2,4,4,4,5,5,6,6,7,8,2,4,4,4,5,5,6,7,7,8,2,4,4,4,5,5,6,7,7,8 nz=47,18,12,41,68,32,24,29,2,0,26,16,10,26,21,34,30,0,0,0,29,10,7,17,14,14,32,0,0,0 sel=00000000000000000000000000000000000000000000000000000000000000000000000000000000000000000000000000000000000000000000000000000000000000000000000000000000000000000000000000000000000000000000000000000000000000000000000000000000000000000000000000000000000000000000000000000000000000000000000000000000000000000000000000000000000000000000000000000000000000000000000000000000000000000000000000000000000000000000000000000000000000000000000000000000000000000000000000000000000000000000000000000000000000000000000000000000 hash=339153370
EPLAN 3 15 modes=5250559 pc=0 pp=-1 pb=-1 selon=0 prof=0 Q=7 ns=9 k=0 shifts=2,4,4,4,5,5,7,7,7,8,2,4,4,4,5,5,7,7,7,8,2,4,4,4,5,5,7,7,7,8 nz=55,20,21,71,70,63,11,26,12,1,29,14,7,27,23,34,0,0,0,0,26,12,5,32,13,36,0,0,0,0 sel=00000000000000000000000000000000000000000000000000000000000000000000000000000000000000000000000000000000000000000000000000000000000000000000000000000000000000000000000000000000000000000000000000000000000000000000000000000000000000000000000000000000000000000000000000000000000000000000000000000000000000000000000000000000000000000000000000000000000000000000000000000000000000000000000000000000000000000000000000000000000000000000000000000000000000000000000000000000000000000000000000000000000000000000000000000000 hash=293637546
EPLAN 3 16 modes=5250559 pc=0 pp=-1 pb=-1 selon=0 prof=0 Q=7 ns=13 k=0 shifts=2,4,4,4,5,5,6,6,7,8,2,4,4,4,5,5,6,7,7,8,2,4,4,4,5,5,6,7,7,8 nz=49,23,22,40,33,36,24,28,3,0,33,15,6,35,23,37,39,0,0,0,33,12,4,15,15,23,24,0,1,0 sel=00000000000000000000000000000000000000000000000000000000000000000000000000000000000000000000000000000000000000000000000000000000000000000000000000000000000000000000000000000000000000000000000000000000000000000000000000000000000000000000000000000000000000000000000000000000000000000000000000000000000000000000000000000000000000000000000000000000000000000000000000000000000000000000000000000000000000000000000000000000000000000000000000000000000000000000000000000000000000000000000000000000000000000000000000000000 hash=2728387487
EPLAN 3 17 modes=19955711 pc=0 pp=-1 pb=-1 selon=0 prof=0 Q=7 ns=4 k=0 shifts=2,4,4,4,5,5,7,7,7,8,2,4,4,4,6,6,7,7,7,8,2,4,4,5,6,6,7,7,7,8 nz=55,18,35,78,83,82,23,55,51,9,27,13,17,36,6,9,1,0,1,0,29,11,7,6,5,4,2,1,1,0 sel=00000000000000000000000000000000000000000000000000000000000000000000000000000000000000000000000000000000000000000000000000000000000000000000000000000000000000000000000000000000000000000000000000000000000000000000000000000000000000000000000000000000000000000000000000000000000000000000000000000000000000000000000000000000000000000000000000000000000000000000000000000000000000000000000000000000000000000000000000000000000000000000000000000000000000000000000000000000000000000000000000000000000000000000000000000000 hash=3783589520
EPLAN 3 18 modes=24124927 pc=0 pp=-1 pb=-1 selon=0 prof=0 Q=7 ns=10 k=0 shifts=2,4,4,4,5,5,6,7,7,8,2,4,4,4,5,5,7,7,7,8,2,4,4,4,5,5,7,7,7,8 nz=49,21,23,70,41,46,44,32,11,0,33,16,12,28,18,33,0,0,1,0,28,18,11,31,19,27,3,1,1,0 sel=00000000000000000000000000000000000000000000000000000000000000000000000000000000000000000000000000000000000000000000000000000000000000000000000000000000000000000000000000000000000000000000000000000000000000000000000000000000000000000000000000000000000000000000000000000000000000000000000000000000000000000000000000000000000000000000000000000000000000000000000000000000000000000000000000000000000000000000000000000000000000000000000000000000000000000000000000000000000000000000000000000000000000000000000000000000 hash=2598470738
EPLAN 3 19 modes=0 pc=0 pp=-1 pb=-1 selon=0 prof=0 Q=7 ns=12 k=0 shifts=2,4,4,4,5,5,6,7,7,8,2,4,4,4,5,5,6,7,7,8,2,4,4,4,5,5,6,7,7,8 nz=80,46,51,97,112,78,59,76,49,11,36,17,14,28,31,33,31,0,0,0,38,16,13,31,18,16,22,0,0,0 sel=00000000000000000000000000000000000000000000000000000000000000000000000000000000000000000000000000000000000000000000000000000000000000000000000000000000000000000000000000000000000000000000000000000000000000000000000000000000000000000000000000000000000000000000000000000000000000000000000000000000000000000000000000000000000000000000000000000000000000000000000000000000000000000000000000000000000000000000000000000000000000000000000000000000000000000000000000000000000000000000000000000000000000000000000000000000 hash=1655009269
EPLAN 3 20 modes=326114815 pc=0 pp=-1 pb=-1 selon=0 prof=0 Q=7 ns=7 k=0 shifts=2,4,4,4,5,5,7,7,7,8,2,4,4,4,5,5,7,7,7,8,2,4,4,4,6,6,7,7,7,8 nz=47,26,24,74,80,61,16,28,29,4,32,18,11,33,33,28,4,0,0,0,29,11,11,22,4,6,2,1,1,0 sel=00000000000000000000000000000000000000000000000000000000000000000000000000000000000000000000000000000000000000000000000000000000000000000000000000000000000000000000000000000000000000000000000000000000000000000000000000000000000000000000000000000000000000000000000000000000000000000000000000000000000000000000000000000000000000000000000000000000000000000000000000000000000000000000000000000000000000000000000000000000000000000000000000000000000000000000000000000000000000000000000000000000000000000000000000000000 hash=2298605718
EPLAN 3 21 modes=7343615 pc=0 pp=-1 pb=-1 selon=0 prof=0 Q=7 ns=10 k=0 shifts=2,4,4,4,5,5,6,7,7,8,2,4,4,4,5,5,7,7,7,8,2,4,4,4,5,5,7,7,7,8 nz=43,17,22,48,62,42,48,42,15,6,23,18,12,27,25,30,0,0,0,0,29,15,2,18,22,29,1,0,1,0 sel=00000000000000000000000000000000000000000000000000000000000000000000000000000000000000000000000000000000000000000000000000000000000000000000000000000000000000000000000000000000000000000000000000000000000000000000000000000000000000000000000000000000000000000000000000000000000000000000000000000000000000000000000000000000000000000000000000000000000000000000000000000000000000000000000000000000000000000000000000000000000000000000000000000000000000000000000000000000000000000000000000000000000000000000000000000000 hash=805104051
EPLAN 3 22 modes=24121343 pc=0 pp=-1 pb=-1 selon=0 prof=0 Q=7 ns=1 k=0 shifts=2,4,4,4,6,6,7,7,7,8,2,4,4,5,6,6,7,7,7,8,2,4,4,5,6,6,7,7,7,8 nz=53,27,34,86,83,27,24,124,55,12,33,17,16,12,10,7,2,0,1,0,28,12,12,11,9,6,1,0,0,0 sel=00000000000000000000000000000000000000000000000000000000000000000000000000000000000000000000000000000000000000000000000000000000000000000000000000000000000000000000000000000000000000000000000000000000000000000000000000000000000000000000000000000000000000000000000000000000000000000000000000000000000000000000000000000000000000000000000000000000000000000000000000000000000000000000000000000000000000000000000000000000000000000000000000000000000000000000000000000000000000000000000000000000000000000000000000000000 hash=682931729
EPLAN 3 23 modes=24125439 pc=0 pp=-1 pb=-1 selon=0 prof=0 Q=7 ns=2 k=0 shifts=2,4,4,4,5,6,7,7,7,8,2,4,4,5,6,6,7,7,7,8,2,4,4,5,6,6,7,7,7,8 nz=59,23,28,90,115,38,31,119,67,21,29,12,9,8,9,9,2,0,0,0,27,11,7,7,9,6,2,1,1,0 sel=00000000000000000000000000000000000000000000000000000000000000000000000000000000000000000000000000000000000000000000000000000000000000000000000000000000000000000000000000000000000000000000000000000000000000000000000000000000000000000000000000000000000000000000000000000000000000000000000000000000000000000000000000000000000000000000000000000000000000000000000000000000000000000000000000000000000000000000000000000000000000000000000000000000000000000000000000000000000000000000000000000000000000000000000000000000 hash=1001463000
EPLAN 3 24 modes=57835519 pc=0 pp=-1 pb=-1 selon=0 prof=0 Q=7 ns=1 k=0 shifts=2,4,4,4,6,6,7,7,7,8,2,4,4,5,6,6,7,7,7,8,2,4,4,5,6,6,7,7,7,8 nz=59,20,38,84,65,31,21,97,43,6,29,20,12,7,5,10,1,2,0,0,28,12,12,8,6,8,0,3,0,0 sel=00000000000000000000000000000000000000000000000000000000000000000000000000000000000000000000000000000000000000000000000000000000000000000000000000000000000000000000000000000000000000000000000000000000000000000000000000000000000000000000000000000000000000000000000000000000000000000000000000000000000000000000000000000000000000000000000000000000000000000000000000000000000000000000000000000000000000000000000000000000000000000000000000000000000000000000000000000000000000000000000000000000000000000000000000000000 hash=3748766936
EPLAN 3 25 modes=502554623 pc=0 pp=-1 pb=-1 selon=0 prof=0 Q=7 ns=1 k=0 shifts=2,4,4,4,6,6,7,7,7,8,2,4,4,5,6,6,7,7,7,8,2,4,4,5,6,6,7,7,7,8 nz=61,29,43,76,70,29,24,83,30,18,27,18,18,14,14,6,1,0,1,0,24,16,7,10,7,8,1,0,2,0 sel=00000000000000000000000000000000000000000000000000000000000000000000000000000000000000000000000000000000000000000000000000000000000000000000000000000000000000000000000000000000000000000000000000000000000000000000000000000000000000000000000000000000000000000000000000000000000000000000000000000000000000000000000000000000000000000000000000000000000000000000000000000000000000000000000000000000000000000000000000000000000000000000000000000000000000000000000000000000000000000000000000000000000000000000000000000000 hash=2836682460
EPLAN 3 26 modes=32587775 pc=0 pp=-1 pb=-1 selon=0 prof=0 Q=7 ns=2 k=0 shifts=2,4,4,4,5,6,7,7,7,8,2,4,4,5,6,6,7,7,7,8,2,4,4,5,6,6,7,7,7,8 nz=56,29,54,111,152,53,45,112,69,29,28,17,15,16,8,9,0,0,1,0,31,19,8,13,11,11,3,5,4,0 sel=00000000000000000000000000000000000000000000000000000000000000000000000000000000000000000000000000000000000000000000000000000000000000000000000000000000000000000000000000000000000000000000000000000000000000000000000000000000000000000000000000000000000000000000000000000000000000000000000000000000000000000000000000000000000000000000000000000000000000000000000000000000000000000000000000000000000000000000000000000000000000000000000000000000000000000000000000000000000000000000000000000000000000000000000000000000 hash=2715449384
EPLAN 3 27 modes=0 pc=0 pp=-1 pb=-1 selon=0 prof=0 Q=7 ns=1 k=0 shifts=2,4,4,4,6,6,7,7,7,8,2,4,4,5,6,6,7,7,7,8,2,4,4,5,6,6,7,7,7,8 nz=80,53,65,108,136,86,50,143,87,28,35,23,22,20,15,13,3,1,4,0,38,21,17,11,14,10,7,7,4,0 sel=00000000000000000000000000000000000000000000000000000000000000000000000000000000000000000000000000000000000000000000000000000000000000000000000000000000000000000000000000000000000000000000000000000000000000000000000000000000000000000000000000000000000000000000000000000000000000000000000000000000000000000000000000000000000000000000000000000000000000000000000000000000000000000000000000000000000000000000000000000000000000000000000000000000000000000000000000000000000000000000000000000000000000000000000000000000 hash=3758239854
EPLAN 3 28 modes=334561279 pc=0 pp=-1 pb=-1 selon=0 prof=0 Q=7 ns=3 k=0 shifts=2,4,4,4,5,5,7,7,7,8,2,4,4,5,6,6,7,7,7,8,2,4,4,5,6,6,7,7,7,8 nz=50,37,66,97,136,125,28,97,59,27,27,20,13,16,5,14,2,0,7,0,32,18,15,16,13,9,2,2,6,0 sel=00000000000000000000000000000000000000000000000000000000000000000000000000000000000000000000000000000000000000000000000000000000000000000000000000000000000000000000000000000000000000000000000000000000000000000000000000000000000000000000000000000000000000000000000000000000000000000000000000000000000000000000000000000000000000000000000000000000000000000000000000000000000000000000000000000000000000000000000000000000000000000000000000000000000000000000000000000000000000000000000000000000000000000000000000000000 hash=1634246811
EPLAN 3 29 modes=317833215 pc=0 pp=-1 pb=-1 selon=0 prof=0 Q=7 ns=2 k=0 shifts=2,4,4,4,5,6,7,7,7,8,2,4,4,5,6,6,7,7,7,8,2,4,4,5,6,6,7,7,7,8 nz=54,37,49,82,113,32,20,67,33,12,35,14,19,14,10,14,2,0,1,0,27,19,17,15,9,7,1,0,8,0 sel=00000000000000000000000000000000000000000000000000000000000000000000000000000000000000000000000000000000000000000000000000000000000000000000000000000000000000000000000000000000000000000000000000000000000000000000000000000000000000000000000000000000000000000000000000000000000000000000000000000000000000000000000000000000000000000000000000000000000000000000000000000000000000000000000000000000000000000000000000000000000000000000000000000000000000000000000000000000000000000000000000000000000000000000000000000000 hash=3203161188
EPLAN 3 30 modes=402128895 pc=0 pp=-1 pb=-1 selon=0 prof=0 Q=7 ns=4 k=0 shifts=2,4,4,4,5,5,7,7,7,8,2,4,4,4,6,6,7,7,7,8,2,4,4,5,6,6,7,7,7,8 nz=51,35,50,95,92,110,17,73,21,2,26,18,22,46,7,18,1,1,1,0,29,17,15,14,9,5,4,7,3,0 sel=00000000000000000000000000000000000000000000000000000000000000000000000000000000000000000000000000000000000000000000000000000000000000000000000000000000000000000000000000000000000000000000000000000000000000000000000000000000000000000000000000000000000000000000000000000000000000000000000000000000000000000000000000000000000000000000000000000000000000000000000000000000000000000000000000000000000000000000000000000000000000000000000000000000000000000000000000000000000000000000000000000000000000000000000000000000 hash=2323535667
EPLAN 3 31 modes=469172223 pc=0 pp=-1 pb=-1 selon=0 prof=0 Q=7 ns=2 k=0 shifts=2,4,4,4,5,6,7,7,7,8,2,4,4,5,6,6,7,7,7,8,2,4,4,5,6,6,7,7,7,8 nz=53,51,72,114,108,45,24,82,53,12,29,20,22,14,5,8,0,2,2,0,31,24,24,11,6,13,2,6,3,0 sel=00000000000000000000000000000000000000000000000000000000000000000000000000000000000000000000000000000000000000000000000000000000000000000000000000000000000000000000000000000000000000000000000000000000000000000000000000000000000000000000000000000000000000000000000000000000000000000000000000000000000000000000000000000000000000000000000000000000000000000000000000000000000000000000000000000000000000000000000000000000000000000000000000000000000000000000000000000000000000000000000000000000000000000000000000000000 hash=2054852760
EPLAN 3 32 modes=66109439 pc=0 pp=-1 pb=-1 selon=0 prof=0 Q=7 ns=2 k=0 shifts=2,4,4,4,5,6,7,7,7,8,2,4,4,5,6,6,7,7,7,8,2,4,4,5,6,6,7,7,7,8 nz=59,40,62,114,129,45,28,116,57,21,32,14,15,14,11,13,3,0,2,0,30,14,10,10,8,14,1,2,1,0 sel=00000000000000000000000000000000000000000000000000000000000000000000000000000000000000000000000000000000000000000000000000000000000000000000000000000000000000000000000000000000000000000000000000000000000000000000000000000000000000000000000000000000000000000000000000000000000000000000000000000000000000000000000000000000000000000000000000000000000000000000000000000000000000000000000000000000000000000000000000000000000000000000000000000000000000000000000000000000000000000000000000000000000000000000000000000000 hash=1146432978
EPLAN 3 33 modes=15761407 pc=0 pp=-1 pb=-1 selon=0 prof=0 Q=7 ns=1 k=0 shifts=2,4,4,4,6,6,7,7,7,8,2,4,4,5,6,6,7,7,7,8,2,4,4,5,6,6,7,7,7,8 nz=56,46,58,106,64,26,14,95,26,8,30,24,20,11,9,11,0,2,1,0,31,22,16,10,5,4,0,1,1,0 sel=00000000000000000000000000000000000000000000000000000000000000000000000000000000000000000000000000000000000000000000000000000000000000000000000000000000000000000000000000000000000000000000000000000000000000000000000000000000000000000000000000000000000000000000000000000000000000000000000000000000000000000000000000000000000000000000000000000000000000000000000000000000000000000000000000000000000000000000000000000000000000000000000000000000000000000000000000000000000000000000000000000000000000000000000000000000 hash=3092036927
EPLAN 3 34 modes=32522239 pc=0 pp=-1 pb=-1 selon=0 prof=0 Q=7 ns=1 k=0 shifts=2,4,4,4,6,6,7,7,7,8,2,4,4,5,6,6,7,7,7,8,2,4,4,5,6,6,7,7,7,8 nz=56,33,61,136,96,53,42,172,103,40,36,19,21,13,16,13,0,0,1,0,31,22,14,11,12,7,3,4,4,1 sel=00000000000000000000000000000000000000000000000000000000000000000000000000000000000000000000000000000000000000000000000000000000000000000000000000000000000000000000000000000000000000000000000000000000000000000000000000000000000000000000000000000000000000000000000000000000000000000000000000000000000000000000000000000000000000000000000000000000000000000000000000000000000000000000000000000000000000000000000000000000000000000000000000000000000000000000000000000000000000000000000000000000000000000000000000000000 hash=1757792170
EPLAN 3 35 modes=0 pc=0 pp=-1 pb=-1 selon=0 prof=0 Q=7 ns=0 k=0 shifts=2,4,4,5,6,6,7,7,7,8,2,4,4,5,6,6,7,7,7,8,2,4,4,5,6,6,7,7,7,8 nz=80,59,89,109,170,109,74,256,145,53,40,31,30,23,18,22,1,2,1,0,39,25,23,18,13,9,3,7,3,0 sel=00000000000000000000000000000000000000000000000000000000000000000000000000000000000000000000000000000000000000000000000000000000000000000000000000000000000000000000000000000000000000000000000000000000000000000000000000000000000000000000000000000000000000000000000000000000000000000000000000000000000000000000000000000000000000000000000000000000000000000000000000000000000000000000000000000000000000000000000000000000000000000000000000000000000000000000000000000000000000000000000000000000000000000000000000000000 hash=1311806609
EPLAN 3 36 modes=334561279 pc=0 pp=-1 pb=-1 selon=0 prof=0 Q=7 ns=2 k=0 shifts=2,4,4,4,5,6,7,7,7,8,2,4,4,5,6,6,7,7,7,8,2,4,4,5,6,6,7,7,7,8 nz=59,44,74,140,151,62,41,110,87,24,25,21,16,19,8,10,2,0,3,0,30,19,14,14,6,6,2,1,3,0 sel=00000000000000000000000000000000000000000000000000000000000000000000000000000000000000000000000000000000000000000000000000000000000000000000000000000000000000000000000000000000000000000000000000000000000000000000000000000000000000000000000000000000000000000000000000000000000000000000000000000000000000000000000000000000000000000000000000000000000000000000000000000000000000000000000000000000000000000000000000000000000000000000000000000000000000000000000000000000000000000000000000000000000000000000000000000000 hash=1859651465
EPLAN 3 37 modes=317784063 pc=0 pp=-1 pb=-1 selon=0 prof=0 Q=7 ns=2 k=0 shifts=2,4,4,4,5,6,7,7,7,8,2,4,4,5,6,6,7,7,7,8,2,4,4,5,6,6,7,7,7,8 nz=60,26,59,126,117,42,27,83,58,22,33,19,18,22,5,11,2,1,2,0,31,16,15,11,6,4,2,2,1,0 sel=00000000000000000000000000000000000000000000000000000000000000000000000000000000000000000000000000000000000000000000000000000000000000000000000000000000000000000000000000000000000000000000000000000000000000000000000000000000000000000000000000000000000000000000000000000000000000000000000000000000000000000000000000000000000000000000000000000000000000000000000000000000000000000000000000000000000000000000000000000000000000000000000000000000000000000000000000000000000000000000000000000000000000000000000000000000 hash=2066107158
EPLAN 3 38 modes=334823423 pc=0 pp=-1 pb=-1 selon=0 prof=0 Q=7 ns=2 k=0 shifts=2,4,4,4,5,6,7,7,7,8,2,4,4,5,6,6,7,7,7,8,2,4,4,5,6,6,7,7,7,8 nz=58,29,51,116,143,38,25,73,37,10,28,16,17,16,5,23,2,0,3,0,27,10,13,11,7,15,1,2,7,0 sel=00000000000000000000000000000000000000000000000000000000000000000000000000000000000000000000000000000000000000000000000000000000000000000000000000000000000000000000000000000000000000000000000000000000000000000000000000000000000000000000000000000000000000000000000000000000000000000000000000000000000000000000000000000000000000000000000000000000000000000000000000000000000000000000000000000000000000000000000000000000000000000000000000000000000000000000000000000000000000000000000000000000000000000000000000000000 hash=1841411899
EPLAN 3 39 modes=99680255 pc=0 pp=-1 pb=-1 selon=0 prof=0 Q=7 ns=3 k=0 shifts=2,4,4,4,5,5,7,7,7,8,2,4,4,5,6,6,7,7,7,8,2,4,4,5,6,6,7,7,7,8 nz=64,44,57,133,168,164,33,115,65,19,27,23,22,24,11,15,3,2,3,0,29,23,15,7,9,13,4,2,8,0 sel=00000000000000000000000000000000000000000000000000000000000000000000000000000000000000000000000000000000000000000000000000000000000000000000000000000000000000000000000000000000000000000000000000000000000000000000000000000000000000000000000000000000000000000000000000000000000000000000000000000000000000000000000000000000000000000000000000000000000000000000000000000000000000000000000000000000000000000000000000000000000000000000000000000000000000000000000000000000000000000000000000000000000000000000000000000000 hash=2708439306
EPLAN 3 40 modes=401915903 pc=0 pp=-1 pb=-1 selon=0 prof=0 Q=7 ns=2 k=0 shifts=2,4,4,4,5,6,7,7,7,8,2,4,4,5,6,6,7,7,7,8,2,4,4,5,6,6,7,7,7,8 nz=58,34,49,123,143,50,18,82,60,16,29,18,25,26,10,16,1,1,8,0,29,17,25,12,4,9,0,0,3,0 sel=00000000000000000000000000000000000000000000000000000000000000000000000000000000000000000000000000000000000000000000000000000000000000000000000000000000000000000000000000000000000000000000000000000000000000000000000000000000000000000000000000000000000000000000000000000000000000000000000000000000000000000000000000000000000000000000000000000000000000000000000000000000000000000000000000000000000000000000000000000000000000000000000000000000000000000000000000000000000000000000000000000000000000000000000000000000 hash=3270289568
EPLAN 3 41 modes=32555007 pc=0 pp=-1 pb=-1 selon=0 prof=0 Q=7 ns=0 k=0 shifts=2,4,4,5,6,6,7,7,7,8,2,4,4,5,6,6,7,7,7,8,2,4,4,5,6,6,7,7,7,8 nz=65,37,73,65,72,33,23,103,114,30,30,23,22,22,10,22,1,1,2,0,37,24,16,7,9,13,2,0,3,0 sel=00000000000000000000000000000000000000000000000000000000000000000000000000000000000000000000000000000000000000000000000000000000000000000000000000000000000000000000000000000000000000000000000000000000000000000000000000000000000000000000000000000000000000000000000000000000000000000000000000000000000000000000000000000000000000000000000000000000000000000000000000000000000000000000000000000000000000000000000000000000000000000000000000000000000000000000000000000000000000000000000000000000000000000000000000000000 hash=1486498411
EPLAN 3 42 modes=32669695 pc=0 pp=-1 pb=-1 selon=0 prof=0 Q=7 ns=2 k=0 shifts=2,4,4,4,5,6,7,7,7,8,2,4,4,5,6,6,7,7,7,8,2,4,4,5,6,6,7,7,7,8 nz=57,45,44,124,158,32,18,93,49,34,32,20,15,21,13,13,1,3,1,0,26,15,14,10,5,8,2,3,2,0 sel=00000000000000000000000000000000000000000000000000000000000000000000000000000000000000000000000000000000000000000000000000000000000000000000000000000000000000000000000000000000000000000000000000000000000000000000000000000000000000000000000000000000000000000000000000000000000000000000000000000000000000000000000000000000000000000000000000000000000000000000000000000000000000000000000000000000000000000000000000000000000000000000000000000000000000000000000000000000000000000000000000000000000000000000000000000000 hash=3709298705
EPLAN 3 43 modes=0 pc=0 pp=-1 pb=-1 selon=0 prof=0 Q=7 ns=1 k=0 shifts=2,4,4,4,6,6,7,7,7,8,2,4,4,5,6,6,7,7,7,8,2,4,4,5,6,6,7,7,7,8 nz=80,57,77,133,126,99,64,181,154,76,40,22,32,21,8,19,2,0,2,0,40,22,17,22,10,9,2,1,4,0 sel=00000000000000000000000000000000000000000000000000000000000000000000000000000000000000000000000000000000000000000000000000000000000000000000000000000000000000000000000000000000000000000000000000000000000000000000000000000000000000000000000000000000000000000000000000000000000000000000000000000000000000000000000000000000000000000000000000000000000000000000000000000000000000000000000000000000000000000000000000000000000000000000000000000000000000000000000000000000000000000000000000000000000000000000000000000000 hash=774957563
EPLAN 3 44 modes=259031039 pc=0 pp=-1 pb=-1 selon=0 prof=0 Q=7 ns=2 k=0 shifts=2,4,4,4,5,6,7,7,7,8,2,4,4,5,6,6,7,7,7,8,2,4,4,5,6,6,7,7,7,8 nz=54,30,57,129,143,48,33,97,66,25,34,24,16,16,11,10,1,1,0,0,29,13,16,14,9,7,3,4,2,0 sel=00000000000000000000000000000000000000000000000000000000000000000000000000000000000000000000000000000000000000000000000000000000000000000000000000000000000000000000000000000000000000000000000000000000000000000000000000000000000000000000000000000000000000000000000000000000000000000000000000000000000000000000000000000000000000000000000000000000000000000000000000000000000000000000000000000000000000000000000000000000000000000000000000000000000000000000000000000000000000000000000000000000000000000000000000000000 hash=2348300424
EPLAN 3 45 modes=66486271 pc=0 pp=-1 pb=-1 selon=0 prof=0 Q=7 ns=1 k=0 shifts=2,4,4,4,6,6,7,7,7,8,2,4,4,5,6,6,7,7,7,8,2,4,4,5,6,6,7,7,7,8 nz=56,29,55,108,67,33,24,83,54,13,30,19,13,25,16,15,4,6,2,0,31,18,15,17,11,9,1,3,6,0 sel=00000000000000000000000000000000000000000000000000000000000000000000000000000000000000000000000000000000000000000000000000000000000000000000000000000000000000000000000000000000000000000000000000000000000000000000000000000000000000000000000000000000000000000000000000000000000000000000000000000000000000000000000000000000000000000000000000000000000000000000000000000000000000000000000000000000000000000000000000000000000000000000000000000000000000000000000000000000000000000000000000000000000000000000000000000000 hash=498538418
EPLAN 3 46 modes=66248191 pc=1 pp=0 pb=3 selon=0 prof=0 Q=7 ns=0 k=1 shifts=2,4,4,5,6,6,7,7,7,8,2,4,4,5,6,6,7,7,7,8,2,4,4,5,6,6,7,7,7,8 nz=55,40,68,93,66,41,28,95,54,18,31,19,18,23,11,16,1,7,2,0,31,22,20,21,7,10,3,5,5,0 sel=00000000000000000000000000000000000000000000000000000000000000000000000000000000000000000000000000000000000000000000000000000000000000000000000000000000000000000000000000000000000000000000000000000000000000000000000000000000000000000000000000000000000000000000000000000000000000000000000000000000000000000000000000000000000000000000000000000000000000000000000000000000000000000000000000000000000000000000000000000000000000000000000000000000000000000000000000000000000000000000000000000000000000000000000000000000 hash=2458220713
EPLAN 3 47 modes=317997055 pc=1 pp=0 pb=3 selon=0 prof=0 Q=7 ns=0 k=1 shifts=2,4,4,5,6,6,7,7,7,8,2,4,4,5,6,6,7,7,7,8,2,4,4,5,6,6,7,7,7,8 nz=56,35,67,114,58,40,19,76,56,22,32,25,25,20,8,20,2,1,1,0,25,17,26,9,6,7,2,1,5,0 sel=00000000000000000000000000000000000000000000000000000000000000000000000000000000000000000000000000000000000000000000000000000000000000000000000000000000000000000000000000000000000000000000000000000000000000000000000000000000000000000000000000000000000000000000000000000000000000000000000000000000000000000000000000000000000000000000000000000000000000000000000000000000000000000000000000000000000000000000000000000000000000000000000000000000000000000000000000000000000000000000000000000000000000000000000000000000 hash=2202009055
EPLAN 3 48 modes=317767167 pc=0 pp=-1 pb=-1 selon=0 prof=0 Q=7 ns=1 k=0 shifts=2,4,4,4,6,6,7,7,7,8,2,4,4,5,6,6,7,7,7,8,2,4,4,5,6,6,7,7,7,8 nz=60,42,51,106,64,47,37,77,76,17,29,24,21,25,11,17,2,1,3,0,32,17,17,15,7,11,1,1,7,0 sel=00000000000000000000000000000000000000000000000000000000000000000000000000000000000000000000000000000000000000000000000000000000000000000000000000000000000000000000000000000000000000000000000000000000000000000000000000000000000000000000000000000000000000000000000000000000000000000000000000000000000000000000000000000000000000000000000000000000000000000000000000000000000000000000000000000000000000000000000000000000000000000000000000000000000000000000000000000000000000000000000000000000000000000000000000000000 hash=1138092316
EPLAN 3 49 modes=284475391 pc=0 pp=-1 pb=-1 selon=0 prof=0 Q=7 ns=2 k=0 shifts=2,4,4,4,5,6,7,7,7,8,2,4,4,5,6,6,7,7,7,8,2,4,4,5,6,6,7,7,7,8 nz=63,32,47,89,82,29,15,46,47,6,24,19,20,24,7,12,2,1,1,0,29,18,17,15,5,18,1,0,2,0 sel=00000000000000000000000000000000000000000000000000000000000000000000000000000000000000000000000000000000000000000000000000000000000000000000000000000000000000000000000000000000000000000000000000000000000000000000000000000000000000000000000000000000000000000000000000000000000000000000000000000000000000000000000000000000000000000000000000000000000000000000000000000000000000000000000000000000000000000000000000000000000000000000000000000000000000000000000000000000000000000000000000000000000000000000000000000000 hash=3632761452
EPLAN 3 50 modes=200294399 pc=0 pp=-1 pb=-1 selon=0 prof=0 Q=7 ns=1 k=0 shifts=2,4,4,4,6,6,7,7,7,8,2,4,4,5,6,6,7,7,7,8,2,4,4,5,6,6,7,7,7,8 nz=65,33,50,114,49,40,20,87,67,21,31,14,26,28,15,22,1,1,3,0,33,19,20,20,9,10,3,2,6,0 sel=00000000000000000000000000000000000000000000000000000000000000000000000000000000000000000000000000000000000000000000000000000000000000000000000000000000000000000000000000000000000000000000000000000000000000000000000000000000000000000000000000000000000000000000000000000000000000000000000000000000000000000000000000000000000000000000000000000000000000000000000000000000000000000000000000000000000000000000000000000000000000000000000000000000000000000000000000000000000000000000000000000000000000000000000000000000 hash=3252334518
EPLAN 3 51 modes=0 pc=0 pp=-1 pb=-1 selon=0 prof=0 Q=7 ns=4 k=0 shifts=2,4,4,4,5,5,7,7,7,8,2,4,4,4,6,6,7,7,7,8,2,4,4,5,6,6,7,7,7,8 nz=80,54,64,116,115,131,31,100,80,36,40,26,25,47,11,12,3,0,0,0,39,21,21,17,4,13,2,1,5,0 sel=00000000000000000000000000000000000000000000000000000000000000000000000000000000000000000000000000000000000000000000000000000000000000000000000000000000000000000000000000000000000000000000000000000000000000000000000000000000000000000000000000000000000000000000000000000000000000000000000000000000000000000000000000000000000000000000000000000000000000000000000000000000000000000000000000000000000000000000000000000000000000000000000000000000000000000000000000000000000000000000000000000000000000000000000000000000 hash=838726988
EPLAN 3 52 modes=317775871 pc=0 pp=-1 pb=-1 selon=0 prof=0 Q=7 ns=1 k=0 shifts=2,4,4,4,6,6,7,7,7,8,2,4,4,5,6,6,7,7,7,8,2,4,4,5,6,6,7,7,7,8 nz=67,38,47,114,49,63,32,90,93,29,28,16,17,17,9,6,4,0,4,0,24,17,14,9,6,10,3,0,3,0 sel=00000000000000000000000000000000000000000000000000000000000000000000000000000000000000000000000000000000000000000000000000000000000000000000000000000000000000000000000000000000000000000000000000000000000000000000000000000000000000000000000000000000000000000000000000000000000000000000000000000000000000000000000000000000000000000000000000000000000000000000000000000000000000000000000000000000000000000000000000000000000000000000000000000000000000000000000000000000000000000000000000000000000000000000000000000000 hash=3322472900
EPLAN 3 53 modes=24272895 pc=0 pp=-1 pb=-1 selon=0 prof=0 Q=7 ns=0 k=0 shifts=2,4,4,5,6,6,7,7,7,8,2,4,4,5,6,6,7,7,7,8,2,4,4,5,6,6,7,7,7,8 nz=61,44,64,43,84,51,28,114,93,27,33,21,17,24,15,10,6,3,2,0,30,21,20,13,12,9,4,7,3,0 sel=00000000000000000000000000000000000000000000000000000000000000000000000000000000000000000000000000000000000000000000000000000000000000000000000000000000000000000000000000000000000000000000000000000000000000000000000000000000000000000000000000000000000000000000000000000000000000000000000000000000000000000000000000000000000000000000000000000000000000000000000000000000000000000000000000000000000000000000000000000000000000000000000000000000000000000000000000000000000000000000000000000000000000000000000000000000 hash=2577080952
EPLAN 3 54 modes=292618239 pc=0 pp=-1 pb=-1 selon=0 prof=0 Q=7 ns=1 k=0 shifts=2,4,4,4,6,6,7,7,7,8,2,4,4,5,6,6,7,7,7,8,2,4,4,5,6,6,7,7,7,8 nz=58,26,51,100,53,31,24,63,46,10,32,19,24,17,7,20,0,0,0,0,33,16,10,11,7,6,2,0,3,0 sel=00000000000000000000000000000000000000000000000000000000000000000000000000000000000000000000000000000000000000000000000000000000000000000000000000000000000000000000000000000000000000000000000000000000000000000000000000000000000000000000000000000000000000000000000000000000000000000000000000000000000000000000000000000000000000000000000000000000000000000000000000000000000000000000000000000000000000000000000000000000000000000000000000000000000000000000000000000000000000000000000000000000000000000000000000000000 hash=3489155727
EPLAN 3 55 modes=468738047 pc=0 pp=-1 pb=-1 selon=0 prof=0 Q=7 ns=1 k=0 shifts=2,4,4,4,6,6,7,7,7,8,2,4,4,5,6,6,7,7,7,8,2,4,4,5,6,6,7,7,7,8 nz=51,33,44,109,67,55,39,102,81,18,29,16,24,21,8,17,5,1,2,0,25,17,12,18,6,8,1,2,3,0 sel=00000000000000000000000000000000000000000000000000000000000000000000000000000000000000000000000000000000000000000000000000000000000000000000000000000000000000000000000000000000000000000000000000000000000000000000000000000000000000000000000000000000000000000000000000000000000000000000000000000000000000000000000000000000000000000000000000000000000000000000000000000000000000000000000000000000000000000000000000000000000000000000000000000000000000000000000000000000000000000000000000000000000000000000000000000000 hash=3043822519
EPLAN 3 56 modes=66076671 pc=1 pp=0 pb=3 selon=0 prof=0 Q=7 ns=0 k=1 shifts=2,4,4,5,6,6,7,7,7,8,2,4,4,5,6,6,7,7,7,8,2,4,4,5,6,6,7,7,7,8 nz=60,38,60,92,77,42,35,98,50,18,23,20,19,22,14,18,2,1,3,0,32,13,16,15,7,4,0,0,0,0 sel=00000000000000000000000000000000000000000000000000000000000000000000000000000000000000000000000000000000000000000000000000000000000000000000000000000000000000000000000000000000000000000000000000000000000000000000000000000000000000000000000000000000000000000000000000000000000000000000000000000000000000000000000000000000000000000000000000000000000000000000000000000000000000000000000000000000000000000000000000000000000000000000000000000000000000000000000000000000000000000000000000000000000000000000000000000000 hash=2559830071
EPLAN 3 57 modes=49348095 pc=0 pp=-1 pb=-1 selon=0 prof=0 Q=7 ns=0 k=0 shifts=2,4,4,5,6,6,7,7,7,8,2,4,4,5,6,6,7,7,7,8,2,4,4,5,6,6,7,7,7,8 nz=56,45,59,58,86,36,30,92,49,11,28,20,17,11,16,12,2,0,1,0,32,19,13,9,9,7,0,1,1,0 sel=00000000000000000000000000000000000000000000000000000000000000000000000000000000000000000000000000000000000000000000000000000000000000000000000000000000000000000000000000000000000000000000000000000000000000000000000000000000000000000000000000000000000000000000000000000000000000000000000000000000000000000000000000000000000000000000000000000000000000000000000000000000000000000000000000000000000000000000000000000000000000000000000000000000000000000000000000000000000000000000000000000000000000000000000000000000 hash=1399640963
EPLAN 3 58 modes=200310271 pc=0 pp=-1 pb=-1 selon=0 prof=0 Q=7 ns=1 k=0 shifts=2,4,4,4,6,6,7,7,7,8,2,4,4,5,6,6,7,7,7,8,2,4,4,5,6,6,7,7,7,8 nz=63,35,66,121,83,33,25,77,47,8,30,14,20,21,9,14,4,0,2,0,31,17,18,11,5,6,2,2,7,0 sel=00000000000000000000000000000000000000000000000000000000000000000000000000000000000000000000000000000000000000000000000000000000000000000000000000000000000000000000000000000000000000000000000000000000000000000000000000000000000000000000000000000000000000000000000000000000000000000000000000000000000000000000000000000000000000000000000000000000000000000000000000000000000000000000000000000000000000000000000000000000000000000000000000000000000000000000000000000000000000000000000000000000000000000000000000000000 hash=3007995217
EPLAN 3 59 modes=0 pc=0 pp=-1 pb=-1 selon=0 prof=0 Q=7 ns=3 k=0 shifts=2,4,4,4,5,5,7,7,7,8,2,4,4,5,6,6,7,7,7,8,2,4,4,5,6,6,7,7,7,8 nz=80,64,74,133,219,126,45,136,74,29,40,27,19,14,12,21,2,0,2,0,39,15,21,10,2,8,1,0,0,0 sel=00000000000000000000000000000000000000000000000000000000000000000000000000000000000000000000000000000000000000000000000000000000000000000000000000000000000000000000000000000000000000000000000000000000000000000000000000000000000000000000000000000000000000000000000000000000000000000000000000000000000000000000000000000000000000000000000000000000000000000000000000000000000000000000000000000000000000000000000000000000000000000000000000000000000000000000000000000000000000000000000000000000000000000000000000000000 hash=1765365278
EPLAN 3 60 modes=200286207 pc=0 pp=-1 pb=-1 selon=0 prof=0 Q=7 ns=1 k=0 shifts=2,4,4,4,6,6,7,7,7,8,2,4,4,5,6,6,7,7,7,8,2,4,4,5,6,6,7,7,7,8 nz=63,34,62,126,67,40,22,68,60,5,33,20,22,17,8,10,3,1,0,0,35,9,13,13,2,5,1,0,1,0 sel=00000000000000000000000000000000000000000000000000000000000000000000000000000000000000000000000000000000000000000000000000000000000000000000000000000000000000000000000000000000000000000000000000000000000000000000000000000000000000000000000000000000000000000000000000000000000000000000000000000000000000000000000000000000000000000000000000000000000000000000000000000000000000000000000000000000000000000000000000000000000000000000000000000000000000000000000000000000000000000000000000000000000000000000000000000000 hash=3732564039
EPLAN 3 61 modes=368082943 pc=0 pp=-1 pb=-1 selon=0 prof=0 Q=7 ns=0 k=0 shifts=2,4,4,5,6,6,7,7,7,8,2,4,4,5,6,6,7,7,7,8,2,4,4,5,6,6,7,7,7,8 nz=62,45,57,61,56,48,35,80,76,6,30,19,22,19,10,15,3,0,3,0,37,22,19,13,4,10,1,0,0,0 sel=00000000000000000000000000000000000000000000000000000000000000000000000000000000000000000000000000000000000000000000000000000000000000000000000000000000000000000000000000000000000000000000000000000000000000000000000000000000000000000000000000000000000000000000000000000000000000000000000000000000000000000000000000000000000000000000000000000000000000000000000000000000000000000000000000000000000000000000000000000000000000000000000000000000000000000000000000000000000000000000000000000000000000000000000000000000 hash=3400379387
EPLAN 3 62 modes=284171711 pc=0 pp=-1 pb=-1 selon=0 prof=0 Q=7 ns=8 k=0 shifts=2,4,4,4,5,5,7,7,7,8,2,4,4,4,5,5,7,7,7,8,2,4,4,4,5,6,7,7,7,8 nz=58,33,40,80,93,80,13,15,9,0,32,19,14,42,36,48,1,0,0,0,26,15,10,39,22,6,0,0,1,0 sel=00000000000000000000000000000000000000000000000000000000000000000000000000000000000000000000000000000000000000000000000000000000000000000000000000000000000000000000000000000000000000000000000000000000000000000000000000000000000000000000000000000000000000000000000000000000000000000000000000000000000000000000000000000000000000000000000000000000000000000000000000000000000000000000000000000000000000000000000000000000000000000000000000000000000000000000000000000000000000000000000000000000000000000000000000000000 hash=286087609
EPLAN 3 63 modes=7344127 pc=0 pp=-1 pb=-1 selon=0 prof=0 Q=7 ns=6 k=0 shifts=2,4,4,4,5,5,7,7,7,8,2,4,4,4,5,6,7,7,7,8,2,4,4,4,6,6,7,7,7,8 nz=57,26,30,79,95,77,13,39,40,3,28,18,18,40,42,14,4,0,2,0,26,16,10,23,1,6,0,0,0,0 sel=00000000000000000000000000000000000000000000000000000000000000000000000000000000000000000000000000000000000000000000000000000000000000000000000000000000000000000000000000000000000000000000000000000000000000000000000000000000000000000000000000000000000000000000000000000000000000000000000000000000000000000000000000000000000000000000000000000000000000000000000000000000000000000000000000000000000000000000000000000000000000000000000000000000000000000000000000000000000000000000000000000000000000000000000000000000 hash=1766332639
EPLAN 3 64 modes=24190975 pc=0 pp=-1 pb=-1 selon=0 prof=0 Q=7 ns=2 k=0 shifts=2,4,4,4,5,6,7,7,7,8,2,4,4,5,6,6,7,7,7,8,2,4,4,5,6,6,7,7,7,8 nz=53,29,36,89,107,28,22,55,43,15,33,19,24,18,11,11,2,0,1,0,28,20,16,10,4,3,1,0,1,0 sel=00000000000000000000000000000000000000000000000000000000000000000000000000000000000000000000000000000000000000000000000000000000000000000000000000000000000000000000000000000000000000000000000000000000000000000000000000000000000000000000000000000000000000000000000000000000000000000000000000000000000000000000000000000000000000000000000000000000000000000000000000000000000000000000000000000000000000000000000000000000000000000000000000000000000000000000000000000000000000000000000000000000000000000000000000000000 hash=1665929646
EPLAN 3 65 modes=15736831 pc=0 pp=-1 pb=-1 selon=0 prof=0 Q=7 ns=3 k=0 shifts=2,4,4,4,5,5,7,7,7,8,2,4,4,5,6,6,7,7,7,8,2,4,4,5,6,6,7,7,7,8 nz=57,21,42,104,99,99,22,43,36,5,35,19,23,27,3,15,1,0,2,0,20,17,12,17,5,6,1,0,1,0 sel=00000000000000000000000000000000000000000000000000000000000000000000000000000000000000000000000000000000000000000000000000000000000000000000000000000000000000000000000000000000000000000000000000000000000000000000000000000000000000000000000000000000000000000000000000000000000000000000000000000000000000000000000000000000000000000000000000000000000000000000000000000000000000000000000000000000000000000000000000000000000000000000000000000000000000000000000000000000000000000000000000000000000000000000000000000000 hash=3390694693
EPLAN 3 66 modes=40935423 pc=0 pp=-1 pb=-1 selon=0 prof=0 Q=7 ns=6 k=0 shifts=2,4,4,4,5,5,7,7,7,8,2,4,4,4,5,6,7,7,7,8,2,4,4,4,6,6,7,7,7,8 nz=60,25,49,87,97,78,14,37,32,4,29,15,16,43,44,16,2,0,1,0,25,15,14,36,3,9,0,0,0,0 sel=00000000000000000000000000000000000000000000000000000000000000000000000000000000000000000000000000000000000000000000000000000000000000000000000000000000000000000000000000000000000000000000000000000000000000000000000000000000000000000000000000000000000000000000000000000000000000000000000000000000000000000000000000000000000000000000000000000000000000000000000000000000000000000000000000000000000000000000000000000000000000000000000000000000000000000000000000000000000000000000000000000000000000000000000000000000 hash=3454114497
EPLAN 3 67 modes=0 pc=0 pp=-1 pb=-1 selon=0 prof=0 Q=7 ns=7 k=0 shifts=2,4,4,4,5,5,7,7,7,8,2,4,4,4,5,5,7,7,7,8,2,4,4,4,6,6,7,7,7,8 nz=80,51,68,127,195,118,37,81,87,10,40,23,18,50,36,56,3,0,1,0,40,22,12,34,4,10,2,1,5,0 sel=00000000000000000000000000000000000000000000000000000000000000000000000000000000000000000000000000000000000000000000000000000000000000000000000000000000000000000000000000000000000000000000000000000000000000000000000000000000000000000000000000000000000000000000000000000000000000000000000000000000000000000000000000000000000000000000000000000000000000000000000000000000000000000000000000000000000000000000000000000000000000000000000000000000000000000000000000000000000000000000000000000000000000000000000000000000 hash=1062058396
EPLAN 3 68 modes=502406655 pc=0 pp=-1 pb=-1 selon=0 prof=0 Q=7 ns=6 k=0 shifts=2,4,4,4,5,5,7,7,7,8,2,4,4,4,5,6,7,7,7,8,2,4,4,4,6,6,7,7,7,8 nz=54,27,30,95,100,78,19,31,27,0,33,14,22,39,45,23,1,1,7,0,30,22,13,26,6,8,2,1,2,0 sel=00000000000000000000000000000000000000000000000000000000000000000000000000000000000000000000000000000000000000000000000000000000000000000000000000000000000000000000000000000000000000000000000000000000000000000000000000000000000000000000000000000000000000000000000000000000000000000000000000000000000000000000000000000000000000000000000000000000000000000000000000000000000000000000000000000000000000000000000000000000000000000000000000000000000000000000000000000000000000000000000000000000000000000000000000000000 hash=2703807535
EPLAN 3 69 modes=460464127 pc=0 pp=-1 pb=-1 selon=0 prof=0 Q=7 ns=6 k=0 shifts=2,4,4,4,5,5,7,7,7,8,2,4,4,4,5,6,7,7,7,8,2,4,4,4,6,6,7,7,7,8 nz=65,34,45,76,106,66,10,45,23,6,27,19,22,41,46,21,5,0,1,0,24,18,17,37,7,4,2,5,2,0 sel=00000000000000000000000000000000000000000000000000000000000000000000000000000000000000000000000000000000000000000000000000000000000000000000000000000000000000000000000000000000000000000000000000000000000000000000000000000000000000000000000000000000000000000000000000000000000000000000000000000000000000000000000000000000000000000000000000000000000000000000000000000000000000000000000000000000000000000000000000000000000000000000000000000000000000000000000000000000000000000000000000000000000000000000000000000000 hash=1177566468
EPLAN 3 70 modes=536124927 pc=0 pp=-1 pb=-1 selon=0 prof=0 Q=7 ns=3 k=0 shifts=2,4,4,4,5,5,7,7,7,8,2,4,4,5,6,6,7,7,7,8,2,4,4,5,6,6,7,7,7,8 nz=59,37,44,74,109,92,24,33,46,1,30,23,20,25,14,13,2,0,3,0,29,15,16,14,5,9,4,2,10,0 sel=00000000000000000000000000000000000000000000000000000000000000000000000000000000000000000000000000000000000000000000000000000000000000000000000000000000000000000000000000000000000000000000000000000000000000000000000000000000000000000000000000000000000000000000000000000000000000000000000000000000000000000000000000000000000000000000000000000000000000000000000000000000000000000000000000000000000000000000000000000000000000000000000000000000000000000000000000000000000000000000000000000000000000000000000000000000 hash=3655621590
EPLAN 3 71 modes=1073123327 pc=0 pp=-1 pb=-1 selon=0 prof=0 Q=7 ns=6 k=0 shifts=2,4,4,4,5,5,7,7,7,8,2,4,4,4,5,6,7,7,7,8,2,4,4,4,6,6,7,7,7,8 nz=58,23,33,82,102,86,15,22,23,4,32,16,20,40,33,16,5,2,4,0,28,20,16,44,12,15,6,4,7,0 sel=00000000000000000000000000000000000000000000000000000000000000000000000000000000000000000000000000000000000000000000000000000000000000000000000000000000000000000000000000000000000000000000000000000000000000000000000000000000000000000000000000000000000000000000000000000000000000000000000000000000000000000000000000000000000000000000000000000000000000000000000000000000000000000000000000000000000000000000000000000000000000000000000000000000000000000000000000000000000000000000000000000000000000000000000000000000 hash=3705998719
EPLAN 3 72 modes=527953919 pc=0 pp=-1 pb=-1 selon=0 prof=0 Q=7 ns=6 k=0 shifts=2,4,4,4,5,5,7,7,7,8,2,4,4,4,5,6,7,7,7,8,2,4,4,4,6,6,7,7,7,8 nz=62,22,47,86,106,70,8,34,15,1,33,17,20,44,57,14,2,4,11,0,31,13,18,37,3,13,0,4,8,0 sel=00000000000000000000000000000000000000000000000000000000000000000000000000000000000000000000000000000000000000000000000000000000000000000000000000000000000000000000000000000000000000000000000000000000000000000000000000000000000000000000000000000000000000000000000000000000000000000000000000000000000000000000000000000000000000000000000000000000000000000000000000000000000000000000000000000000000000000000000000000000000000000000000000000000000000000000000000000000000000000000000000000000000000000000000000000000 hash=1656438787
EPLAN 3 73 modes=469237247 pc=0 pp=-1 pb=-1 selon=0 prof=0 Q=7 ns=1 k=0 shifts=2,4,4,4,6,6,7,7,7,8,2,4,4,5,6,6,7,7,7,8,2,4,4,5,6,6,7,7,7,8 nz=51,44,62,95,74,28,25,56,30,2,30,26,27,37,8,14,5,4,13,0,31,18,14,6,6,10,1,2,6,0 sel=00000000000000000000000000000000000000000000000000000000000000000000000000000000000000000000000000000000000000000000000000000000000000000000000000000000000000000000000000000000000000000000000000000000000000000000000000000000000000000000000000000000000000000000000000000000000000000000000000000000000000000000000000000000000000000000000000000000000000000000000000000000000000000000000000000000000000000000000000000000000000000000000000000000000000000000000000000000000000000000000000000000000000000000000000000000 hash=2197900173
EPLAN 3 74 modes=536084479 pc=0 pp=-1 pb=-1 selon=0 prof=0 Q=7 ns=1 k=0 shifts=2,4,4,4,6,6,7,7,7,8,2,4,4,5,6,6,7,7,7,8,2,4,4,5,6,6,7,7,7,8 nz=60,42,64,92,69,43,24,60,36,4,32,16,23,25,12,25,4,2,9,0,25,15,11,16,6,11,6,0,4,0 sel=00000000000000000000000000000000000000000000000000000000000000000000000000000000000000000000000000000000000000000000000000000000000000000000000000000000000000000000000000000000000000000000000000000000000000000000000000000000000000000000000000000000000000000000000000000000000000000000000000000000000000000000000000000000000000000000000000000000000000000000000000000000000000000000000000000000000000000000000000000000000000000000000000000000000000000000000000000000000000000000000000000000000000000000000000000000 hash=188561304
EPLAN 3 75 modes=0 pc=0 pp=-1 pb=-1 selon=0 prof=0 Q=8 ns=22 k=0 shifts=2,5,5,4,6,6,7,7,7,8,2,5,5,5,6,6,7,7,7,8,2,5,5,5,6,6,7,7,7,8 nz=80,45,61,121,165,103,87,191,88,8,38,10,13,23,19,31,8,3,12,0,39,8,14,19,16,17,0,3,4,0 sel=00000000000000000000000000000000000000000000000000000000000000000000000000000000000000000000000000000000000000000000000000000000000000000000000000000000000000000000000000000000000000000000000000000000000000000000000000000000000000000000000000000000000000000000000000000000000000000000000000000000000000000000000000000000000000000000000000000000000000000000000000000000000000000000000000000000000000000000000000000000000000000000000000000000000000000000000000000000000000000000000000000000000000000000000000000000 hash=220592538
EPLAN 3 76 modes=317726207 pc=0 pp=-1 pb=-1 selon=0 prof=0 Q=7 ns=6 k=0 shifts=2,4,4,4,5,5,7,7,7,8,2,4,4,4,5,6,7,7,7,8,2,4,4,4,6,6,7,7,7,8 nz=53,38,44,88,139,118,26,92,56,9,31,19,14,39,43,9,1,0,0,0,22,10,10,25,4,5,0,0,2,0 sel=00000000000000000000000000000000000000000000000000000000000000000000000000000000000000000000000000000000000000000000000000000000000000000000000000000000000000000000000000000000000000000000000000000000000000000000000000000000000000000000000000000000000000000000000000000000000000000000000000000000000000000000000000000000000000000000000000000000000000000000000000000000000000000000000000000000000000000000000000000000000000000000000000000000000000000000000000000000000000000000000000000000000000000000000000000000 hash=2459952905
EPLAN 3 77 modes=66068479 pc=0 pp=-1 pb=-1 selon=0 prof=0 Q=7 ns=6 k=0 shifts=2,4,4,4,5,5,7,7,7,8,2,4,4,4,5,6,7,7,7,8,2,4,4,4,6,6,7,7,7,8 nz=48,32,55,91,162,125,39,96,77,12,28,15,18,34,35,14,2,0,1,0,25,12,14,30,4,2,0,1,1,0 sel=00000000000000000000000000000000000000000000000000000000000000000000000000000000000000000000000000000000000000000000000000000000000000000000000000000000000000000000000000000000000000000000000000000000000000000000000000000000000000000000000000000000000000000000000000000000000000000000000000000000000000000000000000000000000000000000000000000000000000000000000000000000000000000000000000000000000000000000000000000000000000000000000000000000000000000000000000000000000000000000000000000000000000000000000000000000 hash=1569454876
EPLAN 3 78 modes=57720831 pc=0 pp=-1 pb=-1 selon=0 prof=0 Q=7 ns=5 k=0 shifts=2,4,4,4,5,5,7,7,7,8,2,4,4,4,6,6,7,7,7,8,2,4,4,4,6,6,7,7,7,8 nz=62,39,50,92,189,148,32,93,73,17,33,17,11,35,8,7,4,0,0,0,27,21,13,18,5,1,0,0,1,0 sel=00000000000000000000000000000000000000000000000000000000000000000000000000000000000000000000000000000000000000000000000000000000000000000000000000000000000000000000000000000000000000000000000000000000000000000000000000000000000000000000000000000000000000000000000000000000000000000000000000000000000000000000000000000000000000000000000000000000000000000000000000000000000000000000000000000000000000000000000000000000000000000000000000000000000000000000000000000000000000000000000000000000000000000000000000000000 hash=2408734997
EPLAN 3 79 modes=32522239 pc=0 pp=-1 pb=-1 selon=0 prof=0 Q=7 ns=6 k=0 shifts=2,4,4,4,5,5,7,7,7,8,2,4,4,4,5,6,7,7,7,8,2,4,4,4,6,6,7,7,7,8 nz=56,33,43,109,152,125,39,112,90,11,25,15,14,23,41,1,5,0,0,0,22,11,15,16,4,1,0,0,0,0 sel=00000000000000000000000000000000000000000000000000000000000000000000000000000000000000000000000000000000000000000000000000000000000000000000000000000000000000000000000000000000000000000000000000000000000000000000000000000000000000000000000000000000000000000000000000000000000000000000000000000000000000000000000000000000000000000000000000000000000000000000000000000000000000000000000000000000000000000000000000000000000000000000000000000000000000000000000000000000000000000000000000000000000000000000000000000000 hash=1813782526
EPLAN 3 80 modes=15745023 pc=0 pp=-1 pb=-1 selon=0 prof=0 Q=7 ns=2 k=0 shifts=2,4,4,4,5,6,7,7,7,8,2,4,4,5,6,6,7,7,7,8,2,4,4,5,6,6,7,7,7,8 nz=66,30,58,103,223,70,40,155,74,15,30,16,2,5,8,13,0,0,1,0,22,9,8,4,5,0,0,0,0,0 sel=00000000000000000000000000000000000000000000000000000000000000000000000000000000000000000000000000000000000000000000000000000000000000000000000000000000000000000000000000000000000000000000000000000000000000000000000000000000000000000000000000000000000000000000000000000000000000000000000000000000000000000000000000000000000000000000000000000000000000000000000000000000000000000000000000000000000000000000000000000000000000000000000000000000000000000000000000000000000000000000000000000000000000000000000000000000 hash=274434050
EPLAN 3 81 modes=32538111 pc=0 pp=-1 pb=-1 selon=0 prof=0 Q=8 ns=13 k=0 shifts=2,5,5,5,6,6,7,7,8,9,2,5,5,5,6,6,7,8,8,9,2,5,5,5,6,6,7,8,8,9 nz=51,30,26,48,96,55,54,275,23,0,32,8,2,9,6,7,1,0,0,0,24,5,3,2,6,2,0,0,0,0 sel=00000000000000000000000000000000000000000000000000000000000000000000000000000000000000000000000000000000000000000000000000000000000000000000000000000000000000000000000000000000000000000000000000000000000000000000000000000000000000000000000000000000000000000000000000000000000000000000000000000000000000000000000000000000000000000000000000000000000000000000000000000000000000000000000000000000000000000000000000000000000000000000000000000000000000000000000000000000000000000000000000000000000000000000000000000000 hash=1869355029
EPLAN 3 82 modes=7347711 pc=0 pp=-1 pb=-1 selon=0 prof=0 Q=8 ns=13 k=0 shifts=2,5,5,5,6,6,7,7,8,9,2,5,5,5,6,6,7,8,8,9,2,5,5,5,6,6,7,8,8,9 nz=58,25,41,76,179,96,77,247,36,0,28,6,4,13,10,12,6,0,0,0,28,2,2,8,9,5,0,0,0,0 sel=00000000000000000000000000000000000000000000000000000000000000000000000000000000000000000000000000000000000000000000000000000000000000000000000000000000000000000000000000000000000000000000000000000000000000000000000000000000000000000000000000000000000000000000000000000000000000000000000000000000000000000000000000000000000000000000000000000000000000000000000000000000000000000000000000000000000000000000000000000000000000000000000000000000000000000000000000000000000000000000000000000000000000000000000000000000 hash=4075392874
EPLAN 3 83 modes=0 pc=0 pp=-1 pb=-1 selon=0 prof=0 Q=9 ns=13 k=0 shifts=2,6,6,6,7,7,8,8,9,10,2,6,6,6,7,7,8,9,9,10,2,6,6,6,7,7,8,9,9,10 nz=80,39,68,91,168,109,70,103,1,0,40,7,3,5,0,0,0,0,0,0,40,6,5,1,1,0,0,0,0,0 sel=00000000000000000000000000000000000000000000000000000000000000000000000000000000000000000000000000000000000000000000000000000000000000000000000000000000000000000000000000000000000000000000000000000000000000000000000000000000000000000000000000000000000000000000000000000000000000000000000000000000000000000000000000000000000000000000000000000000000000000000000000000000000000000000000000000000000000000000000000000000000000000000000000000000000000000000000000000000000000000000000000000000000000000000000000000000 hash=2341895979
EPLAN 3 84 modes=32538111 pc=0 pp=-1 pb=-1 selon=0 prof=0 Q=8 ns=13 k=0 shifts=2,5,5,5,6,6,7,7,8,9,2,5,5,5,6,6,7,8,8,9,2,5,5,5,6,6,7,8,8,9 nz=55,22,34,77,124,102,62,151,24,0,22,6,3,13,12,7,1,0,0,0,21,3,2,3,3,5,2,0,0,0 sel=00000000000000000000000000000000000000000000000000000000000000000000000000000000000000000000000000000000000000000000000000000000000000000000000000000000000000000000000000000000000000000000000000000000000000000000000000000000000000000000000000000000000000000000000000000000000000000000000000000000000000000000000000000000000000000000000000000000000000000000000000000000000000000000000000000000000000000000000000000000000000000000000000000000000000000000000000000000000000000000000000000000000000000000000000000000 hash=3259128017
EPLAN 3 85 modes=66092543 pc=0 pp=-1 pb=-1 selon=0 prof=0 Q=8 ns=13 k=0 shifts=2,5,5,5,6,6,7,7,8,9,2,5,5,5,6,6,7,8,8,9,2,5,5,5,6,6,7,8,8,9 nz=58,21,41,83,137,81,60,173,9,0,31,6,7,14,4,17,2,0,0,0,29,7,2,4,6,4,0,0,0,0 sel=00000000000000000000000000000000000000000000000000000000000000000000000000000000000000000000000000000000000000000000000000000000000000000000000000000000000000000000000000000000000000000000000000000000000000000000000000000000000000000000000000000000000000000000000000000000000000000000000000000000000000000000000000000000000000000000000000000000000000000000000000000000000000000000000000000000000000000000000000000000000000000000000000000000000000000000000000000000000000000000000000000000000000000000000000000000 hash=2007672082
EPLAN 3 86 modes=66092543 pc=1 pp=0 pb=3 selon=0 prof=0 Q=8 ns=21 k=1 shifts=2,5,5,5,6,6,7,7,7,8,2,5,5,5,6,6,7,7,7,8,2,5,5,5,6,6,7,7,7,8 nz=64,22,31,147,135,112,60,146,135,10,29,6,3,14,8,11,1,0,0,0,26,2,3,2,4,1,0,0,0,0 sel=00000000000000000000000000000000000000000000000000000000000000000000000000000000000000000000000000000000000000000000000000000000000000000000000000000000000000000000000000000000000000000000000000000000000000000000000000000000000000000000000000000000000000000000000000000000000000000000000000000000000000000000000000000000000000000000000000000000000000000000000000000000000000000000000000000000000000000000000000000000000000000000000000000000000000000000000000000000000000000000000000000000000000000000000000000000 hash=779107367
EPLAN 3 87 modes=66092543 pc=0 pp=-1 pb=-1 selon=0 prof=0 Q=8 ns=13 k=0 shifts=2,5,5,5,6,6,7,7,8,9,2,5,5,5,6,6,7,8,8,9,2,5,5,5,6,6,7,8,8,9 nz=56,29,32,87,114,70,59,186,34,0,31,5,6,9,6,9,2,0,0,0,28,8,1,6,7,0,0,0,0,0 sel=00000000000000000000000000000000000000000000000000000000000000000000000000000000000000000000000000000000000000000000000000000000000000000000000000000000000000000000000000000000000000000000000000000000000000000000000000000000000000000000000000000000000000000000000000000000000000000000000000000000000000000000000000000000000000000000000000000000000000000000000000000000000000000000000000000000000000000000000000000000000000000000000000000000000000000000000000000000000000000000000000000000000000000000000000000000 hash=3026574606
EPLAN 3 88 modes=66076671 pc=0 pp=-1 pb=-1 selon=0 prof=0 Q=7 ns=1 k=0 shifts=2,4,4,4,6,6,7,7,7,8,2,4,4,5,6,6,7,7,7,8,2,4,4,5,6,6,7,7,7,8 nz=60,39,67,138,103,89,42,124,82,1,27,16,17,14,6,9,1,0,0,0,23,13,11,5,6,3,0,0,0,0 sel=00000000000000000000000000000000000000000000000000000000000000000000000000000000000000000000000000000000000000000000000000000000000000000000000000000000000000000000000000000000000000000000000000000000000000000000000000000000000000000000000000000000000000000000000000000000000000000000000000000000000000000000000000000000000000000000000000000000000000000000000000000000000000000000000000000000000000000000000000000000000000000000000000000000000000000000000000000000000000000000000000000000000000000000000000000000 hash=437679490
EPLAN 3 89 modes=66080255 pc=1 pp=0 pb=3 selon=0 prof=0 Q=7 ns=0 k=1 shifts=2,4,4,5,6,6,7,7,7,8,2,4,4,5,6,6,7,7,7,8,2,4,4,5,6,6,7,7,7,8 nz=53,50,65,116,91,74,25,93,114,1,29,23,19,11,4,4,0,0,0,0,25,14,9,5,4,1,0,3,0,0 sel=00000000000000000000000000000000000000000000000000000000000000000000000000000000000000000000000000000000000000000000000000000000000000000000000000000000000000000000000000000000000000000000000000000000000000000000000000000000000000000000000000000000000000000000000000000000000000000000000000000000000000000000000000000000000000000000000000000000000000000000000000000000000000000000000000000000000000000000000000000000000000000000000000000000000000000000000000000000000000000000000000000000000000000000000000000000 hash=3829192143
EPLAN 4 0 modes=7609855 pc=0 pp=-1 pb=-1 selon=0 prof=0 Q=7 ns=13 k=0 shifts=2,4,4,4,5,5,6,6,7,8,2,4,4,4,5,5,6,7,7,8,2,4,4,4,5,5,6,7,7,8 nz=47,15,31,83,35,49,29,21,3,0,34,21,18,33,16,25,49,0,0,0,30,15,6,17,10,10,21,0,0,0 sel=00000000000000000000000000000000000000000000000000000000000000000000000000000000000000000000000000000000000000000000000000000000000000000000000000000000000000000000000000000000000000000000000000000000000000000000000000000000000000000000000000000000000000000000000000000000000000000000000000000000000000000000000000000000000000000000000000000000000000000000000000000000000000000000000000000000000000000000000000000000000000000000000000000000000000000000000000000000000000000000000000000000000000000000000000000000 hash=950265876
EPLAN 4 1 modes=3153407 pc=0 pp=-1 pb=-1 selon=0 prof=0 Q=7 ns=11 k=0 shifts=2,4,4,4,5,5,6,7,7,8,2,4,4,4,5,5,6,7,7,8,2,4,4,4,5,5,7,7,7,8 nz=48,23,36,79,52,52,32,0,4,0,32,15,11,33,16,30,33,0,1,0,26,18,7,14,8,21,0,0,0,0 sel=00000000000000000000000000000000000000000000000000000000000000000000000000000000000000000000000000000000000000000000000000000000000000000000000000000000000000000000000000000000000000000000000000000000000000000000000000000000000000000000000000000000000000000000000000000000000000000000000000000000000000000000000000000000000000000000000000000000000000000000000000000000000000000000000000000000000000000000000000000000000000000000000000000000000000000000000000000000000000000000000000000000000000000000000000000000 hash=1637051763
EPLAN 4 2 modes=3149311 pc=0 pp=-1 pb=-1 selon=0 prof=0 Q=7 ns=11 k=0 shifts=2,4,4,4,5,5,6,7,7,8,2,4,4,4,5,5,6,7,7,8,2,4,4,4,5,5,7,7,7,8 nz=54,32,34,73,39,54,24,2,0,0,27,15,17,24,27,40,45,0,0,0,30,22,6,14,8,30,0,0,0,0 sel=00000000000000000000000000000000000000000000000000000000000000000000000000000000000000000000000000000000000000000000000000000000000000000000000000000000000000000000000000000000000000000000000000000000000000000000000000000000000000000000000000000000000000000000000000000000000000000000000000000000000000000000000000000000000000000000000000000000000000000000000000000000000000000000000000000000000000000000000000000000000000000000000000000000000000000000000000000000000000000000000000000000000000000000000000000000 hash=2845199403
EPLAN 4 3 modes=3153407 pc=0 pp=-1 pb=-1 selon=0 prof=0 Q=7 ns=12 k=0 shifts=2,4,4,4,5,5,6,7,7,8,2,4,4,4,5,5,6,7,7,8,2,4,4,4,5,5,6,7,7,8 nz=46,23,36,84,40,63,31,1,5,0,35,18,12,37,21,32,26,0,0,0,26,18,2,17,7,13,20,0,0,0 sel=00000000000000000000000000000000000000000000000000000000000000000000000000000000000000000000000000000000000000000000000000000000000000000000000000000000000000000000000000000000000000000000000000000000000000000000000000000000000000000000000000000000000000000000000000000000000000000000000000000000000000000000000000000000000000000000000000000000000000000000000000000000000000000000000000000000000000000000000000000000000000000000000000000000000000000000000000000000000000000000000000000000000000000000000000000000 hash=343526466
EPLAN 4 4 modes=0 pc=0 pp=-1 pb=-1 selon=0 prof=0 Q=7 ns=16 k=0 shifts=2,4,4,4,5,5,6,6,6,8,2,4,4,4,5,5,6,6,6,8,2,4,4,4,5,5,6,7,7,8 nz=80,60,71,116,115,97,27,27,57,0,38,19,11,33,30,45,32,4,56,0,38,19,4,21,4,25,18,0,0,0 sel=00000000000000000000000000000000000000000000000000000000000000000000000000000000000000000000000000000000000000000000000000000000000000000000000000000000000000000000000000000000000000000000000000000000000000000000000000000000000000000000000000000000000000000000000000000000000000000000000000000000000000000000000000000000000000000000000000000000000000000000000000000000000000000000000000000000000000000000000000000000000000000000000000000000000000000000000000000000000000000000000000000000000000000000000000000000 hash=3908228069
EPLAN 4 5 modes=1052095 pc=0 pp=-1 pb=-1 selon=0 prof=0 Q=7 ns=12 k=0 shifts=2,4,4,4,5,5,6,7,7,8,2,4,4,4,5,5,6,7,7,8,2,4,4,4,5,5,6,7,7,8 nz=53,16,31,70,86,47,31,10,0,0,31,23,13,27,18,29,36,0,0,0,30,21,7,14,18,11,17,0,0,0 sel=00000000000000000000000000000000000000000000000000000000000000000000000000000000000000000000000000000000000000000000000000000000000000000000000000000000000000000000000000000000000000000000000000000000000000000000000000000000000000000000000000000000000000000000000000000000000000000000000000000000000000000000000000000000000000000000000000000000000000000000000000000000000000000000000000000000000000000000000000000000000000000000000000000000000000000000000000000000000000000000000000000000000000000000000000000000 hash=2080203218
EPLAN 4 6 modes=7343423 pc=0 pp=-1 pb=-1 selon=0 prof=0 Q=7 ns=12 k=0 shifts=2,4,4,4,5,5,6,7,7,8,2,4,4,4,5,5,6,7,7,8,2,4,4,4,5,5,6,7,7,8 nz=48,17,37,83,74,50,17,0,0,0,34,19,6,32,30,31,33,0,0,0,29,6,3,14,7,11,21,0,0,0 sel=00000000000000000000000000000000000000000000000000000000000000000000000000000000000000000000000000000000000000000000000000000000000000000000000000000000000000000000000000000000000000000000000000000000000000000000000000000000000000000000000000000000000000000000000000000000000000000000000000000000000000000000000000000000000000000000000000000000000000000000000000000000000000000000000000000000000000000000000000000000000000000000000000000000000000000000000000000000000000000000000000000000000000000000000000000000 hash=727884841
EPLAN 4 7 modes=3151295 pc=0 pp=-1 pb=-1 selon=0 prof=0 Q=7 ns=11 k=0 shifts=2,4,4,4,5,5,6,7,7,8,2,4,4,4,5,5,6,7,7,8,2,4,4,4,5,5,7,7,7,8 nz=45,13,29,80,86,40,13,17,3,0,24,17,10,31,23,32,32,0,1,0,28,13,4,17,11,20,0,0,0,0 sel=00000000000000000000000000000000000000000000000000000000000000000000000000000000000000000000000000000000000000000000000000000000000000000000000000000000000000000000000000000000000000000000000000000000000000000000000000000000000000000000000000000000000000000000000000000000000000000000000000000000000000000000000000000000000000000000000000000000000000000000000000000000000000000000000000000000000000000000000000000000000000000000000000000000000000000000000000000000000000000000000000000000000000000000000000000000 hash=1358411738
EPLAN 4 8 modes=7343231 pc=0 pp=-1 pb=-1 selon=0 prof=0 Q=7 ns=12 k=0 shifts=2,4,4,4,5,5,6,7,7,8,2,4,4,4,5,5,6,7,7,8,2,4,4,4,5,5,6,7,7,8 nz=60,16,38,73,63,45,16,20,2,0,32,20,8,28,12,34,27,0,0,0,25,15,6,20,16,17,25,0,0,0 sel=00000000000000000000000000000000000000000000000000000000000000000000000000000000000000000000000000000000000000000000000000000000000000000000000000000000000000000000000000000000000000000000000000000000000000000000000000000000000000000000000000000000000000000000000000000000000000000000000000000000000000000000000000000000000000000000000000000000000000000000000000000000000000000000000000000000000000000000000000000000000000000000000000000000000000000000000000000000000000000000000000000000000000000000000000000000 hash=1368753639
EPLAN 4 9 modes=87033343 pc=0 pp=-1 pb=-1 selon=0 prof=0 Q=7 ns=12 k=0 shifts=2,4,4,4,5,5,6,7,7,8,2,4,4,4,5,5,6,7,7,8,2,4,4,4,5,5,6,7,7,8 nz=45,22,40,82,53,43,18,13,1,0,27,19,7,28,23,38,40,0,2,0,27,21,9,18,14,16,24,0,0,0 sel=00000000000000000000000000000000000000000000000000000000000000000000000000000000000000000000000000000000000000000000000000000000000000000000000000000000000000000000000000000000000000000000000000000000000000000000000000000000000000000000000000000000000000000000000000000000000000000000000000000000000000000000000000000000000000000000000000000000000000000000000000000000000000000000000000000000000000000000000000000000000000000000000000000000000000000000000000000000000000000000000000000000000000000000000000000000 hash=1233368594
EPLAN 4 10 modes=3149311 pc=0 pp=-1 pb=-1 selon=0 prof=0 Q=7 ns=9 k=0 shifts=2,4,4,4,5,5,7,7,7,8,2,4,4,4,5,5,7,7,7,8,2,4,4,4,5,5,7,7,7,8 nz=51,24,32,71,116,23,1,36,0,0,27,17,6,26,25,38,0,0,0,0,29,22,6,25,16,19,0,0,0,0 sel=00000000000000000000000000000000000000000000000000000000000000000000000000000000000000000000000000000000000000000000000000000000000000000000000000000000000000000000000000000000000000000000000000000000000000000000000000000000000000000000000000000000000000000000000000000000000000000000000000000000000000000000000000000000000000000000000000000000000000000000000000000000000000000000000000000000000000000000000000000000000000000000000000000000000000000000000000000000000000000000000000000000000000000000000000000000 hash=815928281
EPLAN 4 11 modes=26222079 pc=0 pp=-1 pb=-1 selon=0 prof=0 Q=7 ns=10 k=0 shifts=2,4,4,4,5,5,6,7,7,8,2,4,4,4,5,5,7,7,7,8,2,4,4,4,5,5,7,7,7,8 nz=50,20,39,69,108,54,28,3,0,0,30,17,8,28,26,29,1,0,0,0,26,14,5,28,13,19,0,0,0,0 sel=00000000000000000000000000000000000000000000000000000000000000000000000000000000000000000000000000000000000000000000000000000000000000000000000000000000000000000000000000000000000000000000000000000000000000000000000000000000000000000000000000000000000000000000000000000000000000000000000000000000000000000000000000000000000000000000000000000000000000000000000000000000000000000000000000000000000000000000000000000000000000000000000000000000000000000000000000000000000000000000000000000000000000000000000000000000 hash=2077757475
EPLAN 4 12 modes=0 pc=0 pp=-1 pb=-1 selon=0 prof=0 Q=7 ns=16 k=0 shifts=2,4,4,4,5,5,6,6,6,8,2,4,4,4,5,5,6,6,6,8,2,4,4,4,5,5,6,7,7,8 nz=80,44,49,100,157,53,37,145,45,0,33,14,9,25,26,22,31,5,30,0,37,15,9,23,14,23,32,0,2,0 sel=00000000000000000000000000000000000000000000000000000000000000000000000000000000000000000000000000000000000000000000000000000000000000000000000000000000000000000000000000000000000000000000000000000000000000000000000000000000000000000000000000000000000000000000000000000000000000000000000000000000000000000000000000000000000000000000000000000000000000000000000000000000000000000000000000000000000000000000000000000000000000000000000000000000000000000000000000000000000000000000000000000000000000000000000000000000 hash=3439364830
EPLAN 4 13 modes=57679359 pc=0 pp=-1 pb=-1 selon=0 prof=0 Q=7 ns=11 k=0 shifts=2,4,4,4,5,5,6,7,7,8,2,4,4,4,5,5,6,7,7,8,2,4,4,4,5,5,7,7,7,8 nz=43,19,22,66,52,41,39,10,8,0,31,14,11,26,22,27,32,0,0,0,27,13,8,14,16,24,1,0,0,0 sel=00000000000000000000000000000000000000000000000000000000000000000000000000000000000000000000000000000000000000000000000000000000000000000000000000000000000000000000000000000000000000000000000000000000000000000000000000000000000000000000000000000000000000000000000000000000000000000000000000000000000000000000000000000000000000000000000000000000000000000000000000000000000000000000000000000000000000000000000000000000000000000000000000000000000000000000000000000000000000000000000000000000000000000000000000000000 hash=1401863917
EPLAN 4 14 modes=7347711 pc=0 pp=-1 pb=-1 selon=0 prof=0 Q=7 ns=13 k=0 shifts=2,4,4,4,5,5,6,6,7,8,2,4,4,4,5,5,6,7,7,8,2,4,4,4,5,5,6,7,7,8 nz=56,15,13,45,57,29,23,31,3,0,32,19,8,37,18,27,45,0,0,0,33,16,9,24,15,24,22,0,0,0 sel=00000000000000000000000000000000000000000000000000000000000000000000000000000000000000000000000000000000000000000000000000000000000000000000000000000000000000000000000000000000000000000000000000000000000000000000000000000000000000000000000000000000000000000000000000000000000000000000000000000000000000000000000000000000000000000000000000000000000000000000000000000000000000000000000000000000000000000000000000000000000000000000000000000000000000000000000000000000000000000000000000000000000000000000000000000000 hash=4167684888
EPLAN 4 15 modes=7346175 pc=0 pp=-1 pb=-1 selon=0 prof=0 Q=7 ns=9 k=0 shifts=2,4,4,4,5,5,7,7,7,8,2,4,4,4,5,5,7,7,7,8,2,4,4,4,5,5,7,7,7,8 nz=49,22,22,65,56,61,13,21,16,0,29,15,9,30,25,34,0,0,0,0,31,13,6,25,21,22,0,0,1,0 sel=00000000000000000000000000000000000000000000000000000000000000000000000000000000000000000000000000000000000000000000000000000000000000000000000000000000000000000000000000000000000000000000000000000000000000000000000000000000000000000000000000000000000000000000000000000000000000000000000000000000000000000000000000000000000000000000000000000000000000000000000000000000000000000000000000000000000000000000000000000000000000000000000000000000000000000000000000000000000000000000000000000000000000000000000000000000 hash=3464388920
EPLAN 4 16 modes=3153407 pc=0 pp=-1 pb=-1 selon=0 prof=0 Q=7 ns=15 k=0 shifts=2,4,4,4,5,5,6,6,6,8,2,4,4,4,5,5,6,6,7,8,2,4,4,4,5,5,6,7,7,8 nz=46,24,20,44,23,32,25,14,32,0,29,14,5,29,22,33,40,9,0,0,23,9,5,24,12,20,25,0,0,0 sel=00000000000000000000000000000000000000000000000000000000000000000000000000000000000000000000000000000000000000000000000000000000000000000000000000000000000000000000000000000000000000000000000000000000000000000000000000000000000000000000000000000000000000000000000000000000000000000000000000000000000000000000000000000000000000000000000000000000000000000000000000000000000000000000000000000000000000000000000000000000000000000000000000000000000000000000000000000000000000000000000000000000000000000000000000000000 hash=2427401720
EPLAN 4 17 modes=225476607 pc=0 pp=-1 pb=-1 selon=0 prof=0 Q=7 ns=2 k=0 shifts=2,4,4,4,5,6,7,7,7,8,2,4,4,5,6,6,7,7,7,8,2,4,4,5,6,6,7,7,7,8 nz=57,23,38,91,87,41,31,71,63,12,26,16,14,10,6,9,0,0,0,0,32,12,8,5,5,7,0,2,1,0 sel=00000000000000000000000000000000000000000000000000000000000000000000000000000000000000000000000000000000000000000000000000000000000000000000000000000000000000000000000000000000000000000000000000000000000000000000000000000000000000000000000000000000000000000000000000000000000000000000000000000000000000000000000000000000000000000000000000000000000000000000000000000000000000000000000000000000000000000000000000000000000000000000000000000000000000000000000000000000000000000000000000000000000000000000000000000000 hash=1287901835
EPLAN 4 18 modes=275791359 pc=0 pp=-1 pb=-1 selon=0 prof=0 Q=7 ns=11 k=0 shifts=2,4,4,4,5,5,6,7,7,8,2,4,4,4,5,5,6,7,7,8,2,4,4,4,5,5,7,7,7,8 nz=59,23,19,71,43,47,43,19,13,1,30,12,8,38,26,29,38,0,1,0,31,18,8,21,14,29,0,0,2,0 sel=00000000000000000000000000000000000000000000000000000000000000000000000000000000000000000000000000000000000000000000000000000000000000000000000000000000000000000000000000000000000000000000000000000000000000000000000000000000000000000000000000000000000000000000000000000000000000000000000000000000000000000000000000000000000000000000000000000000000000000000000000000000000000000000000000000000000000000000000000000000000000000000000000000000000000000000000000000000000000000000000000000000000000000000000000000000 hash=3369147452
EPLAN 4 19 modes=24125439 pc=0 pp=-1 pb=-1 selon=0 prof=0 Q=7 ns=9 k=0 shifts=2,4,4,4,5,5,7,7,7,8,2,4,4,4,5,5,7,7,7,8,2,4,4,4,5,5,7,7,7,8 nz=52,17,30,75,59,53,6,40,13,5,28,10,16,32,42,37,0,0,1,0,30,11,7,19,19,26,0,0,0,0 sel=00000000000000000000000000000000000000000000000000000000000000000000000000000000000000000000000000000000000000000000000000000000000000000000000000000000000000000000000000000000000000000000000000000000000000000000000000000000000000000000000000000000000000000000000000000000000000000000000000000000000000000000000000000000000000000000000000000000000000000000000000000000000000000000000000000000000000000000000000000000000000000000000000000000000000000000000000000000000000000000000000000000000000000000000000000000 hash=2690162683
EPLAN 4 20 modes=0 pc=0 pp=-1 pb=-1 selon=0 prof=0 Q=7 ns=12 k=0 shifts=2,4,4,4,5,5,6,7,7,8,2,4,4,4,5,5,6,7,7,8,2,4,4,4,5,5,6,7,7,8 nz=80,46,56,91,130,84,50,50,50,2,39,21,16,30,26,38,37,0,0,0,40,14,10,21,26,28,31,1,3,0 sel=00000000000000000000000000000000000000000000000000000000000000000000000000000000000000000000000000000000000000000000000000000000000000000000000000000000000000000000000000000000000000000000000000000000000000000000000000000000000000000000000000000000000000000000000000000000000000000000000000000000000000000000000000000000000000000000000000000000000000000000000000000000000000000000000000000000000000000000000000000000000000000000000000000000000000000000000000000000000000000000000000000000000000000000000000000000 hash=636641666
EPLAN 4 21 modes=7348223 pc=0 pp=-1 pb=-1 selon=0 prof=0 Q=7 ns=12 k=0 shifts=2,4,4,4,5,5,6,7,7,8,2,4,4,4,5,5,6,7,7,8,2,4,4,4,5,5,6,7,7,8 nz=43,23,24,51,47,36,38,27,15,5,35,14,6,26,23,18,38,0,0,0,25,11,5,8,21,19,17,1,0,0 sel=00000000000000000000000000000000000000000000000000000000000000000000000000000000000000000000000000000000000000000000000000000000000000000000000000000000000000000000000000000000000000000000000000000000000000000000000000000000000000000000000000000000000000000000000000000000000000000000000000000000000000000000000000000000000000000000000000000000000000000000000000000000000000000000000000000000000000000000000000000000000000000000000000000000000000000000000000000000000000000000000000000000000000000000000000000000 hash=1475014563
EPLAN 4 22 modes=24141823 pc=0 pp=-1 pb=-1 selon=0 prof=0 Q=7 ns=4 k=0 shifts=2,4,4,4,5,5,7,7,7,8,2,4,4,4,6,6,7,7,7,8,2,4,4,5,6,6,7,7,7,8 nz=50,25,39,76,119,95,31,72,27,14,30,17,15,31,8,7,0,0,0,0,29,17,9,7,5,8,2,0,0,0 sel=00000000000000000000000000000000000000000000000000000000000000000000000000000000000000000000000000000000000000000000000000000000000000000000000000000000000000000000000000000000000000000000000000000000000000000000000000000000000000000000000000000000000000000000000000000000000000000000000000000000000000000000000000000000000000000000000000000000000000000000000000000000000000000000000000000000000000000000000000000000000000000000000000000000000000000000000000000000000000000000000000000000000000000000000000000000 hash=1740041854
EPLAN 4 23 modes=24125439 pc=0 pp=-1 pb=-1 selon=0 prof=0 Q=7 ns=6 k=0 shifts=2,4,4,4,5,5,7,7,7,8,2,4,4,4,5,6,7,7,7,8,2,4,4,4,6,6,7,7,7,8 nz=58,28,29,66,99,92,21,87,48,13,33,14,13,29,32,11,1,0,1,0,31,11,7,21,6,8,0,1,0,0 sel=00000000000000000000000000000000000000000000000000000000000000000000000000000000000000000000000000000000000000000000000000000000000000000000000000000000000000000000000000000000000000000000000000000000000000000000000000000000000000000000000000000000000000000000000000000000000000000000000000000000000000000000000000000000000000000000000000000000000000000000000000000000000000000000000000000000000000000000000000000000000000000000000000000000000000000000000000000000000000000000000000000000000000000000000000000000 hash=2097323265
EPLAN 4 24 modes=166944767 pc=0 pp=-1 pb=-1 selon=0 prof=0 Q=7 ns=2 k=0 shifts=2,4,4,4,5,6,7,7,7,8,2,4,4,5,6,6,7,7,7,8,2,4,4,5,6,6,7,7,7,8 nz=54,21,34,71,116,40,19,96,28,6,30,20,15,10,6,8,0,0,1,0,32,10,8,7,7,9,2,0,0,0 sel=00000000000000000000000000000000000000000000000000000000000000000000000000000000000000000000000000000000000000000000000000000000000000000000000000000000000000000000000000000000000000000000000000000000000000000000000000000000000000000000000000000000000000000000000000000000000000000000000000000000000000000000000000000000000000000000000000000000000000000000000000000000000000000000000000000000000000000000000000000000000000000000000000000000000000000000000000000000000000000000000000000000000000000000000000000000 hash=2682781249
EPLAN 4 25 modes=401932287 pc=0 pp=-1 pb=-1 selon=0 prof=0 Q=7 ns=2 k=0 shifts=2,4,4,4,5,6,7,7,7,8,2,4,4,5,6,6,7,7,7,8,2,4,4,5,6,6,7,7,7,8 nz=62,19,38,69,126,22,26,65,26,12,29,16,11,18,9,8,3,0,4,0,26,8,13,8,7,9,3,0,3,0 sel=00000000000000000000000000000000000000000000000000000000000000000000000000000000000000000000000000000000000000000000000000000000000000000000000000000000000000000000000000000000000000000000000000000000000000000000000000000000000000000000000000000000000000000000000000000000000000000000000000000000000000000000000000000000000000000000000000000000000000000000000000000000000000000000000000000000000000000000000000000000000000000000000000000000000000000000000000000000000000000000000000000000000000000000000000000000 hash=2842264722
EPLAN 4 26 modes=233857023 pc=0 pp=-1 pb=-1 selon=0 prof=0 Q=7 ns=4 k=0 shifts=2,4,4,4,5,5,7,7,7,8,2,4,4,4,6,6,7,7,7,8,2,4,4,5,6,6,7,7,7,8 nz=61,31,47,117,136,112,40,109,53,18,31,19,15,38,6,6,2,0,0,0,25,17,6,7,11,6,4,2,1,0 sel=00000000000000000000000000000000000000000000000000000000000000000000000000000000000000000000000000000000000000000000000000000000000000000000000000000000000000000000000000000000000000000000000000000000000000000000000000000000000000000000000000000000000000000000000000000000000000000000000000000000000000000000000000000000000000000000000000000000000000000000000000000000000000000000000000000000000000000000000000000000000000000000000000000000000000000000000000000000000000000000000000000000000000000000000000000000 hash=1392032539
EPLAN 4 27 modes=267812863 pc=0 pp=-1 pb=-1 selon=0 prof=0 Q=7 ns=2 k=0 shifts=2,4,4,4,5,6,7,7,7,8,2,4,4,5,6,6,7,7,7,8,2,4,4,5,6,6,7,7,7,8 nz=58,32,43,91,137,28,23,102,36,16,24,17,15,15,8,15,1,1,1,0,22,20,10,11,8,11,2,4,6,0 sel=00000000000000000000000000000000000000000000000000000000000000000000000000000000000000000000000000000000000000000000000000000000000000000000000000000000000000000000000000000000000000000000000000000000000000000000000000000000000000000000000000000000000000000000000000000000000000000000000000000000000000000000000000000000000000000000000000000000000000000000000000000000000000000000000000000000000000000000000000000000000000000000000000000000000000000000000000000000000000000000000000000000000000000000000000000000 hash=3804148428
EPLAN 4 28 modes=0 pc=0 pp=-1 pb=-1 selon=0 prof=0 Q=8 ns=22 k=0 shifts=2,5,5,4,6,6,7,7,7,8,2,5,5,5,6,6,7,7,7,8,2,5,5,5,6,6,7,7,7,8 nz=80,47,59,127,144,118,67,191,150,48,37,18,19,25,19,16,2,0,3,0,39,14,13,22,29,16,1,3,9,0 sel=00000000000000000000000000000000000000000000000000000000000000000000000000000000000000000000000000000000000000000000000000000000000000000000000000000000000000000000000000000000000000000000000000000000000000000000000000000000000000000000000000000000000000000000000000000000000000000000000000000000000000000000000000000000000000000000000000000000000000000000000000000000000000000000000000000000000000000000000000000000000000000000000000000000000000000000000000000000000000000000000000000000000000000000000000000000 hash=2364700868
EPLAN 4 29 modes=334561279 pc=0 pp=-1 pb=-1 selon=0 prof=0 Q=7 ns=6 k=0 shifts=2,4,4,4,5,5,7,7,7,8,2,4,4,4,5,6,7,7,7,8,2,4,4,4,6,6,7,7,7,8 nz=58,31,43,91,100,81,17,62,12,7,30,18,13,38,37,8,1,0,8,0,27,18,16,30,8,11,2,0,4,0 sel=00000000000000000000000000000000000000000000000000000000000000000000000000000000000000000000000000000000000000000000000000000000000000000000000000000000000000000000000000000000000000000000000000000000000000000000000000000000000000000000000000000000000000000000000000000000000000000000000000000000000000000000000000000000000000000000000000000000000000000000000000000000000000000000000000000000000000000000000000000000000000000000000000000000000000000000000000000000000000000000000000000000000000000000000000000000 hash=3490016891
EPLAN 4 30 modes=401801215 pc=0 pp=-1 pb=-1 selon=0 prof=0 Q=7 ns=4 k=0 shifts=2,4,4,4,5,5,7,7,7,8,2,4,4,4,6,6,7,7,7,8,2,4,4,5,6,6,7,7,7,8 nz=61,31,49,97,102,82,14,64,23,5,26,16,19,55,10,13,2,2,5,0,29,21,14,11,3,9,3,7,3,0 sel=00000000000000000000000000000000000000000000000000000000000000000000000000000000000000000000000000000000000000000000000000000000000000000000000000000000000000000000000000000000000000000000000000000000000000000000000000000000000000000000000000000000000000000000000000000000000000000000000000000000000000000000000000000000000000000000000000000000000000000000000000000000000000000000000000000000000000000000000000000000000000000000000000000000000000000000000000000000000000000000000000000000000000000000000000000000 hash=1339429821
EPLAN 4 31 modes=535887871 pc=0 pp=-1 pb=-1 selon=0 prof=0 Q=7 ns=5 k=0 shifts=2,4,4,4,5,5,7,7,7,8,2,4,4,4,6,6,7,7,7,8,2,4,4,4,6,6,7,7,7,8 nz=50,20,56,95,99,127,20,59,27,12,32,21,19,45,7,16,3,2,1,0,26,15,19,47,14,13,0,7,2,0 sel=00000000000000000000000000000000000000000000000000000000000000000000000000000000000000000000000000000000000000000000000000000000000000000000000000000000000000000000000000000000000000000000000000000000000000000000000000000000000000000000000000000000000000000000000000000000000000000000000000000000000000000000000000000000000000000000000000000000000000000000000000000000000000000000000000000000000000000000000000000000000000000000000000000000000000000000000000000000000000000000000000000000000000000000000000000000 hash=1806287893
EPLAN 4 32 modes=32571391 pc=0 pp=-1 pb=-1 selon=0 prof=0 Q=7 ns=4 k=0 shifts=2,4,4,4,5,5,7,7,7,8,2,4,4,4,6,6,7,7,7,8,2,4,4,5,6,6,7,7,7,8 nz=57,30,51,110,114,148,30,94,38,21,30,14,17,41,7,9,1,1,2,0,29,17,10,11,7,11,2,0,2,0 sel=00000000000000000000000000000000000000000000000000000000000000000000000000000000000000000000000000000000000000000000000000000000000000000000000000000000000000000000000000000000000000000000000000000000000000000000000000000000000000000000000000000000000000000000000000000000000000000000000000000000000000000000000000000000000000000000000000000000000000000000000000000000000000000000000000000000000000000000000000000000000000000000000000000000000000000000000000000000000000000000000000000000000000000000000000000000 hash=2690342855
EPLAN 4 33 modes=284360703 pc=0 pp=-1 pb=-1 selon=0 prof=0 Q=7 ns=2 k=0 shifts=2,4,4,4,5,6,7,7,7,8,2,4,4,5,6,6,7,7,7,8,2,4,4,5,6,6,7,7,7,8 nz=55,28,50,96,114,35,16,73,18,3,25,14,15,13,7,11,1,2,0,0,33,14,10,8,6,10,1,0,0,0 sel=00000000000000000000000000000000000000000000000000000000000000000000000000000000000000000000000000000000000000000000000000000000000000000000000000000000000000000000000000000000000000000000000000000000000000000000000000000000000000000000000000000000000000000000000000000000000000000000000000000000000000000000000000000000000000000000000000000000000000000000000000000000000000000000000000000000000000000000000000000000000000000000000000000000000000000000000000000000000000000000000000000000000000000000000000000000 hash=1359402759
EPLAN 4 34 modes=32522239 pc=0 pp=-1 pb=-1 selon=0 prof=0 Q=7 ns=4 k=0 shifts=2,4,4,4,5,5,7,7,7,8,2,4,4,4,6,6,7,7,7,8,2,4,4,5,6,6,7,7,7,8 nz=53,33,55,127,181,133,33,136,65,33,30,19,22,54,16,16,1,1,3,0,29,18,19,11,7,9,1,1,3,0 sel=00000000000000000000000000000000000000000000000000000000000000000000000000000000000000000000000000000000000000000000000000000000000000000000000000000000000000000000000000000000000000000000000000000000000000000000000000000000000000000000000000000000000000000000000000000000000000000000000000000000000000000000000000000000000000000000000000000000000000000000000000000000000000000000000000000000000000000000000000000000000000000000000000000000000000000000000000000000000000000000000000000000000000000000000000000000 hash=1442008813
EPLAN 4 35 modes=334594047 pc=0 pp=-1 pb=-1 selon=0 prof=0 Q=7 ns=3 k=0 shifts=2,4,4,4,5,5,7,7,7,8,2,4,4,5,6,6,7,7,7,8,2,4,4,5,6,6,7,7,7,8 nz=54,28,51,138,145,126,28,127,53,28,27,22,22,26,13,19,2,1,2,0,24,17,15,16,15,10,7,7,4,0 sel=00000000000000000000000000000000000000000000000000000000000000000000000000000000000000000000000000000000000000000000000000000000000000000000000000000000000000000000000000000000000000000000000000000000000000000000000000000000000000000000000000000000000000000000000000000000000000000000000000000000000000000000000000000000000000000000000000000000000000000000000000000000000000000000000000000000000000000000000000000000000000000000000000000000000000000000000000000000000000000000000000000000000000000000000000000000 hash=2244997224
EPLAN 4 36 modes=0 pc=1 pp=0 pb=3 selon=0 prof=0 Q=8 ns=21 k=1 shifts=2,5,5,5,6,6,7,7,7,8,2,5,5,5,6,6,7,7,7,8,2,5,5,5,6,6,7,7,7,8 nz=80,48,86,148,128,127,82,189,171,33,39,16,12,26,14,28,1,0,8,0,40,16,10,16,11,16,0,3,7,0 sel=00000000000000000000000000000000000000000000000000000000000000000000000000000000000000000000000000000000000000000000000000000000000000000000000000000000000000000000000000000000000000000000000000000000000000000000000000000000000000000000000000000000000000000000000000000000000000000000000000000000000000000000000000000000000000000000000000000000000000000000000000000000000000000000000000000000000000000000000000000000000000000000000000000000000000000000000000000000000000000000000000000000000000000000000000000000 hash=74986585
EPLAN 4 37 modes=57999359 pc=0 pp=-1 pb=-1 selon=0 prof=0 Q=7 ns=5 k=0 shifts=2,4,4,4,5,5,7,7,7,8,2,4,4,4,6,6,7,7,7,8,2,4,4,4,6,6,7,7,7,8 nz=56,23,51,106,100,124,26,82,39,15,26,21,18,50,6,10,1,1,2,0,32,17,14,25,3,8,4,6,2,0 sel=00000000000000000000000000000000000000000000000000000000000000000000000000000000000000000000000000000000000000000000000000000000000000000000000000000000000000000000000000000000000000000000000000000000000000000000000000000000000000000000000000000000000000000000000000000000000000000000000000000000000000000000000000000000000000000000000000000000000000000000000000000000000000000000000000000000000000000000000000000000000000000000000000000000000000000000000000000000000000000000000000000000000000000000000000000000 hash=1171887087
EPLAN 4 38 modes=401735679 pc=0 pp=-1 pb=-1 selon=0 prof=0 Q=7 ns=4 k=0 shifts=2,4,4,4,5,5,7,7,7,8,2,4,4,4,6,6,7,7,7,8,2,4,4,5,6,6,7,7,7,8 nz=56,30,57,114,99,112,21,66,29,8,26,25,12,50,8,8,2,0,5,0,32,17,12,10,7,8,1,1,1,0 sel=00000000000000000000000000000000000000000000000000000000000000000000000000000000000000000000000000000000000000000000000000000000000000000000000000000000000000000000000000000000000000000000000000000000000000000000000000000000000000000000000000000000000000000000000000000000000000000000000000000000000000000000000000000000000000000000000000000000000000000000000000000000000000000000000000000000000000000000000000000000000000000000000000000000000000000000000000000000000000000000000000000000000000000000000000000000 hash=925384823
EPLAN 4 39 modes=401899519 pc=0 pp=-1 pb=-1 selon=0 prof=0 Q=7 ns=6 k=0 shifts=2,4,4,4,5,5,7,7,7,8,2,4,4,4,5,6,7,7,7,8,2,4,4,4,6,6,7,7,7,8 nz=63,34,54,118,124,137,18,108,53,18,29,23,25,58,38,12,5,1,3,0,29,13,14,30,6,15,2,0,3,0 sel=00000000000000000000000000000000000000000000000000000000000000000000000000000000000000000000000000000000000000000000000000000000000000000000000000000000000000000000000000000000000000000000000000000000000000000000000000000000000000000000000000000000000000000000000000000000000000000000000000000000000000000000000000000000000000000000000000000000000000000000000000000000000000000000000000000000000000000000000000000000000000000000000000000000000000000000000000000000000000000000000000000000000000000000000000000000 hash=278153726
EPLAN 4 40 modes=66338815 pc=0 pp=-1 pb=-1 selon=0 prof=0 Q=7 ns=4 k=0 shifts=2,4,4,4,5,5,7,7,7,8,2,4,4,4,6,6,7,7,7,8,2,4,4,5,6,6,7,7,7,8 nz=55,36,51,109,103,143,26,60,50,12,27,15,28,57,10,17,1,0,2,0,28,20,17,8,7,9,3,0,3,0 sel=00000000000000000000000000000000000000000000000000000000000000000000000000000000000000000000000000000000000000000000000000000000000000000000000000000000000000000000000000000000000000000000000000000000000000000000000000000000000000000000000000000000000000000000000000000000000000000000000000000000000000000000000000000000000000000000000000000000000000000000000000000000000000000000000000000000000000000000000000000000000000000000000000000000000000000000000000000000000000000000000000000000000000000000000000000000 hash=2159707627
EPLAN 4 41 modes=49446911 pc=0 pp=-1 pb=-1 selon=0 prof=0 Q=7 ns=2 k=0 shifts=2,4,4,4,5,6,7,7,7,8,2,4,4,5,6,6,7,7,7,8,2,4,4,5,6,6,7,7,7,8 nz=58,31,53,144,153,34,21,94,36,13,33,15,22,24,7,24,4,2,4,0,32,18,14,4,7,5,0,1,4,0 sel=00000000000000000000000000000000000000000000000000000000000000000000000000000000000000000000000000000000000000000000000000000000000000000000000000000000000000000000000000000000000000000000000000000000000000000000000000000000000000000000000000000000000000000000000000000000000000000000000000000000000000000000000000000000000000000000000000000000000000000000000000000000000000000000000000000000000000000000000000000000000000000000000000000000000000000000000000000000000000000000000000000000000000000000000000000000 hash=393174150
EPLAN 4 42 modes=267878399 pc=0 pp=-1 pb=-1 selon=0 prof=0 Q=7 ns=3 k=0 shifts=2,4,4,4,5,5,7,7,7,8,2,4,4,5,6,6,7,7,7,8,2,4,4,5,6,6,7,7,7,8 nz=61,33,44,116,122,120,17,77,47,20,31,17,21,25,16,17,1,6,2,0,31,12,15,11,11,9,4,5,2,0 sel=00000000000000000000000000000000000000000000000000000000000000000000000000000000000000000000000000000000000000000000000000000000000000000000000000000000000000000000000000000000000000000000000000000000000000000000000000000000000000000000000000000000000000000000000000000000000000000000000000000000000000000000000000000000000000000000000000000000000000000000000000000000000000000000000000000000000000000000000000000000000000000000000000000000000000000000000000000000000000000000000000000000000000000000000000000000 hash=1797948221
EPLAN 4 43 modes=334815231 pc=0 pp=-1 pb=-1 selon=0 prof=0 Q=7 ns=3 k=0 shifts=2,4,4,4,5,5,7,7,7,8,2,4,4,5,6,6,7,7,7,8,2,4,4,5,6,6,7,7,7,8 nz=62,36,39,119,144,129,39,111,64,34,29,22,19,24,7,13,1,0,1,0,25,12,13,14,3,13,4,2,2,0 sel=00000000000000000000000000000000000000000000000000000000000000000000000000000000000000000000000000000000000000000000000000000000000000000000000000000000000000000000000000000000000000000000000000000000000000000000000000000000000000000000000000000000000000000000000000000000000000000000000000000000000000000000000000000000000000000000000000000000000000000000000000000000000000000000000000000000000000000000000000000000000000000000000000000000000000000000000000000000000000000000000000000000000000000000000000000000 hash=2361812571
EPLAN 4 44 modes=0 pc=0 pp=-1 pb=-1 selon=0 prof=0 Q=7 ns=2 k=0 shifts=2,4,4,4,5,6,7,7,7,8,2,4,4,5,6,6,7,7,7,8,2,4,4,5,6,6,7,7,7,8 nz=80,58,74,134,181,74,50,161,117,53,40,23,23,24,22,14,2,2,3,0,40,24,19,20,21,13,2,5,2,0 sel=00000000000000000000000000000000000000000000000000000000000000000000000000000000000000000000000000000000000000000000000000000000000000000000000000000000000000000000000000000000000000000000000000000000000000000000000000000000000000000000000000000000000000000000000000000000000000000000000000000000000000000000000000000000000000000000000000000000000000000000000000000000000000000000000000000000000000000000000000000000000000000000000000000000000000000000000000000000000000000000000000000000000000000000000000000000 hash=1062646620
EPLAN 4 45 modes=536281087 pc=0 pp=-1 pb=-1 selon=0 prof=0 Q=7 ns=2 k=0 shifts=2,4,4,4,5,6,7,7,7,8,2,4,4,5,6,6,7,7,7,8,2,4,4,5,6,6,7,7,7,8 nz=58,27,52,100,154,30,21,57,37,8,30,13,23,19,13,20,5,3,2,0,28,17,13,10,6,5,1,5,2,0 sel=00000000000000000000000000000000000000000000000000000000000000000000000000000000000000000000000000000000000000000000000000000000000000000000000000000000000000000000000000000000000000000000000000000000000000000000000000000000000000000000000000000000000000000000000000000000000000000000000000000000000000000000000000000000000000000000000000000000000000000000000000000000000000000000000000000000000000000000000000000000000000000000000000000000000000000000000000000000000000000000000000000000000000000000000000000000 hash=36018581
EPLAN 4 46 modes=468877311 pc=0 pp=-1 pb=-1 selon=0 prof=0 Q=7 ns=1 k=0 shifts=2,4,4,4,6,6,7,7,7,8,2,4,4,5,6,6,7,7,7,8,2,4,4,5,6,6,7,7,7,8 nz=60,28,43,97,63,28,27,79,51,10,29,17,21,29,9,20,4,0,0,0,36,14,17,16,9,12,1,3,4,0 sel=00000000000000000000000000000000000000000000000000000000000000000000000000000000000000000000000000000000000000000000000000000000000000000000000000000000000000000000000000000000000000000000000000000000000000000000000000000000000000000000000000000000000000000000000000000000000000000000000000000000000000000000000000000000000000000000000000000000000000000000000000000000000000000000000000000000000000000000000000000000000000000000000000000000000000000000000000000000000000000000000000000000000000000000000000000000 hash=3801989059
EPLAN 4 47 modes=385286143 pc=0 pp=-1 pb=-1 selon=0 prof=0 Q=7 ns=1 k=0 shifts=2,4,4,4,6,6,7,7,7,8,2,4,4,5,6,6,7,7,7,8,2,4,4,5,6,6,7,7,7,8 nz=59,34,61,135,41,34,22,58,32,13,31,21,21,21,10,20,1,0,1,0,29,14,17,14,9,11,4,1,6,0 sel=00000000000000000000000000000000000000000000000000000000000000000000000000000000000000000000000000000000000000000000000000000000000000000000000000000000000000000000000000000000000000000000000000000000000000000000000000000000000000000000000000000000000000000000000000000000000000000000000000000000000000000000000000000000000000000000000000000000000000000000000000000000000000000000000000000000000000000000000000000000000000000000000000000000000000000000000000000000000000000000000000000000000000000000000000000000 hash=3341398762
EPLAN 4 48 modes=385023999 pc=0 pp=-1 pb=-1 selon=0 prof=0 Q=7 ns=2 k=0 shifts=2,4,4,4,5,6,7,7,7,8,2,4,4,5,6,6,7,7,7,8,2,4,4,5,6,6,7,7,7,8 nz=58,25,44,105,126,37,22,58,46,12,32,18,17,21,9,19,4,0,3,0,30,16,20,17,13,12,1,0,2,0 sel=00000000000000000000000000000000000000000000000000000000000000000000000000000000000000000000000000000000000000000000000000000000000000000000000000000000000000000000000000000000000000000000000000000000000000000000000000000000000000000000000000000000000000000000000000000000000000000000000000000000000000000000000000000000000000000000000000000000000000000000000000000000000000000000000000000000000000000000000000000000000000000000000000000000000000000000000000000000000000000000000000000000000000000000000000000000 hash=3930983811
EPLAN 4 49 modes=301219839 pc=0 pp=-1 pb=-1 selon=0 prof=0 Q=7 ns=5 k=0 shifts=2,4,4,4,5,5,7,7,7,8,2,4,4,4,6,6,7,7,7,8,2,4,4,4,6,6,7,7,7,8 nz=60,32,42,91,79,99,10,38,30,11,32,10,25,53,7,14,2,1,1,0,31,12,18,38,0,14,0,0,4,0 sel=00000000000000000000000000000000000000000000000000000000000000000000000000000000000000000000000000000000000000000000000000000000000000000000000000000000000000000000000000000000000000000000000000000000000000000000000000000000000000000000000000000000000000000000000000000000000000000000000000000000000000000000000000000000000000000000000000000000000000000000000000000000000000000000000000000000000000000000000000000000000000000000000000000000000000000000000000000000000000000000000000000000000000000000000000000000 hash=3866756206
EPLAN 4 50 modes=535855103 pc=0 pp=-1 pb=-1 selon=0 prof=0 Q=7 ns=1 k=0 shifts=2,4,4,4,6,6,7,7,7,8,2,4,4,5,6,6,7,7,7,8,2,4,4,5,6,6,7,7,7,8 nz=56,38,46,113,65,34,23,84,45,16,35,19,26,32,13,14,3,1,2,0,31,21,18,10,12,7,3,4,5,0 sel=00000000000000000000000000000000000000000000000000000000000000000000000000000000000000000000000000000000000000000000000000000000000000000000000000000000000000000000000000000000000000000000000000000000000000000000000000000000000000000000000000000000000000000000000000000000000000000000000000000000000000000000000000000000000000000000000000000000000000000000000000000000000000000000000000000000000000000000000000000000000000000000000000000000000000000000000000000000000000000000000000000000000000000000000000000000 hash=610402194
EPLAN 4 51 modes=66068479 pc=0 pp=-1 pb=-1 selon=0 prof=0 Q=7 ns=4 k=0 shifts=2,4,4,4,5,5,7,7,7,8,2,4,4,4,6,6,7,7,7,8,2,4,4,5,6,6,7,7,7,8 nz=58,24,37,90,75,79,21,62,35,14,32,18,24,40,10,8,1,1,3,0,28,13,12,11,5,16,0,0,3,0 sel=00000000000000000000000000000000000000000000000000000000000000000000000000000000000000000000000000000000000000000000000000000000000000000000000000000000000000000000000000000000000000000000000000000000000000000000000000000000000000000000000000000000000000000000000000000000000000000000000000000000000000000000000000000000000000000000000000000000000000000000000000000000000000000000000000000000000000000000000000000000000000000000000000000000000000000000000000000000000000000000000000000000000000000000000000000000 hash=3551862125
EPLAN 4 52 modes=0 pc=0 pp=-1 pb=-1 selon=0 prof=0 Q=7 ns=1 k=0 shifts=2,4,4,4,6,6,7,7,7,8,2,4,4,5,6,6,7,7,7,8,2,4,4,5,6,6,7,7,7,8 nz=80,55,82,131,99,98,57,152,142,27,40,27,27,23,10,17,2,1,2,0,38,24,21,15,6,16,0,0,6,0 sel=00000000000000000000000000000000000000000000000000000000000000000000000000000000000000000000000000000000000000000000000000000000000000000000000000000000000000000000000000000000000000000000000000000000000000000000000000000000000000000000000000000000000000000000000000000000000000000000000000000000000000000000000000000000000000000000000000000000000000000000000000000000000000000000000000000000000000000000000000000000000000000000000000000000000000000000000000000000000000000000000000000000000000000000000000000000 hash=1318470676
EPLAN 4 53 modes=435191807 pc=0 pp=-1 pb=-1 selon=0 prof=0 Q=7 ns=2 k=0 shifts=2,4,4,4,5,6,7,7,7,8,2,4,4,5,6,6,7,7,7,8,2,4,4,5,6,6,7,7,7,8 nz=54,27,45,136,160,32,32,75,62,11,29,18,13,15,11,13,3,1,1,0,32,17,11,18,8,9,3,5,3,0 sel=00000000000000000000000000000000000000000000000000000000000000000000000000000000000000000000000000000000000000000000000000000000000000000000000000000000000000000000000000000000000000000000000000000000000000000000000000000000000000000000000000000000000000000000000000000000000000000000000000000000000000000000000000000000000000000000000000000000000000000000000000000000000000000000000000000000000000000000000000000000000000000000000000000000000000000000000000000000000000000000000000000000000000000000000000000000 hash=2412922470
EPLAN 4 54 modes=57704447 pc=0 pp=-1 pb=-1 selon=0 prof=0 Q=7 ns=2 k=0 shifts=2,4,4,4,5,6,7,7,7,8,2,4,4,5,6,6,7,7,7,8,2,4,4,5,6,6,7,7,7,8 nz=54,32,39,102,142,29,22,51,36,8,34,23,22,14,8,10,1,0,0,0,26,10,11,16,7,3,3,1,1,0 sel=00000000000000000000000000000000000000000000000000000000000000000000000000000000000000000000000000000000000000000000000000000000000000000000000000000000000000000000000000000000000000000000000000000000000000000000000000000000000000000000000000000000000000000000000000000000000000000000000000000000000000000000000000000000000000000000000000000000000000000000000000000000000000000000000000000000000000000000000000000000000000000000000000000000000000000000000000000000000000000000000000000000000000000000000000000000 hash=3047728740
EPLAN 4 55 modes=536150015 pc=0 pp=-1 pb=-1 selon=0 prof=0 Q=7 ns=2 k=0 shifts=2,4,4,4,5,6,7,7,7,8,2,4,4,5,6,6,7,7,7,8,2,4,4,5,6,6,7,7,7,8 nz=61,29,41,106,141,32,29,69,53,15,31,22,26,23,11,16,2,1,1,0,26,18,16,10,11,8,3,3,5,0 sel=00000000000000000000000000000000000000000000000000000000000000000000000000000000000000000000000000000000000000000000000000000000000000000000000000000000000000000000000000000000000000000000000000000000000000000000000000000000000000000000000000000000000000000000000000000000000000000000000000000000000000000000000000000000000000000000000000000000000000000000000000000000000000000000000000000000000000000000000000000000000000000000000000000000000000000000000000000000000000000000000000000000000000000000000000000000 hash=3254316178
EPLAN 4 56 modes=116400127 pc=0 pp=-1 pb=-1 selon=0 prof=0 Q=7 ns=1 k=0 shifts=2,4,4,4,6,6,7,7,7,8,2,4,4,5,6,6,7,7,7,8,2,4,4,5,6,6,7,7,7,8 nz=55,37,48,107,60,32,14,83,33,14,25,12,26,23,10,15,1,0,2,0,31,15,19,12,7,5,2,0,1,0 sel=00000000000000000000000000000000000000000000000000000000000000000000000000000000000000000000000000000000000000000000000000000000000000000000000000000000000000000000000000000000000000000000000000000000000000000000000000000000000000000000000000000000000000000000000000000000000000000000000000000000000000000000000000000000000000000000000000000000000000000000000000000000000000000000000000000000000000000000000000000000000000000000000000000000000000000000000000000000000000000000000000000000000000000000000000000000 hash=1344529137
EPLAN 4 57 modes=200552447 pc=0 pp=-1 pb=-1 selon=0 prof=0 Q=7 ns=1 k=0 shifts=2,4,4,4,6,6,7,7,7,8,2,4,4,5,6,6,7,7,7,8,2,4,4,5,6,6,7,7,7,8 nz=63,32,59,109,69,22,18,80,37,3,30,20,18,9,13,9,2,0,2,0,30,20,16,10,7,6,0,1,1,0 sel=00000000000000000000000000000000000000000000000000000000000000000000000000000000000000000000000000000000000000000000000000000000000000000000000000000000000000000000000000000000000000000000000000000000000000000000000000000000000000000000000000000000000000000000000000000000000000000000000000000000000000000000000000000000000000000000000000000000000000000000000000000000000000000000000000000000000000000000000000000000000000000000000000000000000000000000000000000000000000000000000000000000000000000000000000000000 hash=2156965725
EPLAN 4 58 modes=435167231 pc=0 pp=-1 pb=-1 selon=0 prof=0 Q=7 ns=2 k=0 shifts=2,4,4,4,5,6,7,7,7,8,2,4,4,5,6,6,7,7,7,8,2,4,4,5,6,6,7,7,7,8 nz=55,26,48,107,189,30,26,64,32,8,30,15,23,19,10,10,2,0,0,0,28,17,24,17,7,5,2,1,1,0 sel=00000000000000000000000000000000000000000000000000000000000000000000000000000000000000000000000000000000000000000000000000000000000000000000000000000000000000000000000000000000000000000000000000000000000000000000000000000000000000000000000000000000000000000000000000000000000000000000000000000000000000000000000000000000000000000000000000000000000000000000000000000000000000000000000000000000000000000000000000000000000000000000000000000000000000000000000000000000000000000000000000000000000000000000000000000000 hash=216042604
EPLAN 4 59 modes=82857983 pc=0 pp=-1 pb=-1 selon=0 prof=0 Q=7 ns=2 k=0 shifts=2,4,4,4,5,6,7,7,7,8,2,4,4,5,6,6,7,7,7,8,2,4,4,5,6,6,7,7,7,8 nz=59,27,48,100,121,15,26,60,30,15,29,21,22,18,15,16,4,0,0,0,34,20,20,9,10,9,0,0,1,0 sel=00000000000000000000000000000000000000000000000000000000000000000000000000000000000000000000000000000000000000000000000000000000000000000000000000000000000000000000000000000000000000000000000000000000000000000000000000000000000000000000000000000000000000000000000000000000000000000000000000000000000000000000000000000000000000000000000000000000000000000000000000000000000000000000000000000000000000000000000000000000000000000000000000000000000000000000000000000000000000000000000000000000000000000000000000000000 hash=1436068705
EPLAN 4 60 modes=0 pc=0 pp=-1 pb=-1 selon=0 prof=0 Q=7 ns=2 k=0 shifts=2,4,4,4,5,6,7,7,7,8,2,4,4,5,6,6,7,7,7,8,2,4,4,5,6,6,7,7,7,8 nz=80,58,83,146,234,63,43,109,87,9,40,22,23,26,10,18,1,1,4,0,40,20,20,20,7,16,4,1,1,0 sel=00000000000000000000000000000000000000000000000000000000000000000000000000000000000000000000000000000000000000000000000000000000000000000000000000000000000000000000000000000000000000000000000000000000000000000000000000000000000000000000000000000000000000000000000000000000000000000000000000000000000000000000000000000000000000000000000000000000000000000000000000000000000000000000000000000000000000000000000000000000000000000000000000000000000000000000000000000000000000000000000000000000000000000000000000000000 hash=1429680327
EPLAN 4 61 modes=368386047 pc=0 pp=-1 pb=-1 selon=0 prof=0 Q=7 ns=1 k=0 shifts=2,4,4,4,6,6,7,7,7,8,2,4,4,5,6,6,7,7,7,8,2,4,4,5,6,6,7,7,7,8 nz=55,29,41,107,55,29,22,70,40,10,35,21,23,17,16,12,1,0,1,0,28,16,16,8,4,4,1,0,2,0 sel=00000000000000000000000000000000000000000000000000000000000000000000000000000000000000000000000000000000000000000000000000000000000000000000000000000000000000000000000000000000000000000000000000000000000000000000000000000000000000000000000000000000000000000000000000000000000000000000000000000000000000000000000000000000000000000000000000000000000000000000000000000000000000000000000000000000000000000000000000000000000000000000000000000000000000000000000000000000000000000000000000000000000000000000000000000000 hash=728547860
EPLAN 4 62 modes=7347711 pc=0 pp=-1 pb=-1 selon=0 prof=0 Q=7 ns=10 k=0 shifts=2,4,4,4,5,5,6,7,7,8,2,4,4,4,5,5,7,7,7,8,2,4,4,4,5,5,7,7,7,8 nz=54,31,27,64,66,72,46,17,15,0,28,18,17,43,28,44,2,0,1,0,25,15,10,25,14,29,1,0,1,0 sel=00000000000000000000000000000000000000000000000000000000000000000000000000000000000000000000000000000000000000000000000000000000000000000000000000000000000000000000000000000000000000000000000000000000000000000000000000000000000000000000000000000000000000000000000000000000000000000000000000000000000000000000000000000000000000000000000000000000000000000000000000000000000000000000000000000000000000000000000000000000000000000000000000000000000000000000000000000000000000000000000000000000000000000000000000000000 hash=3815521617
EPLAN 4 63 modes=5250559 pc=0 pp=-1 pb=-1 selon=0 prof=0 Q=7 ns=9 k=0 shifts=2,4,4,4,5,5,7,7,7,8,2,4,4,4,5,5,7,7,7,8,2,4,4,4,5,5,7,7,7,8 nz=61,32,37,69,76,77,12,24,17,2,29,17,18,50,36,39,2,0,1,0,27,14,12,26,21,31,0,0,0,0 sel=00000000000000000000000000000000000000000000000000000000000000000000000000000000000000000000000000000000000000000000000000000000000000000000000000000000000000000000000000000000000000000000000000000000000000000000000000000000000000000000000000000000000000000000000000000000000000000000000000000000000000000000000000000000000000000000000000000000000000000000000000000000000000000000000000000000000000000000000000000000000000000000000000000000000000000000000000000000000000000000000000000000000000000000000000000000 hash=1803848435
EPLAN 4 64 modes=74714623 pc=0 pp=-1 pb=-1 selon=0 prof=0 Q=7 ns=5 k=0 shifts=2,4,4,4,5,5,7,7,7,8,2,4,4,4,6,6,7,7,7,8,2,4,4,4,6,6,7,7,7,8 nz=57,27,36,84,103,79,13,45,24,15,32,19,20,43,11,19,5,0,1,0,26,17,13,20,4,5,1,0,1,0 sel=00000000000000000000000000000000000000000000000000000000000000000000000000000000000000000000000000000000000000000000000000000000000000000000000000000000000000000000000000000000000000000000000000000000000000000000000000000000000000000000000000000000000000000000000000000000000000000000000000000000000000000000000000000000000000000000000000000000000000000000000000000000000000000000000000000000000000000000000000000000000000000000000000000000000000000000000000000000000000000000000000000000000000000000000000000000 hash=3033388683
EPLAN 4 65 modes=7622655 pc=0 pp=-1 pb=-1 selon=0 prof=0 Q=7 ns=7 k=0 shifts=2,4,4,4,5,5,7,7,7,8,2,4,4,4,5,5,7,7,7,8,2,4,4,4,6,6,7,7,7,8 nz=50,25,40,97,99,84,11,17,22,2,31,21,22,45,31,45,5,0,0,0,30,15,16,32,5,5,0,0,0,0 sel=00000000000000000000000000000000000000000000000000000000000000000000000000000000000000000000000000000000000000000000000000000000000000000000000000000000000000000000000000000000000000000000000000000000000000000000000000000000000000000000000000000000000000000000000000000000000000000000000000000000000000000000000000000000000000000000000000000000000000000000000000000000000000000000000000000000000000000000000000000000000000000000000000000000000000000000000000000000000000000000000000000000000000000000000000000000 hash=1451342281
EPLAN 4 66 modes=24124927 pc=0 pp=-1 pb=-1 selon=0 prof=0 Q=7 ns=6 k=0 shifts=2,4,4,4,5,5,7,7,7,8,2,4,4,4,5,6,7,7,7,8,2,4,4,4,6,6,7,7,7,8 nz=57,34,39,77,97,78,18,32,26,1,36,16,20,50,48,13,2,0,0,0,31,18,12,39,4,7,3,0,0,0 sel=00000000000000000000000000000000000000000000000000000000000000000000000000000000000000000000000000000000000000000000000000000000000000000000000000000000000000000000000000000000000000000000000000000000000000000000000000000000000000000000000000000000000000000000000000000000000000000000000000000000000000000000000000000000000000000000000000000000000000000000000000000000000000000000000000000000000000000000000000000000000000000000000000000000000000000000000000000000000000000000000000000000000000000000000000000000 hash=1692040041
EPLAN 4 67 modes=158341119 pc=0 pp=-1 pb=-1 selon=0 prof=0 Q=7 ns=6 k=0 shifts=2,4,4,4,5,5,7,7,7,8,2,4,4,4,5,6,7,7,7,8,2,4,4,4,6,6,7,7,7,8 nz=51,25,39,88,107,88,18,29,24,7,30,20,22,44,45,18,2,0,0,0,28,14,9,26,3,6,3,0,1,0 sel=00000000000000000000000000000000000000000000000000000000000000000000000000000000000000000000000000000000000000000000000000000000000000000000000000000000000000000000000000000000000000000000000000000000000000000000000000000000000000000000000000000000000000000000000000000000000000000000000000000000000000000000000000000000000000000000000000000000000000000000000000000000000000000000000000000000000000000000000000000000000000000000000000000000000000000000000000000000000000000000000000000000000000000000000000000000 hash=519207156
EPLAN 4 68 modes=0 pc=0 pp=-1 pb=-1 selon=0 prof=0 Q=7 ns=12 k=0 shifts=2,4,4,4,5,5,6,7,7,8,2,4,4,4,5,5,6,7,7,8,2,4,4,4,5,5,6,7,7,8 nz=80,52,51,91,153,84,61,46,43,0,38,20,18,38,43,49,77,2,5,0,37,17,12,35,25,38,30,3,9,0 sel=00000000000000000000000000000000000000000000000000000000000000000000000000000000000000000000000000000000000000000000000000000000000000000000000000000000000000000000000000000000000000000000000000000000000000000000000000000000000000000000000000000000000000000000000000000000000000000000000000000000000000000000000000000000000000000000000000000000000000000000000000000000000000000000000000000000000000000000000000000000000000000000000000000000000000000000000000000000000000000000000000000000000000000000000000000000 hash=2943704907
EPLAN 4 69 modes=527457791 pc=0 pp=-1 pb=-1 selon=0 prof=0 Q=7 ns=7 k=0 shifts=2,4,4,4,5,5,7,7,7,8,2,4,4,4,5,5,7,7,7,8,2,4,4,4,6,6,7,7,7,8 nz=53,32,31,85,80,57,17,31,25,9,33,12,24,41,55,51,2,1,3,0,31,12,12,31,6,9,2,3,5,0 sel=00000000000000000000000000000000000000000000000000000000000000000000000000000000000000000000000000000000000000000000000000000000000000000000000000000000000000000000000000000000000000000000000000000000000000000000000000000000000000000000000000000000000000000000000000000000000000000000000000000000000000000000000000000000000000000000000000000000000000000000000000000000000000000000000000000000000000000000000000000000000000000000000000000000000000000000000000000000000000000000000000000000000000000000000000000000 hash=2992678230
EPLAN 4 70 modes=535871487 pc=0 pp=-1 pb=-1 selon=0 prof=0 Q=7 ns=6 k=0 shifts=2,4,4,4,5,5,7,7,7,8,2,4,4,4,5,6,7,7,7,8,2,4,4,4,6,6,7,7,7,8 nz=53,31,40,84,83,77,22,32,31,1,31,14,24,42,47,15,4,2,5,0,26,17,19,37,5,10,2,2,6,0 sel=00000000000000000000000000000000000000000000000000000000000000000000000000000000000000000000000000000000000000000000000000000000000000000000000000000000000000000000000000000000000000000000000000000000000000000000000000000000000000000000000000000000000000000000000000000000000000000000000000000000000000000000000000000000000000000000000000000000000000000000000000000000000000000000000000000000000000000000000000000000000000000000000000000000000000000000000000000000000000000000000000000000000000000000000000000000 hash=4228266644
EPLAN 4 71 modes=536313855 pc=0 pp=-1 pb=-1 selon=0 prof=0 Q=7 ns=8 k=0 shifts=2,4,4,4,5,5,7,7,7,8,2,4,4,4,5,5,7,7,7,8,2,4,4,4,5,6,7,7,7,8 nz=51,20,37,70,89,70,14,26,9,2,30,16,17,41,50,61,2,0,3,0,29,14,19,43,26,14,5,6,6,0 sel=00000000000000000000000000000000000000000000000000000000000000000000000000000000000000000000000000000000000000000000000000000000000000000000000000000000000000000000000000000000000000000000000000000000000000000000000000000000000000000000000000000000000000000000000000000000000000000000000000000000000000000000000000000000000000000000000000000000000000000000000000000000000000000000000000000000000000000000000000000000000000000000000000000000000000000000000000000000000000000000000000000000000000000000000000000000 hash=1523202066
EPLAN 4 72 modes=469179903 pc=0 pp=-1 pb=-1 selon=0 prof=0 Q=7 ns=8 k=0 shifts=2,4,4,4,5,5,7,7,7,8,2,4,4,4,5,5,7,7,7,8,2,4,4,4,5,6,7,7,7,8 nz=51,27,34,78,85,75,8,26,4,1,30,19,21,35,45,56,5,2,7,0,33,12,15,38,31,6,2,0,3,0 sel=00000000000000000000000000000000000000000000000000000000000000000000000000000000000000000000000000000000000000000000000000000000000000000000000000000000000000000000000000000000000000000000000000000000000000000000000000000000000000000000000000000000000000000000000000000000000000000000000000000000000000000000000000000000000000000000000000000000000000000000000000000000000000000000000000000000000000000000000000000000000000000000000000000000000000000000000000000000000000000000000000000000000000000000000000000000 hash=625540333
EPLAN 4 73 modes=536346111 pc=0 pp=-1 pb=-1 selon=0 prof=0 Q=7 ns=3 k=0 shifts=2,4,4,4,5,5,7,7,7,8,2,4,4,5,6,6,7,7,7,8,2,4,4,5,6,6,7,7,7,8 nz=56,36,42,94,182,97,13,45,18,3,31,20,16,33,11,17,4,4,7,0,27,12,12,9,4,9,2,4,5,0 sel=00000000000000000000000000000000000000000000000000000000000000000000000000000000000000000000000000000000000000000000000000000000000000000000000000000000000000000000000000000000000000000000000000000000000000000000000000000000000000000000000000000000000000000000000000000000000000000000000000000000000000000000000000000000000000000000000000000000000000000000000000000000000000000000000000000000000000000000000000000000000000000000000000000000000000000000000000000000000000000000000000000000000000000000000000000000 hash=2533741131
EPLAN 4 74 modes=402128895 pc=0 pp=-1 pb=-1 selon=0 prof=0 Q=7 ns=2 k=0 shifts=2,4,4,4,5,6,7,7,7,8,2,4,4,5,6,6,7,7,7,8,2,4,4,5,6,6,7,7,7,8 nz=57,28,43,83,178,23,15,55,29,7,31,16,12,25,15,22,6,2,4,0,26,15,16,10,1,9,3,1,2,0 sel=00000000000000000000000000000000000000000000000000000000000000000000000000000000000000000000000000000000000000000000000000000000000000000000000000000000000000000000000000000000000000000000000000000000000000000000000000000000000000000000000000000000000000000000000000000000000000000000000000000000000000000000000000000000000000000000000000000000000000000000000000000000000000000000000000000000000000000000000000000000000000000000000000000000000000000000000000000000000000000000000000000000000000000000000000000000 hash=1297342770
EPLAN 4 75 modes=469237759 pc=0 pp=-1 pb=-1 selon=0 prof=0 Q=7 ns=5 k=0 shifts=2,4,4,4,5,5,7,7,7,8,2,4,4,4,6,6,7,7,7,8,2,4,4,4,6,6,7,7,7,8 nz=50,43,51,79,163,122,9,42,25,1,32,13,18,44,10,15,2,0,3,0,29,11,13,35,8,11,1,2,3,0 sel=00000000000000000000000000000000000000000000000000000000000000000000000000000000000000000000000000000000000000000000000000000000000000000000000000000000000000000000000000000000000000000000000000000000000000000000000000000000000000000000000000000000000000000000000000000000000000000000000000000000000000000000000000000000000000000000000000000000000000000000000000000000000000000000000000000000000000000000000000000000000000000000000000000000000000000000000000000000000000000000000000000000000000000000000000000000 hash=4174712376
EPLAN 4 76 modes=0 pc=0 pp=-1 pb=-1 selon=0 prof=0 Q=7 ns=1 k=0 shifts=2,4,4,4,6,6,7,7,7,8,2,4,4,5,6,6,7,7,7,8,2,4,4,5,6,6,7,7,7,8 nz=80,53,80,143,167,119,113,234,103,11,36,20,20,14,7,12,0,0,0,0,38,16,22,12,1,5,0,0,4,0 sel=00000000000000000000000000000000000000000000000000000000000000000000000000000000000000000000000000000000000000000000000000000000000000000000000000000000000000000000000000000000000000000000000000000000000000000000000000000000000000000000000000000000000000000000000000000000000000000000000000000000000000000000000000000000000000000000000000000000000000000000000000000000000000000000000000000000000000000000000000000000000000000000000000000000000000000000000000000000000000000000000000000000000000000000000000000000 hash=1798565823
EPLAN 4 77 modes=166731775 pc=0 pp=-1 pb=-1 selon=0 prof=0 Q=7 ns=10 k=0 shifts=2,4,4,4,5,5,6,7,7,8,2,4,4,4,5,5,7,7,7,8,2,4,4,4,5,5,7,7,7,8 nz=50,25,41,71,134,101,95,83,52,11,31,17,15,36,35,38,0,2,0,0,27,11,12,19,25,19,0,1,5,0 sel=00000000000000000000000000000000000000000000000000000000000000000000000000000000000000000000000000000000000000000000000000000000000000000000000000000000000000000000000000000000000000000000000000000000000000000000000000000000000000000000000000000000000000000000000000000000000000000000000000000000000000000000000000000000000000000000000000000000000000000000000000000000000000000000000000000000000000000000000000000000000000000000000000000000000000000000000000000000000000000000000000000000000000000000000000000000 hash=1148505893
EPLAN 4 78 modes=7348223 pc=0 pp=-1 pb=-1 selon=0 prof=0 Q=7 ns=10 k=0 shifts=2,4,4,4,5,5,6,7,7,8,2,4,4,4,5,5,7,7,7,8,2,4,4,4,5,5,7,7,7,8 nz=60,39,40,76,131,97,112,90,47,10,30,15,14,26,33,30,1,0,2,0,25,14,10,18,33,14,0,0,0,0 sel=00000000000000000000000000000000000000000000000000000000000000000000000000000000000000000000000000000000000000000000000000000000000000000000000000000000000000000000000000000000000000000000000000000000000000000000000000000000000000000000000000000000000000000000000000000000000000000000000000000000000000000000000000000000000000000000000000000000000000000000000000000000000000000000000000000000000000000000000000000000000000000000000000000000000000000000000000000000000000000000000000000000000000000000000000000000 hash=2474337030
EPLAN 4 79 modes=15753215 pc=0 pp=-1 pb=-1 selon=0 prof=0 Q=7 ns=6 k=0 shifts=2,4,4,4,5,5,7,7,7,8,2,4,4,4,5,6,7,7,7,8,2,4,4,4,6,6,7,7,7,8 nz=57,35,48,86,134,102,31,109,54,15,27,14,19,23,42,5,1,0,0,0,27,10,9,20,1,1,0,0,0,0 sel=00000000000000000000000000000000000000000000000000000000000000000000000000000000000000000000000000000000000000000000000000000000000000000000000000000000000000000000000000000000000000000000000000000000000000000000000000000000000000000000000000000000000000000000000000000000000000000000000000000000000000000000000000000000000000000000000000000000000000000000000000000000000000000000000000000000000000000000000000000000000000000000000000000000000000000000000000000000000000000000000000000000000000000000000000000000 hash=3555327335
EPLAN 4 80 modes=15753215 pc=0 pp=-1 pb=-1 selon=0 prof=0 Q=7 ns=2 k=0 shifts=2,4,4,4,5,6,7,7,7,8,2,4,4,5,6,6,7,7,7,8,2,4,4,5,6,6,7,7,7,8 nz=53,32,42,84,142,41,35,109,74,22,32,14,13,8,5,6,1,0,2,0,24,9,4,4,2,2,0,0,0,0 sel=00000000000000000000000000000000000000000000000000000000000000000000000000000000000000000000000000000000000000000000000000000000000000000000000000000000000000000000000000000000000000000000000000000000000000000000000000000000000000000000000000000000000000000000000000000000000000000000000000000000000000000000000000000000000000000000000000000000000000000000000000000000000000000000000000000000000000000000000000000000000000000000000000000000000000000000000000000000000000000000000000000000000000000000000000000000 hash=1309044903
EPLAN 4 81 modes=32514047 pc=0 pp=-1 pb=-1 selon=0 prof=0 Q=7 ns=1 k=0 shifts=2,4,4,4,6,6,7,7,7,8,2,4,4,5,6,6,7,7,7,8,2,4,4,5,6,6,7,7,7,8 nz=47,53,60,122,72,48,37,90,162,23,31,22,14,11,8,8,1,0,0,0,30,16,7,3,6,0,0,0,0,0 sel=00000000000000000000000000000000000000000000000000000000000000000000000000000000000000000000000000000000000000000000000000000000000000000000000000000000000000000000000000000000000000000000000000000000000000000000000000000000000000000000000000000000000000000000000000000000000000000000000000000000000000000000000000000000000000000000000000000000000000000000000000000000000000000000000000000000000000000000000000000000000000000000000000000000000000000000000000000000000000000000000000000000000000000000000000000000 hash=1775711840
EPLAN 4 82 modes=66076671 pc=0 pp=-1 pb=-1 selon=0 prof=0 Q=8 ns=21 k=0 shifts=2,5,5,5,6,6,7,7,7,8,2,5,5,5,6,6,7,7,7,8,2,5,5,5,6,6,7,7,7,8 nz=62,25,33,72,113,51,42,129,188,40,31,3,3,12,6,8,1,0,0,0,24,3,3,4,4,1,0,0,0,0 sel=00000000000000000000000000000000000000000000000000000000000000000000000000000000000000000000000000000000000000000000000000000000000000000000000000000000000000000000000000000000000000000000000000000000000000000000000000000000000000000000000000000000000000000000000000000000000000000000000000000000000000000000000000000000000000000000000000000000000000000000000000000000000000000000000000000000000000000000000000000000000000000000000000000000000000000000000000000000000000000000000000000000000000000000000000000000 hash=245732663
EPLAN 4 83 modes=11537919 pc=0 pp=-1 pb=-1 selon=0 prof=0 Q=8 ns=12 k=0 shifts=2,5,5,5,6,6,7,8,8,9,2,5,5,5,6,6,7,8,8,9,2,5,5,5,6,6,7,8,8,9 nz=63,45,71,95,163,110,96,34,64,0,28,10,15,9,9,11,2,0,0,0,27,11,10,10,8,2,1,0,0,0 sel=00000000000000000000000000000000000000000000000000000000000000000000000000000000000000000000000000000000000000000000000000000000000000000000000000000000000000000000000000000000000000000000000000000000000000000000000000000000000000000000000000000000000000000000000000000000000000000000000000000000000000000000000000000000000000000000000000000000000000000000000000000000000000000000000000000000000000000000000000000000000000000000000000000000000000000000000000000000000000000000000000000000000000000000000000000000 hash=1514857539
EPLAN 4 84 modes=0 pc=0 pp=-1 pb=-1 selon=0 prof=0 Q=9 ns=22 k=0 shifts=2,6,6,5,7,7,8,8,8,9,2,6,6,6,7,7,8,8,8,9,2,6,6,6,7,7,8,8,8,9 nz=80,46,59,124,150,119,52,94,70,0,40,3,3,1,1,0,0,0,0,0,40,4,3,4,1,0,0,0,0,0 sel=00000000000000000000000000000000000000000000000000000000000000000000000000000000000000000000000000000000000000000000000000000000000000000000000000000000000000000000000000000000000000000000000000000000000000000000000000000000000000000000000000000000000000000000000000000000000000000000000000000000000000000000000000000000000000000000000000000000000000000000000000000000000000000000000000000000000000000000000000000000000000000000000000000000000000000000000000000000000000000000000000000000000000000000000000000000 hash=1745100731
EPLAN 4 85 modes=66092543 pc=0 pp=-1 pb=-1 selon=0 prof=0 Q=8 ns=13 k=0 shifts=2,5,5,5,6,6,7,7,8,9,2,5,5,5,6,6,7,8,8,9,2,5,5,5,6,6,7,8,8,9 nz=60,19,38,75,110,101,69,176,33,0,28,4,4,10,4,4,0,0,0,0,27,7,1,1,3,0,2,0,0,0 sel=00000000000000000000000000000000000000000000000000000000000000000000000000000000000000000000000000000000000000000000000000000000000000000000000000000000000000000000000000000000000000000000000000000000000000000000000000000000000000000000000000000000000000000000000000000000000000000000000000000000000000000000000000000000000000000000000000000000000000000000000000000000000000000000000000000000000000000000000000000000000000000000000000000000000000000000000000000000000000000000000000000000000000000000000000000000 hash=602101012
EPLAN 4 86 modes=66076671 pc=0 pp=-1 pb=-1 selon=0 prof=0 Q=8 ns=22 k=0 shifts=2,5,5,4,6,6,7,7,7,8,2,5,5,5,6,6,7,7,7,8,2,5,5,5,6,6,7,7,7,8 nz=51,20,37,142,81,96,48,131,129,4,23,9,1,13,9,7,0,0,0,0,20,0,1,4,5,2,0,0,0,0 sel=00000000000000000000000000000000000000000000000000000000000000000000000000000000000000000000000000000000000000000000000000000000000000000000000000000000000000000000000000000000000000000000000000000000000000000000000000000000000000000000000000000000000000000000000000000000000000000000000000000000000000000000000000000000000000000000000000000000000000000000000000000000000000000000000000000000000000000000000000000000000000000000000000000000000000000000000000000000000000000000000000000000000000000000000000000000 hash=3977543738
EPLAN 4 87 modes=66093055 pc=0 pp=-1 pb=-1 selon=0 prof=0 Q=8 ns=22 k=0 shifts=2,5,5,4,6,6,7,7,7,8,2,5,5,5,6,6,7,7,7,8,2,5,5,5,6,6,7,7,7,8 nz=54,23,24,138,89,60,31,130,151,8,31,4,5,11,4,12,0,0,0,0,26,6,1,5,5,3,0,0,0,0 sel=00000000000000000000000000000000000000000000000000000000000000000000000000000000000000000000000000000000000000000000000000000000000000000000000000000000000000000000000000000000000000000000000000000000000000000000000000000000000000000000000000000000000000000000000000000000000000000000000000000000000000000000000000000000000000000000000000000000000000000000000000000000000000000000000000000000000000000000000000000000000000000000000000000000000000000000000000000000000000000000000000000000000000000000000000000000 hash=2236509321
EPLAN 4 88 modes=66092543 pc=0 pp=-1 pb=-1 selon=0 prof=0 Q=7 ns=4 k=0 shifts=2,4,4,4,5,5,7,7,7,8,2,4,4,4,6,6,7,7,7,8,2,4,4,5,6,6,7,7,7,8 nz=64,32,61,104,189,141,36,80,47,0,33,11,14,35,5,11,2,0,0,0,20,12,7,1,2,1,0,0,0,0 sel=00000000000000000000000000000000000000000000000000000000000000000000000000000000000000000000000000000000000000000000000000000000000000000000000000000000000000000000000000000000000000000000000000000000000000000000000000000000000000000000000000000000000000000000000000000000000000000000000000000000000000000000000000000000000000000000000000000000000000000000000000000000000000000000000000000000000000000000000000000000000000000000000000000000000000000000000000000000000000000000000000000000000000000000000000000000 hash=1064780338
EPLAN 4 89 modes=200310783 pc=0 pp=-1 pb=-1 selon=0 prof=0 Q=7 ns=4 k=0 shifts=2,4,4,4,5,5,7,7,7,8,2,4,4,4,6,6,7,7,7,8,2,4,4,5,6,6,7,7,7,8 nz=57,35,57,117,170,125,30,67,39,0,24,13,12,37,7,7,1,0,2,0,29,13,9,1,3,3,0,1,0,0 sel=00000000000000000000000000000000000000000000000000000000000000000000000000000000000000000000000000000000000000000000000000000000000000000000000000000000000000000000000000000000000000000000000000000000000000000000000000000000000000000000000000000000000000000000000000000000000000000000000000000000000000000000000000000000000000000000000000000000000000000000000000000000000000000000000000000000000000000000000000000000000000000000000000000000000000000000000000000000000000000000000000000000000000000000000000000000 hash=2539679403
