EPLAN 0 0 modes=0 pc=0 pp=-1 pb=-1 selon=0 prof=0 Q=9 ns=12 k=0 shifts=2,6,6,6,7,7,8,9,9,10,2,6,6,6,7,7,8,9,9,10,2,6,6,6,7,7,8,9,9,10 nz=28,13,13,15,20,18,5,16,0,0,14,3,3,5,2,2,0,0,0,0,13,0,1,5,1,1,0,0,0,0 sel=00000000000000000000000000000000000000000000000000000000000000000000000000000000000000000000000000000000000000000000000000000000000000000000000000000000000000000000000000000000000000000000000000000000000000000000000000000000000000000000000000000000000000000000000000000000000000000000000000000000000000000000000000000000000000000000000000000000000000000000000000000000000000000000000000000000000000000000000000000000000000000000000000000000000000000000000000000000000000000000000000000000000000000000000000000000 hash=1842536610
EPLAN 0 1 modes=0 pc=0 pp=-1 pb=-1 selon=0 prof=0 Q=10 ns=21 k=0 shifts=2,7,7,7,8,8,9,9,9,10,2,7,7,7,8,8,9,9,9,10,2,7,7,7,8,8,9,9,9,10 nz=28,10,12,16,25,22,20,19,29,0,14,0,0,0,0,0,0,0,0,0,13,0,0,1,0,0,0,0,0,0 sel=00000000000000000000000000000000000000000000000000000000000000000000000000000000000000000000000000000000000000000000000000000000000000000000000000000000000000000000000000000000000000000000000000000000000000000000000000000000000000000000000000000000000000000000000000000000000000000000000000000000000000000000000000000000000000000000000000000000000000000000000000000000000000000000000000000000000000000000000000000000000000000000000000000000000000000000000000000000000000000000000000000000000000000000000000000000 hash=2584958889
EPLAN 0 2 modes=0 pc=0 pp=-1 pb=-1 selon=0 prof=0 Q=10 ns=22 k=0 shifts=2,7,7,6,8,8,9,9,9,10,2,7,7,7,8,8,9,9,9,10,2,7,7,7,8,8,9,9,9,10 nz=28,7,17,35,31,31,16,11,16,0,14,0,0,0,1,0,0,0,0,0,14,0,0,1,1,0,0,0,0,0 sel=00000000000000000000000000000000000000000000000000000000000000000000000000000000000000000000000000000000000000000000000000000000000000000000000000000000000000000000000000000000000000000000000000000000000000000000000000000000000000000000000000000000000000000000000000000000000000000000000000000000000000000000000000000000000000000000000000000000000000000000000000000000000000000000000000000000000000000000000000000000000000000000000000000000000000000000000000000000000000000000000000000000000000000000000000000000 hash=3490845348
EPLAN 0 3 modes=0 pc=0 pp=-1 pb=-1 selon=0 prof=0 Q=10 ns=13 k=0 shifts=2,7,7,7,8,8,9,9,10,11,2,7,7,7,8,8,9,10,10,11,2,7,7,7,8,8,9,10,10,11 nz=28,11,16,20,41,20,8,12,0,0,14,1,0,1,0,0,0,0,0,0,14,1,1,1,1,0,0,0,0,0 sel=00000000000000000000000000000000000000000000000000000000000000000000000000000000000000000000000000000000000000000000000000000000000000000000000000000000000000000000000000000000000000000000000000000000000000000000000000000000000000000000000000000000000000000000000000000000000000000000000000000000000000000000000000000000000000000000000000000000000000000000000000000000000000000000000000000000000000000000000000000000000000000000000000000000000000000000000000000000000000000000000000000000000000000000000000000000 hash=4060988641
EPLAN 0 4 modes=0 pc=0 pp=-1 pb=-1 selon=0 prof=0 Q=10 ns=12 k=0 shifts=2,7,7,7,8,8,9,10,10,11,2,7,7,7,8,8,9,10,10,11,2,7,7,7,8,8,9,10,10,11 nz=28,11,22,36,39,33,16,0,0,0,14,2,3,2,0,0,0,0,0,0,14,3,3,4,1,0,0,0,0,0 sel=00000000000000000000000000000000000000000000000000000000000000000000000000000000000000000000000000000000000000000000000000000000000000000000000000000000000000000000000000000000000000000000000000000000000000000000000000000000000000000000000000000000000000000000000000000000000000000000000000000000000000000000000000000000000000000000000000000000000000000000000000000000000000000000000000000000000000000000000000000000000000000000000000000000000000000000000000000000000000000000000000000000000000000000000000000000 hash=3576941890
EPLAN 0 5 modes=0 pc=0 pp=-1 pb=-1 selon=0 prof=0 Q=8 ns=2 k=0 shifts=2,5,5,5,6,7,8,8,8,9,2,5,5,6,7,7,8,8,8,9,2,5,5,6,7,7,8,8,8,9 nz=28,12,19,31,14,16,4,12,2,0,14,4,6,9,0,1,0,0,0,0,13,5,6,8,1,0,0,0,0,0 sel=00000000000000000000000000000000000000000000000000000000000000000000000000000000000000000000000000000000000000000000000000000000000000000000000000000000000000000000000000000000000000000000000000000000000000000000000000000000000000000000000000000000000000000000000000000000000000000000000000000000000000000000000000000000000000000000000000000000000000000000000000000000000000000000000000000000000000000000000000000000000000000000000000000000000000000000000000000000000000000000000000000000000000000000000000000000 hash=926478037
EPLAN 0 6 modes=0 pc=0 pp=-1 pb=-1 selon=0 prof=0 Q=9 ns=3 k=0 shifts=2,6,6,6,7,7,9,9,9,10,2,6,6,7,8,8,9,9,9,10,2,6,6,7,8,8,9,9,9,10 nz=28,11,20,19,18,32,10,5,4,0,13,5,5,4,0,0,0,0,0,0,13,5,5,3,0,0,0,0,0,0 sel=00000000000000000000000000000000000000000000000000000000000000000000000000000000000000000000000000000000000000000000000000000000000000000000000000000000000000000000000000000000000000000000000000000000000000000000000000000000000000000000000000000000000000000000000000000000000000000000000000000000000000000000000000000000000000000000000000000000000000000000000000000000000000000000000000000000000000000000000000000000000000000000000000000000000000000000000000000000000000000000000000000000000000000000000000000000 hash=2180333103
EPLAN 0 7 modes=0 pc=0 pp=-1 pb=-1 selon=0 prof=0 Q=9 ns=2 k=0 shifts=2,6,6,6,7,8,9,9,9,10,2,6,6,7,8,8,9,9,9,10,2,6,6,7,8,8,9,9,9,10 nz=28,19,22,24,23,12,0,1,0,0,14,4,7,4,0,0,0,0,0,0,13,5,8,3,0,0,0,0,0,0 sel=00000000000000000000000000000000000000000000000000000000000000000000000000000000000000000000000000000000000000000000000000000000000000000000000000000000000000000000000000000000000000000000000000000000000000000000000000000000000000000000000000000000000000000000000000000000000000000000000000000000000000000000000000000000000000000000000000000000000000000000000000000000000000000000000000000000000000000000000000000000000000000000000000000000000000000000000000000000000000000000000000000000000000000000000000000000 hash=3679980724
EPLAN 0 8 modes=0 pc=0 pp=-1 pb=-1 selon=0 prof=0 Q=10 ns=13 k=0 shifts=2,7,7,7,8,8,9,9,10,11,2,7,7,7,8,8,9,10,10,11,2,7,7,7,8,8,9,10,10,11 nz=28,16,23,28,18,18,1,9,0,0,14,4,6,5,2,1,0,0,0,0,13,3,5,3,0,0,0,0,0,0 sel=00000000000000000000000000000000000000000000000000000000000000000000000000000000000000000000000000000000000000000000000000000000000000000000000000000000000000000000000000000000000000000000000000000000000000000000000000000000000000000000000000000000000000000000000000000000000000000000000000000000000000000000000000000000000000000000000000000000000000000000000000000000000000000000000000000000000000000000000000000000000000000000000000000000000000000000000000000000000000000000000000000000000000000000000000000000 hash=440816871
EPLAN 0 9 modes=0 pc=0 pp=-1 pb=-1 selon=0 prof=0 Q=9 ns=2 k=0 shifts=2,6,6,6,7,8,9,9,9,10,2,6,6,7,8,8,9,9,9,10,2,6,6,7,8,8,9,9,9,10 nz=28,18,28,29,20,10,2,4,0,0,14,4,10,3,0,0,0,0,0,0,14,4,6,1,0,0,0,0,0,0 sel=00000000000000000000000000000000000000000000000000000000000000000000000000000000000000000000000000000000000000000000000000000000000000000000000000000000000000000000000000000000000000000000000000000000000000000000000000000000000000000000000000000000000000000000000000000000000000000000000000000000000000000000000000000000000000000000000000000000000000000000000000000000000000000000000000000000000000000000000000000000000000000000000000000000000000000000000000000000000000000000000000000000000000000000000000000000 hash=2182984574
EPLAN 0 10 modes=0 pc=0 pp=-1 pb=-1 selon=0 prof=0 Q=9 ns=1 k=0 shifts=2,6,6,6,8,8,9,9,9,10,2,6,6,7,8,8,9,9,9,10,2,6,6,7,8,8,9,9,9,10 nz=28,17,26,40,22,21,2,6,0,0,14,5,10,4,0,0,0,0,0,0,14,4,5,3,0,0,0,0,0,0 sel=00000000000000000000000000000000000000000000000000000000000000000000000000000000000000000000000000000000000000000000000000000000000000000000000000000000000000000000000000000000000000000000000000000000000000000000000000000000000000000000000000000000000000000000000000000000000000000000000000000000000000000000000000000000000000000000000000000000000000000000000000000000000000000000000000000000000000000000000000000000000000000000000000000000000000000000000000000000000000000000000000000000000000000000000000000000 hash=3339956135
EPLAN 0 11 modes=0 pc=0 pp=-1 pb=-1 selon=0 prof=0 Q=9 ns=2 k=0 shifts=2,6,6,6,7,8,9,9,9,10,2,6,6,7,8,8,9,9,9,10,2,6,6,7,8,8,9,9,9,10 nz=28,18,26,35,16,8,1,9,0,0,14,8,8,6,0,0,0,0,0,0,14,5,3,2,0,0,0,0,0,0 sel=00000000000000000000000000000000000000000000000000000000000000000000000000000000000000000000000000000000000000000000000000000000000000000000000000000000000000000000000000000000000000000000000000000000000000000000000000000000000000000000000000000000000000000000000000000000000000000000000000000000000000000000000000000000000000000000000000000000000000000000000000000000000000000000000000000000000000000000000000000000000000000000000000000000000000000000000000000000000000000000000000000000000000000000000000000000 hash=2024925131
EPLAN 0 12 modes=0 pc=0 pp=-1 pb=-1 selon=0 prof=0 Q=10 ns=21 k=0 shifts=2,7,7,7,8,8,9,9,9,10,2,7,7,7,8,8,9,9,9,10,2,7,7,7,8,8,9,9,9,10 nz=27,17,22,27,38,12,15,10,1,0,14,2,1,5,0,0,0,0,0,0,14,2,1,2,0,0,0,0,0,0 sel=00000000000000000000000000000000000000000000000000000000000000000000000000000000000000000000000000000000000000000000000000000000000000000000000000000000000000000000000000000000000000000000000000000000000000000000000000000000000000000000000000000000000000000000000000000000000000000000000000000000000000000000000000000000000000000000000000000000000000000000000000000000000000000000000000000000000000000000000000000000000000000000000000000000000000000000000000000000000000000000000000000000000000000000000000000000 hash=763252040
EPLAN 0 13 modes=0 pc=0 pp=-1 pb=-1 selon=0 prof=0 Q=10 ns=13 k=0 shifts=2,7,7,7,8,8,9,9,10,11,2,7,7,7,8,8,9,10,10,11,2,7,7,7,8,8,9,10,10,11 nz=28,15,15,23,38,26,10,16,0,0,14,0,3,1,1,0,0,0,0,0,13,1,4,2,1,0,0,0,0,0 sel=00000000000000000000000000000000000000000000000000000000000000000000000000000000000000000000000000000000000000000000000000000000000000000000000000000000000000000000000000000000000000000000000000000000000000000000000000000000000000000000000000000000000000000000000000000000000000000000000000000000000000000000000000000000000000000000000000000000000000000000000000000000000000000000000000000000000000000000000000000000000000000000000000000000000000000000000000000000000000000000000000000000000000000000000000000000 hash=1366828991
EPLAN 0 14 modes=0 pc=0 pp=-1 pb=-1 selon=0 prof=0 Q=9 ns=0 k=0 shifts=2,6,6,7,8,8,9,9,9,10,2,6,6,7,8,8,9,9,9,10,2,6,6,7,8,8,9,9,9,10 nz=28,13,26,19,27,20,11,23,17,0,14,0,2,0,0,0,0,0,0,0,14,0,3,1,0,0,0,0,0,0 sel=00000000000000000000000000000000000000000000000000000000000000000000000000000000000000000000000000000000000000000000000000000000000000000000000000000000000000000000000000000000000000000000000000000000000000000000000000000000000000000000000000000000000000000000000000000000000000000000000000000000000000000000000000000000000000000000000000000000000000000000000000000000000000000000000000000000000000000000000000000000000000000000000000000000000000000000000000000000000000000000000000000000000000000000000000000000 hash=1861495583
EPLAN 0 15 modes=0 pc=0 pp=-1 pb=-1 selon=0 prof=0 Q=10 ns=13 k=0 shifts=2,7,7,7,8,8,9,9,10,11,2,7,7,7,8,8,9,10,10,11,2,7,7,7,8,8,9,10,10,11 nz=28,10,15,20,37,31,16,9,0,0,14,0,0,0,0,0,0,0,0,0,13,0,0,0,0,1,0,0,0,0 sel=00000000000000000000000000000000000000000000000000000000000000000000000000000000000000000000000000000000000000000000000000000000000000000000000000000000000000000000000000000000000000000000000000000000000000000000000000000000000000000000000000000000000000000000000000000000000000000000000000000000000000000000000000000000000000000000000000000000000000000000000000000000000000000000000000000000000000000000000000000000000000000000000000000000000000000000000000000000000000000000000000000000000000000000000000000000 hash=3564395791
EPLAN 0 16 modes=0 pc=0 pp=-1 pb=-1 selon=0 prof=0 Q=9 ns=2 k=0 shifts=2,6,6,6,7,8,9,9,9,10,2,6,6,7,8,8,9,9,9,10,2,6,6,7,8,8,9,9,9,10 nz=28,14,18,29,36,20,9,7,15,0,14,1,0,0,0,0,0,0,0,0,12,0,1,2,0,0,0,0,0,0 sel=00000000000000000000000000000000000000000000000000000000000000000000000000000000000000000000000000000000000000000000000000000000000000000000000000000000000000000000000000000000000000000000000000000000000000000000000000000000000000000000000000000000000000000000000000000000000000000000000000000000000000000000000000000000000000000000000000000000000000000000000000000000000000000000000000000000000000000000000000000000000000000000000000000000000000000000000000000000000000000000000000000000000000000000000000000000 hash=4022079310
EPLAN 0 17 modes=0 pc=0 pp=-1 pb=-1 selon=0 prof=0 Q=9 ns=18 k=0 shifts=2,6,6,6,7,7,8,8,8,10,2,6,6,6,7,7,8,8,8,10,2,6,6,6,7,7,8,8,8,10 nz=28,8,15,22,15,23,16,21,20,0,14,1,1,2,0,0,0,0,0,0,13,0,1,2,0,0,0,0,0,0 sel=00000000000000000000000000000000000000000000000000000000000000000000000000000000000000000000000000000000000000000000000000000000000000000000000000000000000000000000000000000000000000000000000000000000000000000000000000000000000000000000000000000000000000000000000000000000000000000000000000000000000000000000000000000000000000000000000000000000000000000000000000000000000000000000000000000000000000000000000000000000000000000000000000000000000000000000000000000000000000000000000000000000000000000000000000000000 hash=4228407860
EPLAN 0 18 modes=0 pc=0 pp=-1 pb=-1 selon=0 prof=0 Q=8 ns=12 k=0 shifts=2,5,5,5,6,6,7,8,8,9,2,5,5,5,6,6,7,8,8,9,2,5,5,5,6,6,7,8,8,9 nz=28,8,11,15,14,23,5,10,3,0,14,3,1,9,5,11,1,0,0,0,13,3,1,9,6,6,2,0,0,0 sel=00000000000000000000000000000000000000000000000000000000000000000000000000000000000000000000000000000000000000000000000000000000000000000000000000000000000000000000000000000000000000000000000000000000000000000000000000000000000000000000000000000000000000000000000000000000000000000000000000000000000000000000000000000000000000000000000000000000000000000000000000000000000000000000000000000000000000000000000000000000000000000000000000000000000000000000000000000000000000000000000000000000000000000000000000000000 hash=2713551098
EPLAN 0 19 modes=0 pc=0 pp=-1 pb=-1 selon=0 prof=0 Q=9 ns=12 k=0 shifts=2,6,6,6,7,7,8,9,9,10,2,6,6,6,7,7,8,9,9,10,2,6,6,6,7,7,8,9,9,10 nz=28,6,11,22,27,32,19,9,8,0,14,0,0,6,0,0,0,0,0,0,13,0,0,2,0,0,0,0,0,0 sel=00000000000000000000000000000000000000000000000000000000000000000000000000000000000000000000000000000000000000000000000000000000000000000000000000000000000000000000000000000000000000000000000000000000000000000000000000000000000000000000000000000000000000000000000000000000000000000000000000000000000000000000000000000000000000000000000000000000000000000000000000000000000000000000000000000000000000000000000000000000000000000000000000000000000000000000000000000000000000000000000000000000000000000000000000000000 hash=1638284633
EPLAN 0 20 modes=0 pc=0 pp=-1 pb=-1 selon=0 prof=0 Q=8 ns=2 k=0 shifts=2,5,5,5,6,7,8,8,8,9,2,5,5,6,7,7,8,8,8,9,2,5,5,6,7,7,8,8,8,9 nz=28,10,16,27,27,14,3,24,11,0,13,7,2,2,0,0,0,0,0,0,12,2,3,3,0,0,0,0,0,0 sel=00000000000000000000000000000000000000000000000000000000000000000000000000000000000000000000000000000000000000000000000000000000000000000000000000000000000000000000000000000000000000000000000000000000000000000000000000000000000000000000000000000000000000000000000000000000000000000000000000000000000000000000000000000000000000000000000000000000000000000000000000000000000000000000000000000000000000000000000000000000000000000000000000000000000000000000000000000000000000000000000000000000000000000000000000000000 hash=4225772939
EPLAN 0 21 modes=0 pc=0 pp=-1 pb=-1 selon=0 prof=0 Q=9 ns=0 k=0 shifts=2,6,6,7,8,8,9,9,9,10,2,6,6,7,8,8,9,9,9,10,2,6,6,7,8,8,9,9,9,10 nz=28,13,18,17,22,14,11,10,9,0,14,2,3,0,0,0,0,0,0,0,14,1,1,0,0,0,0,0,0,0 sel=00000000000000000000000000000000000000000000000000000000000000000000000000000000000000000000000000000000000000000000000000000000000000000000000000000000000000000000000000000000000000000000000000000000000000000000000000000000000000000000000000000000000000000000000000000000000000000000000000000000000000000000000000000000000000000000000000000000000000000000000000000000000000000000000000000000000000000000000000000000000000000000000000000000000000000000000000000000000000000000000000000000000000000000000000000000 hash=3121054422
EPLAN 0 22 modes=0 pc=0 pp=-1 pb=-1 selon=0 prof=0 Q=9 ns=22 k=0 shifts=2,6,6,5,7,7,8,8,8,9,2,6,6,6,7,7,8,8,8,9,2,6,6,6,7,7,8,8,8,9 nz=28,10,15,29,12,22,8,6,16,0,14,3,1,2,0,0,0,0,1,0,13,0,3,3,0,0,0,0,0,0 sel=00000000000000000000000000000000000000000000000000000000000000000000000000000000000000000000000000000000000000000000000000000000000000000000000000000000000000000000000000000000000000000000000000000000000000000000000000000000000000000000000000000000000000000000000000000000000000000000000000000000000000000000000000000000000000000000000000000000000000000000000000000000000000000000000000000000000000000000000000000000000000000000000000000000000000000000000000000000000000000000000000000000000000000000000000000000 hash=97418421
EPLAN 0 23 modes=0 pc=0 pp=-1 pb=-1 selon=0 prof=0 Q=8 ns=8 k=0 shifts=2,5,5,5,6,6,8,8,8,9,2,5,5,5,6,6,8,8,8,9,2,5,5,5,6,7,8,8,8,9 nz=28,13,15,23,9,22,1,5,4,0,14,8,2,5,1,12,0,0,0,0,14,3,1,7,2,0,0,0,0,0 sel=00000000000000000000000000000000000000000000000000000000000000000000000000000000000000000000000000000000000000000000000000000000000000000000000000000000000000000000000000000000000000000000000000000000000000000000000000000000000000000000000000000000000000000000000000000000000000000000000000000000000000000000000000000000000000000000000000000000000000000000000000000000000000000000000000000000000000000000000000000000000000000000000000000000000000000000000000000000000000000000000000000000000000000000000000000000 hash=1549043121
EPLAN 0 24 modes=0 pc=0 pp=-1 pb=-1 selon=0 prof=0 Q=8 ns=1 k=0 shifts=2,5,5,5,7,7,8,8,8,9,2,5,5,6,7,7,8,8,8,9,2,5,5,6,7,7,8,8,8,9 nz=28,16,21,31,10,15,9,3,13,0,14,8,5,6,0,3,0,0,0,0,12,3,1,1,0,0,0,0,0,0 sel=00000000000000000000000000000000000000000000000000000000000000000000000000000000000000000000000000000000000000000000000000000000000000000000000000000000000000000000000000000000000000000000000000000000000000000000000000000000000000000000000000000000000000000000000000000000000000000000000000000000000000000000000000000000000000000000000000000000000000000000000000000000000000000000000000000000000000000000000000000000000000000000000000000000000000000000000000000000000000000000000000000000000000000000000000000000 hash=4007108164
EPLAN 0 25 modes=0 pc=0 pp=-1 pb=-1 selon=0 prof=0 Q=9 ns=12 k=0 shifts=2,6,6,6,7,7,8,9,9,10,2,6,6,6,7,7,8,9,9,10,2,6,6,6,7,7,8,9,9,10 nz=28,7,14,15,45,15,10,7,2,0,14,2,3,7,4,1,0,0,0,0,13,0,1,1,0,0,0,0,0,0 sel=00000000000000000000000000000000000000000000000000000000000000000000000000000000000000000000000000000000000000000000000000000000000000000000000000000000000000000000000000000000000000000000000000000000000000000000000000000000000000000000000000000000000000000000000000000000000000000000000000000000000000000000000000000000000000000000000000000000000000000000000000000000000000000000000000000000000000000000000000000000000000000000000000000000000000000000000000000000000000000000000000000000000000000000000000000000 hash=1290027132
EPLAN 0 26 modes=0 pc=0 pp=-1 pb=-1 selon=0 prof=0 Q=10 ns=22 k=0 shifts=2,7,7,6,8,8,9,9,9,10,2,7,7,7,8,8,9,9,9,10,2,7,7,7,8,8,9,9,9,10 nz=28,9,10,21,27,24,13,9,13,0,14,0,1,0,1,0,0,0,0,0,14,3,3,3,3,0,0,0,0,0 sel=00000000000000000000000000000000000000000000000000000000000000000000000000000000000000000000000000000000000000000000000000000000000000000000000000000000000000000000000000000000000000000000000000000000000000000000000000000000000000000000000000000000000000000000000000000000000000000000000000000000000000000000000000000000000000000000000000000000000000000000000000000000000000000000000000000000000000000000000000000000000000000000000000000000000000000000000000000000000000000000000000000000000000000000000000000000 hash=2242411963
EPLAN 0 27 modes=0 pc=0 pp=-1 pb=-1 selon=0 prof=0 Q=8 ns=0 k=0 shifts=2,5,5,6,7,7,8,8,8,9,2,5,5,6,7,7,8,8,8,9,2,5,5,6,7,7,8,8,8,9 nz=28,12,18,20,16,19,11,18,14,0,14,4,3,7,0,0,0,0,0,0,12,3,3,1,1,0,0,0,0,0 sel=00000000000000000000000000000000000000000000000000000000000000000000000000000000000000000000000000000000000000000000000000000000000000000000000000000000000000000000000000000000000000000000000000000000000000000000000000000000000000000000000000000000000000000000000000000000000000000000000000000000000000000000000000000000000000000000000000000000000000000000000000000000000000000000000000000000000000000000000000000000000000000000000000000000000000000000000000000000000000000000000000000000000000000000000000000000 hash=3791983874
EPLAN 0 28 modes=0 pc=0 pp=-1 pb=-1 selon=0 prof=0 Q=9 ns=1 k=0 shifts=2,6,6,6,8,8,9,9,9,10,2,6,6,7,8,8,9,9,9,10,2,6,6,7,8,8,9,9,9,10 nz=28,12,15,25,25,14,11,12,11,0,14,2,2,0,0,0,0,0,0,0,13,0,0,0,0,0,0,0,0,0 sel=00000000000000000000000000000000000000000000000000000000000000000000000000000000000000000000000000000000000000000000000000000000000000000000000000000000000000000000000000000000000000000000000000000000000000000000000000000000000000000000000000000000000000000000000000000000000000000000000000000000000000000000000000000000000000000000000000000000000000000000000000000000000000000000000000000000000000000000000000000000000000000000000000000000000000000000000000000000000000000000000000000000000000000000000000000000 hash=1489978892
EPLAN 0 29 modes=0 pc=0 pp=-1 pb=-1 selon=0 prof=0 Q=9 ns=12 k=0 shifts=2,6,6,6,7,7,8,9,9,10,2,6,6,6,7,7,8,9,9,10,2,6,6,6,7,7,8,9,9,10 nz=28,11,18,25,21,25,14,2,13,0,14,2,2,2,0,0,0,0,0,0,14,0,2,1,0,2,0,0,0,0 sel=00000000000000000000000000000000000000000000000000000000000000000000000000000000000000000000000000000000000000000000000000000000000000000000000000000000000000000000000000000000000000000000000000000000000000000000000000000000000000000000000000000000000000000000000000000000000000000000000000000000000000000000000000000000000000000000000000000000000000000000000000000000000000000000000000000000000000000000000000000000000000000000000000000000000000000000000000000000000000000000000000000000000000000000000000000000 hash=1740229503
EPLAN 0 30 modes=0 pc=0 pp=-1 pb=-1 selon=0 prof=0 Q=8 ns=1 k=0 shifts=2,5,5,5,7,7,8,8,8,9,2,5,5,6,7,7,8,8,8,9,2,5,5,6,7,7,8,8,8,9 nz=28,13,15,24,12,18,11,14,22,0,14,3,3,4,1,0,0,0,0,0,11,3,3,2,0,0,0,0,0,0 sel=00000000000000000000000000000000000000000000000000000000000000000000000000000000000000000000000000000000000000000000000000000000000000000000000000000000000000000000000000000000000000000000000000000000000000000000000000000000000000000000000000000000000000000000000000000000000000000000000000000000000000000000000000000000000000000000000000000000000000000000000000000000000000000000000000000000000000000000000000000000000000000000000000000000000000000000000000000000000000000000000000000000000000000000000000000000 hash=3385502383
EPLAN 0 31 modes=0 pc=0 pp=-1 pb=-1 selon=0 prof=0 Q=8 ns=10 k=0 shifts=2,5,5,5,6,6,7,8,8,9,2,5,5,5,6,6,8,8,8,9,2,5,5,5,6,6,8,8,8,9 nz=28,12,11,22,22,23,7,2,3,0,14,3,3,9,4,8,0,0,0,0,13,2,3,9,2,6,0,0,0,0 sel=00000000000000000000000000000000000000000000000000000000000000000000000000000000000000000000000000000000000000000000000000000000000000000000000000000000000000000000000000000000000000000000000000000000000000000000000000000000000000000000000000000000000000000000000000000000000000000000000000000000000000000000000000000000000000000000000000000000000000000000000000000000000000000000000000000000000000000000000000000000000000000000000000000000000000000000000000000000000000000000000000000000000000000000000000000000 hash=3925421987
EPLAN 1 0 modes=31999 pc=0 pp=-1 pb=-1 selon=0 prof=0 Q=8 ns=1 k=0 shifts=2,5,5,5,7,7,8,8,8,9,2,5,5,6,7,7,8,8,8,9,2,5,5,6,7,7,8,8,8,9 nz=22,9,9,21,17,4,5,28,7,0,10,4,5,4,2,1,0,0,0,0,14,1,2,2,1,1,0,1,0,0 sel=00000000000000000000000000000000000000000000000000000000000000000000000000000000000000000000000000000000000000000000000000000000000000000000000000000000000000000000000000000000000000000000000000000000000000000000000000000000000000000000000000000000000000000000000000000000000000000000000000000000000000000000000000000000000000000000000000000000000000000000000000000000000000000000000000000000000000000000000000000000000000000000000000000000000000000000000000000000000000000000000000000000000000000000000000000000 hash=1451951937
EPLAN 1 1 modes=0 pc=0 pp=-1 pb=-1 selon=0 prof=0 Q=10 ns=21 k=0 shifts=2,7,7,7,8,8,9,9,9,10,2,7,7,7,8,8,9,9,9,10,2,7,7,7,8,8,9,9,9,10 nz=28,10,13,18,26,22,26,19,25,0,14,0,0,0,0,0,0,0,0,0,14,0,0,0,0,0,0,0,0,0 sel=00000000000000000000000000000000000000000000000000000000000000000000000000000000000000000000000000000000000000000000000000000000000000000000000000000000000000000000000000000000000000000000000000000000000000000000000000000000000000000000000000000000000000000000000000000000000000000000000000000000000000000000000000000000000000000000000000000000000000000000000000000000000000000000000000000000000000000000000000000000000000000000000000000000000000000000000000000000000000000000000000000000000000000000000000000000 hash=3061650525
EPLAN 1 2 modes=1050111 pc=0 pp=-1 pb=-1 selon=0 prof=0 Q=9 ns=12 k=0 shifts=2,6,6,6,7,7,8,9,9,10,2,6,6,6,7,7,8,9,9,10,2,6,6,6,7,7,8,9,9,10 nz=23,10,17,14,33,41,22,9,14,0,11,2,2,6,4,1,0,0,0,0,13,1,5,5,6,0,1,0,0,0 sel=00000000000000000000000000000000000000000000000000000000000000000000000000000000000000000000000000000000000000000000000000000000000000000000000000000000000000000000000000000000000000000000000000000000000000000000000000000000000000000000000000000000000000000000000000000000000000000000000000000000000000000000000000000000000000000000000000000000000000000000000000000000000000000000000000000000000000000000000000000000000000000000000000000000000000000000000000000000000000000000000000000000000000000000000000000000 hash=1569406085
EPLAN 1 3 modes=1053951 pc=0 pp=-1 pb=-1 selon=0 prof=0 Q=9 ns=12 k=0 shifts=2,6,6,6,7,7,8,9,9,10,2,6,6,6,7,7,8,9,9,10,2,6,6,6,7,7,8,9,9,10 nz=24,9,17,29,49,42,29,11,21,0,13,3,4,3,2,1,0,0,0,0,10,3,3,7,3,1,0,0,0,0 sel=00000000000000000000000000000000000000000000000000000000000000000000000000000000000000000000000000000000000000000000000000000000000000000000000000000000000000000000000000000000000000000000000000000000000000000000000000000000000000000000000000000000000000000000000000000000000000000000000000000000000000000000000000000000000000000000000000000000000000000000000000000000000000000000000000000000000000000000000000000000000000000000000000000000000000000000000000000000000000000000000000000000000000000000000000000000 hash=2888220947
EPLAN 1 4 modes=15744127 pc=0 pp=-1 pb=-1 selon=0 prof=0 Q=9 ns=2 k=0 shifts=2,6,6,6,7,8,9,9,9,10,2,6,6,7,8,8,9,9,9,10,2,6,6,7,8,8,9,9,9,10 nz=25,13,19,41,42,15,9,11,28,0,11,2,5,2,0,0,0,0,0,0,9,4,5,1,0,0,0,0,0,0 sel=00000000000000000000000000000000000000000000000000000000000000000000000000000000000000000000000000000000000000000000000000000000000000000000000000000000000000000000000000000000000000000000000000000000000000000000000000000000000000000000000000000000000000000000000000000000000000000000000000000000000000000000000000000000000000000000000000000000000000000000000000000000000000000000000000000000000000000000000000000000000000000000000000000000000000000000000000000000000000000000000000000000000000000000000000000000 hash=3407881930
EPLAN 1 5 modes=15744191 pc=0 pp=-1 pb=-1 selon=0 prof=0 Q=8 ns=5 k=0 shifts=2,5,5,5,6,6,8,8,8,9,2,5,5,5,7,7,8,8,8,9,2,5,5,5,7,7,8,8,8,9 nz=23,6,8,23,17,22,5,12,0,0,11,1,5,11,0,1,0,0,0,0,10,4,2,14,0,3,0,1,0,0 sel=00000000000000000000000000000000000000000000000000000000000000000000000000000000000000000000000000000000000000000000000000000000000000000000000000000000000000000000000000000000000000000000000000000000000000000000000000000000000000000000000000000000000000000000000000000000000000000000000000000000000000000000000000000000000000000000000000000000000000000000000000000000000000000000000000000000000000000000000000000000000000000000000000000000000000000000000000000000000000000000000000000000000000000000000000000000 hash=2281750716
EPLAN 1 6 modes=7355903 pc=0 pp=-1 pb=-1 selon=0 prof=0 Q=8 ns=0 k=0 shifts=2,5,5,6,7,7,8,8,8,9,2,5,5,6,7,7,8,8,8,9,2,5,5,6,7,7,8,8,8,9 nz=17,8,14,11,14,15,5,20,23,0,12,4,4,7,0,4,0,0,0,0,11,3,2,8,4,2,0,0,0,0 sel=00000000000000000000000000000000000000000000000000000000000000000000000000000000000000000000000000000000000000000000000000000000000000000000000000000000000000000000000000000000000000000000000000000000000000000000000000000000000000000000000000000000000000000000000000000000000000000000000000000000000000000000000000000000000000000000000000000000000000000000000000000000000000000000000000000000000000000000000000000000000000000000000000000000000000000000000000000000000000000000000000000000000000000000000000000000 hash=4055269012
EPLAN 1 7 modes=7355711 pc=0 pp=-1 pb=-1 selon=0 prof=0 Q=9 ns=21 k=0 shifts=2,6,6,6,7,7,8,8,8,9,2,6,6,6,7,7,8,8,8,9,2,6,6,6,7,7,8,8,8,9 nz=22,6,9,14,15,20,5,18,9,0,10,4,5,7,0,6,0,0,0,0,12,1,1,13,1,1,0,0,0,0 sel=00000000000000000000000000000000000000000000000000000000000000000000000000000000000000000000000000000000000000000000000000000000000000000000000000000000000000000000000000000000000000000000000000000000000000000000000000000000000000000000000000000000000000000000000000000000000000000000000000000000000000000000000000000000000000000000000000000000000000000000000000000000000000000000000000000000000000000000000000000000000000000000000000000000000000000000000000000000000000000000000000000000000000000000000000000000 hash=1844350891
EPLAN 1 8 modes=7372031 pc=0 pp=-1 pb=-1 selon=0 prof=0 Q=9 ns=9 k=0 shifts=2,6,6,6,7,7,9,9,9,10,2,6,6,6,7,7,9,9,9,10,2,6,6,6,7,7,9,9,9,10 nz=24,12,16,21,21,27,4,10,4,0,10,4,11,10,3,8,0,0,0,0,11,4,6,11,4,1,0,0,0,0 sel=00000000000000000000000000000000000000000000000000000000000000000000000000000000000000000000000000000000000000000000000000000000000000000000000000000000000000000000000000000000000000000000000000000000000000000000000000000000000000000000000000000000000000000000000000000000000000000000000000000000000000000000000000000000000000000000000000000000000000000000000000000000000000000000000000000000000000000000000000000000000000000000000000000000000000000000000000000000000000000000000000000000000000000000000000000000 hash=3261621650
EPLAN 1 9 modes=0 pc=0 pp=-1 pb=-1 selon=0 prof=0 Q=9 ns=2 k=0 shifts=2,6,6,6,7,8,9,9,9,10,2,6,6,7,8,8,9,9,9,10,2,6,6,7,8,8,9,9,9,10 nz=28,17,25,29,19,8,2,1,1,0,14,4,10,3,0,0,0,0,0,0,14,3,7,3,0,0,0,0,0,0 sel=00000000000000000000000000000000000000000000000000000000000000000000000000000000000000000000000000000000000000000000000000000000000000000000000000000000000000000000000000000000000000000000000000000000000000000000000000000000000000000000000000000000000000000000000000000000000000000000000000000000000000000000000000000000000000000000000000000000000000000000000000000000000000000000000000000000000000000000000000000000000000000000000000000000000000000000000000000000000000000000000000000000000000000000000000000000 hash=2653539444
EPLAN 1 10 modes=15736063 pc=0 pp=-1 pb=-1 selon=0 prof=0 Q=9 ns=13 k=0 shifts=2,6,6,6,7,7,8,8,9,10,2,6,6,6,7,7,8,9,9,10,2,6,6,6,7,7,8,9,9,10 nz=26,6,12,24,26,37,14,27,0,0,11,1,3,10,0,0,0,0,0,0,11,1,2,4,0,0,0,0,0,0 sel=00000000000000000000000000000000000000000000000000000000000000000000000000000000000000000000000000000000000000000000000000000000000000000000000000000000000000000000000000000000000000000000000000000000000000000000000000000000000000000000000000000000000000000000000000000000000000000000000000000000000000000000000000000000000000000000000000000000000000000000000000000000000000000000000000000000000000000000000000000000000000000000000000000000000000000000000000000000000000000000000000000000000000000000000000000000 hash=3546460980
EPLAN 1 11 modes=7347455 pc=0 pp=-1 pb=-1 selon=0 prof=0 Q=8 ns=0 k=0 shifts=2,5,5,6,7,7,8,8,8,9,2,5,5,6,7,7,8,8,8,9,2,5,5,6,7,7,8,8,8,9 nz=21,9,25,13,10,13,2,29,14,0,11,6,8,11,1,1,0,0,0,0,13,4,5,8,0,0,0,0,0,0 sel=00000000000000000000000000000000000000000000000000000000000000000000000000000000000000000000000000000000000000000000000000000000000000000000000000000000000000000000000000000000000000000000000000000000000000000000000000000000000000000000000000000000000000000000000000000000000000000000000000000000000000000000000000000000000000000000000000000000000000000000000000000000000000000000000000000000000000000000000000000000000000000000000000000000000000000000000000000000000000000000000000000000000000000000000000000000 hash=3828563825
EPLAN 1 12 modes=3157247 pc=0 pp=-1 pb=-1 selon=0 prof=0 Q=9 ns=13 k=0 shifts=2,6,6,6,7,7,8,8,9,10,2,6,6,6,7,7,8,9,9,10,2,6,6,6,7,7,8,9,9,10 nz=22,19,20,35,45,35,24,54,5,0,9,3,6,10,0,2,0,0,0,0,10,3,3,9,2,0,0,0,0,0 sel=00000000000000000000000000000000000000000000000000000000000000000000000000000000000000000000000000000000000000000000000000000000000000000000000000000000000000000000000000000000000000000000000000000000000000000000000000000000000000000000000000000000000000000000000000000000000000000000000000000000000000000000000000000000000000000000000000000000000000000000000000000000000000000000000000000000000000000000000000000000000000000000000000000000000000000000000000000000000000000000000000000000000000000000000000000000 hash=913201680
EPLAN 1 13 modes=1050111 pc=0 pp=-1 pb=-1 selon=0 prof=0 Q=9 ns=13 k=0 shifts=2,6,6,6,7,7,8,8,9,10,2,6,6,6,7,7,8,9,9,10,2,6,6,6,7,7,8,9,9,10 nz=25,17,19,25,41,38,30,76,22,0,9,3,5,7,6,2,0,0,0,0,7,2,6,9,5,4,0,0,0,0 sel=00000000000000000000000000000000000000000000000000000000000000000000000000000000000000000000000000000000000000000000000000000000000000000000000000000000000000000000000000000000000000000000000000000000000000000000000000000000000000000000000000000000000000000000000000000000000000000000000000000000000000000000000000000000000000000000000000000000000000000000000000000000000000000000000000000000000000000000000000000000000000000000000000000000000000000000000000000000000000000000000000000000000000000000000000000000 hash=3945102349
EPLAN 1 14 modes=1057919 pc=0 pp=-1 pb=-1 selon=0 prof=0 Q=9 ns=13 k=0 shifts=2,6,6,6,7,7,8,8,9,10,2,6,6,6,7,7,8,9,9,10,2,6,6,6,7,7,8,9,9,10 nz=22,5,8,27,35,35,31,61,15,0,10,1,2,4,0,1,0,0,0,0,12,0,0,5,0,3,2,0,0,0 sel=00000000000000000000000000000000000000000000000000000000000000000000000000000000000000000000000000000000000000000000000000000000000000000000000000000000000000000000000000000000000000000000000000000000000000000000000000000000000000000000000000000000000000000000000000000000000000000000000000000000000000000000000000000000000000000000000000000000000000000000000000000000000000000000000000000000000000000000000000000000000000000000000000000000000000000000000000000000000000000000000000000000000000000000000000000000 hash=957763620
EPLAN 1 15 modes=34604415 pc=0 pp=-1 pb=-1 selon=0 prof=0 Q=9 ns=21 k=0 shifts=2,6,6,6,7,7,8,8,8,9,2,6,6,6,7,7,8,8,8,9,2,6,6,6,7,7,8,8,8,9 nz=27,12,17,32,30,39,28,56,78,3,11,1,0,9,0,1,0,0,0,0,9,2,3,9,1,1,0,1,0,0 sel=00000000000000000000000000000000000000000000000000000000000000000000000000000000000000000000000000000000000000000000000000000000000000000000000000000000000000000000000000000000000000000000000000000000000000000000000000000000000000000000000000000000000000000000000000000000000000000000000000000000000000000000000000000000000000000000000000000000000000000000000000000000000000000000000000000000000000000000000000000000000000000000000000000000000000000000000000000000000000000000000000000000000000000000000000000000 hash=3024894210
EPLAN 1 16 modes=1052031 pc=0 pp=-1 pb=-1 selon=0 prof=0 Q=9 ns=13 k=0 shifts=2,6,6,6,7,7,8,8,9,10,2,6,6,6,7,7,8,9,9,10,2,6,6,6,7,7,8,9,9,10 nz=24,5,9,18,18,34,28,53,18,0,13,0,1,7,0,0,0,0,0,0,12,0,1,6,1,1,0,0,0,0 sel=00000000000000000000000000000000000000000000000000000000000000000000000000000000000000000000000000000000000000000000000000000000000000000000000000000000000000000000000000000000000000000000000000000000000000000000000000000000000000000000000000000000000000000000000000000000000000000000000000000000000000000000000000000000000000000000000000000000000000000000000000000000000000000000000000000000000000000000000000000000000000000000000000000000000000000000000000000000000000000000000000000000000000000000000000000000 hash=2034782164
EPLAN 1 17 modes=0 pc=0 pp=-1 pb=-1 selon=0 prof=0 Q=9 ns=18 k=0 shifts=2,6,6,6,7,7,8,8,8,10,2,6,6,6,7,7,8,8,8,10,2,6,6,6,7,7,8,8,8,10 nz=28,8,11,18,15,17,10,20,16,0,14,1,1,3,0,0,0,0,0,0,14,0,1,3,1,2,0,0,0,0 sel=00000000000000000000000000000000000000000000000000000000000000000000000000000000000000000000000000000000000000000000000000000000000000000000000000000000000000000000000000000000000000000000000000000000000000000000000000000000000000000000000000000000000000000000000000000000000000000000000000000000000000000000000000000000000000000000000000000000000000000000000000000000000000000000000000000000000000000000000000000000000000000000000000000000000000000000000000000000000000000000000000000000000000000000000000000000 hash=3433318971
EPLAN 1 18 modes=9440511 pc=0 pp=-1 pb=-1 selon=0 prof=0 Q=8 ns=11 k=0 shifts=2,5,5,5,6,6,7,8,8,9,2,5,5,5,6,6,7,8,8,9,2,5,5,5,6,6,8,8,8,9 nz=22,4,6,17,23,18,7,7,1,0,14,4,0,8,7,6,2,0,0,0,12,0,0,6,2,11,0,0,0,0 sel=00000000000000000000000000000000000000000000000000000000000000000000000000000000000000000000000000000000000000000000000000000000000000000000000000000000000000000000000000000000000000000000000000000000000000000000000000000000000000000000000000000000000000000000000000000000000000000000000000000000000000000000000000000000000000000000000000000000000000000000000000000000000000000000000000000000000000000000000000000000000000000000000000000000000000000000000000000000000000000000000000000000000000000000000000000000 hash=1980898333
EPLAN 1 19 modes=5244159 pc=0 pp=-1 pb=-1 selon=0 prof=0 Q=9 ns=21 k=0 shifts=2,6,6,6,7,7,8,8,8,9,2,6,6,6,7,7,8,8,8,9,2,6,6,6,7,7,8,8,8,9 nz=23,5,4,21,12,16,10,26,31,1,11,0,0,2,0,1,0,0,1,0,11,0,2,5,0,1,0,0,0,0 sel=00000000000000000000000000000000000000000000000000000000000000000000000000000000000000000000000000000000000000000000000000000000000000000000000000000000000000000000000000000000000000000000000000000000000000000000000000000000000000000000000000000000000000000000000000000000000000000000000000000000000000000000000000000000000000000000000000000000000000000000000000000000000000000000000000000000000000000000000000000000000000000000000000000000000000000000000000000000000000000000000000000000000000000000000000000000 hash=1566256857
EPLAN 1 20 modes=2109951 pc=0 pp=-1 pb=-1 selon=0 prof=0 Q=8 ns=1 k=0 shifts=2,5,5,5,7,7,8,8,8,9,2,5,5,6,7,7,8,8,8,9,2,5,5,6,7,7,8,8,8,9 nz=24,9,11,23,10,14,1,15,3,1,12,2,1,4,1,0,0,0,0,0,13,2,3,2,0,1,0,0,0,0 sel=00000000000000000000000000000000000000000000000000000000000000000000000000000000000000000000000000000000000000000000000000000000000000000000000000000000000000000000000000000000000000000000000000000000000000000000000000000000000000000000000000000000000000000000000000000000000000000000000000000000000000000000000000000000000000000000000000000000000000000000000000000000000000000000000000000000000000000000000000000000000000000000000000000000000000000000000000000000000000000000000000000000000000000000000000000000 hash=941445267
EPLAN 1 21 modes=1056255 pc=0 pp=-1 pb=-1 selon=0 prof=0 Q=9 ns=13 k=0 shifts=2,6,6,6,7,7,8,8,9,10,2,6,6,6,7,7,8,9,9,10,2,6,6,6,7,7,8,9,9,10 nz=25,6,7,26,20,30,23,44,6,0,13,0,1,5,0,1,0,0,0,0,11,0,1,4,0,0,0,0,0,0 sel=00000000000000000000000000000000000000000000000000000000000000000000000000000000000000000000000000000000000000000000000000000000000000000000000000000000000000000000000000000000000000000000000000000000000000000000000000000000000000000000000000000000000000000000000000000000000000000000000000000000000000000000000000000000000000000000000000000000000000000000000000000000000000000000000000000000000000000000000000000000000000000000000000000000000000000000000000000000000000000000000000000000000000000000000000000000 hash=401305355
EPLAN 1 22 modes=1052159 pc=0 pp=-1 pb=-1 selon=0 prof=0 Q=8 ns=2 k=0 shifts=2,5,5,5,6,7,8,8,8,9,2,5,5,6,7,7,8,8,8,9,2,5,5,6,7,7,8,8,8,9 nz=23,11,18,21,10,9,2,6,9,1,10,6,5,7,0,0,0,0,0,0,11,2,3,2,0,0,0,0,0,0 sel=00000000000000000000000000000000000000000000000000000000000000000000000000000000000000000000000000000000000000000000000000000000000000000000000000000000000000000000000000000000000000000000000000000000000000000000000000000000000000000000000000000000000000000000000000000000000000000000000000000000000000000000000000000000000000000000000000000000000000000000000000000000000000000000000000000000000000000000000000000000000000000000000000000000000000000000000000000000000000000000000000000000000000000000000000000000 hash=1674956572
EPLAN 1 23 modes=5250495 pc=0 pp=-1 pb=-1 selon=0 prof=0 Q=8 ns=13 k=0 shifts=2,5,5,5,6,6,7,7,8,9,2,5,5,5,6,6,7,8,8,9,2,5,5,5,6,6,7,8,8,9 nz=25,6,1,24,4,16,3,6,3,0,11,5,1,7,3,8,0,0,0,0,11,2,1,4,0,4,0,0,0,0 sel=00000000000000000000000000000000000000000000000000000000000000000000000000000000000000000000000000000000000000000000000000000000000000000000000000000000000000000000000000000000000000000000000000000000000000000000000000000000000000000000000000000000000000000000000000000000000000000000000000000000000000000000000000000000000000000000000000000000000000000000000000000000000000000000000000000000000000000000000000000000000000000000000000000000000000000000000000000000000000000000000000000000000000000000000000000000 hash=1195068215
EPLAN 1 24 modes=15744063 pc=0 pp=-1 pb=-1 selon=0 prof=0 Q=8 ns=2 k=0 shifts=2,5,5,5,6,7,8,8,8,9,2,5,5,6,7,7,8,8,8,9,2,5,5,6,7,7,8,8,8,9 nz=25,7,12,24,12,9,6,4,12,0,13,2,4,6,0,1,0,0,0,0,6,2,0,1,0,0,0,0,0,0 sel=00000000000000000000000000000000000000000000000000000000000000000000000000000000000000000000000000000000000000000000000000000000000000000000000000000000000000000000000000000000000000000000000000000000000000000000000000000000000000000000000000000000000000000000000000000000000000000000000000000000000000000000000000000000000000000000000000000000000000000000000000000000000000000000000000000000000000000000000000000000000000000000000000000000000000000000000000000000000000000000000000000000000000000000000000000000 hash=842602270
EPLAN 1 25 modes=0 pc=0 pp=-1 pb=-1 selon=0 prof=0 Q=9 ns=12 k=0 shifts=2,6,6,6,7,7,8,9,9,10,2,6,6,6,7,7,8,9,9,10,2,6,6,6,7,7,8,9,9,10 nz=28,10,16,16,46,15,11,5,1,0,14,2,3,5,1,0,0,0,0,0,14,0,1,2,0,0,0,0,0,0 sel=00000000000000000000000000000000000000000000000000000000000000000000000000000000000000000000000000000000000000000000000000000000000000000000000000000000000000000000000000000000000000000000000000000000000000000000000000000000000000000000000000000000000000000000000000000000000000000000000000000000000000000000000000000000000000000000000000000000000000000000000000000000000000000000000000000000000000000000000000000000000000000000000000000000000000000000000000000000000000000000000000000000000000000000000000000000 hash=977897832
EPLAN 1 26 modes=32507391 pc=0 pp=-1 pb=-1 selon=0 prof=0 Q=9 ns=13 k=0 shifts=2,6,6,6,7,7,8,8,9,10,2,6,6,6,7,7,8,9,9,10,2,6,6,6,7,7,8,9,9,10 nz=26,10,16,20,28,29,21,49,18,0,11,3,5,5,5,0,0,0,0,0,14,2,4,5,5,1,0,0,0,0 sel=00000000000000000000000000000000000000000000000000000000000000000000000000000000000000000000000000000000000000000000000000000000000000000000000000000000000000000000000000000000000000000000000000000000000000000000000000000000000000000000000000000000000000000000000000000000000000000000000000000000000000000000000000000000000000000000000000000000000000000000000000000000000000000000000000000000000000000000000000000000000000000000000000000000000000000000000000000000000000000000000000000000000000000000000000000000 hash=1339670457
EPLAN 1 27 modes=13633023 pc=0 pp=-1 pb=-1 selon=0 prof=0 Q=8 ns=2 k=0 shifts=2,5,5,5,6,7,8,8,8,9,2,5,5,6,7,7,8,8,8,9,2,5,5,6,7,7,8,8,8,9 nz=25,9,12,16,15,11,8,13,12,0,13,2,7,3,0,0,0,0,0,0,11,3,1,2,0,0,0,0,0,0 sel=00000000000000000000000000000000000000000000000000000000000000000000000000000000000000000000000000000000000000000000000000000000000000000000000000000000000000000000000000000000000000000000000000000000000000000000000000000000000000000000000000000000000000000000000000000000000000000000000000000000000000000000000000000000000000000000000000000000000000000000000000000000000000000000000000000000000000000000000000000000000000000000000000000000000000000000000000000000000000000000000000000000000000000000000000000000 hash=3699963466
EPLAN 1 28 modes=1052095 pc=0 pp=-1 pb=-1 selon=0 prof=0 Q=9 ns=13 k=0 shifts=2,6,6,6,7,7,8,8,9,10,2,6,6,6,7,7,8,9,9,10,2,6,6,6,7,7,8,9,9,10 nz=23,6,8,19,33,30,23,51,14,0,7,2,4,3,1,0,0,0,0,0,11,0,2,2,0,0,0,0,0,0 sel=00000000000000000000000000000000000000000000000000000000000000000000000000000000000000000000000000000000000000000000000000000000000000000000000000000000000000000000000000000000000000000000000000000000000000000000000000000000000000000000000000000000000000000000000000000000000000000000000000000000000000000000000000000000000000000000000000000000000000000000000000000000000000000000000000000000000000000000000000000000000000000000000000000000000000000000000000000000000000000000000000000000000000000000000000000000 hash=2313758167
EPLAN 1 29 modes=1056063 pc=0 pp=-1 pb=-1 selon=0 prof=0 Q=9 ns=13 k=0 shifts=2,6,6,6,7,7,8,8,9,10,2,6,6,6,7,7,8,9,9,10,2,6,6,6,7,7,8,9,9,10 nz=22,2,6,15,14,19,10,16,14,0,9,0,1,4,0,1,0,0,0,0,13,0,2,0,0,1,0,0,0,0 sel=00000000000000000000000000000000000000000000000000000000000000000000000000000000000000000000000000000000000000000000000000000000000000000000000000000000000000000000000000000000000000000000000000000000000000000000000000000000000000000000000000000000000000000000000000000000000000000000000000000000000000000000000000000000000000000000000000000000000000000000000000000000000000000000000000000000000000000000000000000000000000000000000000000000000000000000000000000000000000000000000000000000000000000000000000000000 hash=3509266496
EPLAN 1 30 modes=1058303 pc=0 pp=-1 pb=-1 selon=0 prof=0 Q=8 ns=2 k=0 shifts=2,5,5,5,6,7,8,8,8,9,2,5,5,6,7,7,8,8,8,9,2,5,5,6,7,7,8,8,8,9 nz=18,4,11,19,13,12,6,9,16,1,12,5,6,5,0,0,0,0,0,0,11,2,3,3,1,0,0,0,0,0 sel=00000000000000000000000000000000000000000000000000000000000000000000000000000000000000000000000000000000000000000000000000000000000000000000000000000000000000000000000000000000000000000000000000000000000000000000000000000000000000000000000000000000000000000000000000000000000000000000000000000000000000000000000000000000000000000000000000000000000000000000000000000000000000000000000000000000000000000000000000000000000000000000000000000000000000000000000000000000000000000000000000000000000000000000000000000000 hash=3922128822
EPLAN 1 31 modes=14683199 pc=0 pp=-1 pb=-1 selon=0 prof=0 Q=8 ns=8 k=0 shifts=2,5,5,5,6,6,8,8,8,9,2,5,5,5,6,6,8,8,8,9,2,5,5,5,6,7,8,8,8,9 nz=24,7,8,19,12,18,1,2,5,0,12,4,4,9,1,9,0,0,0,0,14,1,1,8,2,0,0,0,0,0 sel=00000000000000000000000000000000000000000000000000000000000000000000000000000000000000000000000000000000000000000000000000000000000000000000000000000000000000000000000000000000000000000000000000000000000000000000000000000000000000000000000000000000000000000000000000000000000000000000000000000000000000000000000000000000000000000000000000000000000000000000000000000000000000000000000000000000000000000000000000000000000000000000000000000000000000000000000000000000000000000000000000000000000000000000000000000000 hash=484806300
EPLAN 2 0 modes=15776959 pc=0 pp=-1 pb=-1 selon=0 prof=0 Q=8 ns=1 k=0 shifts=2,5,5,5,7,7,8,8,8,9,2,5,5,6,7,7,8,8,8,9,2,5,5,6,7,7,8,8,8,9 nz=23,7,13,21,19,9,7,21,3,1,8,1,4,4,2,0,0,0,0,0,12,3,0,5,1,0,0,0,0,0 sel=00000000000000000000000000000000000000000000000000000000000000000000000000000000000000000000000000000000000000000000000000000000000000000000000000000000000000000000000000000000000000000000000000000000000000000000000000000000000000000000000000000000000000000000000000000000000000000000000000000000000000000000000000000000000000000000000000000000000000000000000000000000000000000000000000000000000000000000000000000000000000000000000000000000000000000000000000000000000000000000000000000000000000000000000000000000 hash=1581680197
EPLAN 2 1 modes=9438591 pc=0 pp=-1 pb=-1 selon=0 prof=0 Q=9 ns=9 k=0 shifts=2,6,6,6,7,7,9,9,9,10,2,6,6,6,7,7,9,9,9,10,2,6,6,6,7,7,9,9,9,10 nz=26,9,11,24,35,35,14,21,18,0,12,1,2,4,0,0,0,0,0,0,8,0,1,2,4,0,0,0,0,0 sel=00000000000000000000000000000000000000000000000000000000000000000000000000000000000000000000000000000000000000000000000000000000000000000000000000000000000000000000000000000000000000000000000000000000000000000000000000000000000000000000000000000000000000000000000000000000000000000000000000000000000000000000000000000000000000000000000000000000000000000000000000000000000000000000000000000000000000000000000000000000000000000000000000000000000000000000000000000000000000000000000000000000000000000000000000000000 hash=1712030805
EPLAN 2 2 modes=0 pc=0 pp=-1 pb=-1 selon=0 prof=0 Q=9 ns=9 k=0 shifts=2,6,6,6,7,7,9,9,9,10,2,6,6,6,7,7,9,9,9,10,2,6,6,6,7,7,9,9,9,10 nz=28,8,14,29,40,33,13,12,12,0,13,1,1,7,4,1,0,0,0,0,14,1,1,4,5,0,0,0,0,0 sel=00000000000000000000000000000000000000000000000000000000000000000000000000000000000000000000000000000000000000000000000000000000000000000000000000000000000000000000000000000000000000000000000000000000000000000000000000000000000000000000000000000000000000000000000000000000000000000000000000000000000000000000000000000000000000000000000000000000000000000000000000000000000000000000000000000000000000000000000000000000000000000000000000000000000000000000000000000000000000000000000000000000000000000000000000000000 hash=615487442
EPLAN 2 3 modes=32513407 pc=0 pp=-1 pb=-1 selon=0 prof=0 Q=9 ns=4 k=0 shifts=2,6,6,6,7,7,9,9,9,10,2,6,6,6,8,8,9,9,9,10,2,6,6,7,8,8,9,9,9,10 nz=22,13,19,23,44,31,2,15,22,0,12,2,3,9,0,0,0,0,0,0,10,0,2,1,0,0,0,0,0,0 sel=00000000000000000000000000000000000000000000000000000000000000000000000000000000000000000000000000000000000000000000000000000000000000000000000000000000000000000000000000000000000000000000000000000000000000000000000000000000000000000000000000000000000000000000000000000000000000000000000000000000000000000000000000000000000000000000000000000000000000000000000000000000000000000000000000000000000000000000000000000000000000000000000000000000000000000000000000000000000000000000000000000000000000000000000000000000 hash=2298451045
EPLAN 2 4 modes=15736255 pc=0 pp=-1 pb=-1 selon=0 prof=0 Q=9 ns=4 k=0 shifts=2,6,6,6,7,7,9,9,9,10,2,6,6,6,8,8,9,9,9,10,2,6,6,7,8,8,9,9,9,10 nz=24,9,13,27,30,41,12,14,25,0,10,0,2,9,0,0,0,0,0,0,12,3,3,3,1,0,0,0,0,0 sel=00000000000000000000000000000000000000000000000000000000000000000000000000000000000000000000000000000000000000000000000000000000000000000000000000000000000000000000000000000000000000000000000000000000000000000000000000000000000000000000000000000000000000000000000000000000000000000000000000000000000000000000000000000000000000000000000000000000000000000000000000000000000000000000000000000000000000000000000000000000000000000000000000000000000000000000000000000000000000000000000000000000000000000000000000000000 hash=456708256
EPLAN 2 5 modes=183548031 pc=0 pp=-1 pb=-1 selon=0 prof=0 Q=8 ns=6 k=0 shifts=2,5,5,5,6,6,8,8,8,9,2,5,5,5,6,7,8,8,8,9,2,5,5,5,7,7,8,8,8,9 nz=22,4,13,19,17,22,2,14,2,0,14,2,3,7,4,1,0,0,0,0,13,4,2,13,0,1,0,0,0,0 sel=00000000000000000000000000000000000000000000000000000000000000000000000000000000000000000000000000000000000000000000000000000000000000000000000000000000000000000000000000000000000000000000000000000000000000000000000000000000000000000000000000000000000000000000000000000000000000000000000000000000000000000000000000000000000000000000000000000000000000000000000000000000000000000000000000000000000000000000000000000000000000000000000000000000000000000000000000000000000000000000000000000000000000000000000000000000 hash=1663249516
EPLAN 2 6 modes=15777279 pc=0 pp=-1 pb=-1 selon=0 prof=0 Q=8 ns=0 k=0 shifts=2,5,5,6,7,7,8,8,8,9,2,5,5,6,7,7,8,8,8,9,2,5,5,6,7,7,8,8,8,9 nz=22,8,10,14,12,13,9,18,21,0,11,2,2,7,0,2,0,0,0,0,13,4,3,5,2,1,0,0,0,0 sel=00000000000000000000000000000000000000000000000000000000000000000000000000000000000000000000000000000000000000000000000000000000000000000000000000000000000000000000000000000000000000000000000000000000000000000000000000000000000000000000000000000000000000000000000000000000000000000000000000000000000000000000000000000000000000000000000000000000000000000000000000000000000000000000000000000000000000000000000000000000000000000000000000000000000000000000000000000000000000000000000000000000000000000000000000000000 hash=931230191
EPLAN 2 7 modes=32554367 pc=0 pp=-1 pb=-1 selon=0 prof=0 Q=8 ns=0 k=0 shifts=2,5,5,6,7,7,8,8,8,9,2,5,5,6,7,7,8,8,8,9,2,5,5,6,7,7,8,8,8,9 nz=22,12,26,9,12,12,2,16,5,0,13,6,12,10,0,2,0,0,0,0,13,2,5,4,1,1,0,0,0,0 sel=00000000000000000000000000000000000000000000000000000000000000000000000000000000000000000000000000000000000000000000000000000000000000000000000000000000000000000000000000000000000000000000000000000000000000000000000000000000000000000000000000000000000000000000000000000000000000000000000000000000000000000000000000000000000000000000000000000000000000000000000000000000000000000000000000000000000000000000000000000000000000000000000000000000000000000000000000000000000000000000000000000000000000000000000000000000 hash=1237990133
EPLAN 2 8 modes=66125311 pc=0 pp=-1 pb=-1 selon=0 prof=0 Q=9 ns=13 k=0 shifts=2,6,6,6,7,7,8,8,9,10,2,6,6,6,7,7,8,9,9,10,2,6,6,6,7,7,8,9,9,10 nz=25,7,11,17,17,16,11,37,2,0,9,3,5,8,1,3,0,0,0,0,12,0,1,1,2,2,0,0,0,0 sel=00000000000000000000000000000000000000000000000000000000000000000000000000000000000000000000000000000000000000000000000000000000000000000000000000000000000000000000000000000000000000000000000000000000000000000000000000000000000000000000000000000000000000000000000000000000000000000000000000000000000000000000000000000000000000000000000000000000000000000000000000000000000000000000000000000000000000000000000000000000000000000000000000000000000000000000000000000000000000000000000000000000000000000000000000000000 hash=826232710
EPLAN 2 9 modes=3161407 pc=0 pp=-1 pb=-1 selon=0 prof=0 Q=9 ns=13 k=0 shifts=2,6,6,6,7,7,8,8,9,10,2,6,6,6,7,7,8,9,9,10,2,6,6,6,7,7,8,9,9,10 nz=21,5,12,12,13,23,10,23,0,0,11,2,5,6,1,2,0,0,0,0,11,0,4,6,2,2,0,0,0,0 sel=00000000000000000000000000000000000000000000000000000000000000000000000000000000000000000000000000000000000000000000000000000000000000000000000000000000000000000000000000000000000000000000000000000000000000000000000000000000000000000000000000000000000000000000000000000000000000000000000000000000000000000000000000000000000000000000000000000000000000000000000000000000000000000000000000000000000000000000000000000000000000000000000000000000000000000000000000000000000000000000000000000000000000000000000000000000 hash=3828211816
EPLAN 2 10 modes=0 pc=0 pp=-1 pb=-1 selon=0 prof=0 Q=8 ns=1 k=0 shifts=2,5,5,5,7,7,8,8,8,9,2,5,5,6,7,7,8,8,8,9,2,5,5,6,7,7,8,8,8,9 nz=28,23,34,50,32,48,16,21,27,0,14,7,10,12,0,2,0,0,0,0,14,5,7,10,1,0,0,0,0,0 sel=00000000000000000000000000000000000000000000000000000000000000000000000000000000000000000000000000000000000000000000000000000000000000000000000000000000000000000000000000000000000000000000000000000000000000000000000000000000000000000000000000000000000000000000000000000000000000000000000000000000000000000000000000000000000000000000000000000000000000000000000000000000000000000000000000000000000000000000000000000000000000000000000000000000000000000000000000000000000000000000000000000000000000000000000000000000 hash=683207963
EPLAN 2 11 modes=15760639 pc=0 pp=-1 pb=-1 selon=0 prof=0 Q=8 ns=2 k=0 shifts=2,5,5,5,6,7,8,8,8,9,2,5,5,6,7,7,8,8,8,9,2,5,5,6,7,7,8,8,8,9 nz=22,11,15,30,28,9,1,22,8,0,10,3,6,4,0,1,0,0,0,0,12,5,4,5,0,1,0,0,0,0 sel=00000000000000000000000000000000000000000000000000000000000000000000000000000000000000000000000000000000000000000000000000000000000000000000000000000000000000000000000000000000000000000000000000000000000000000000000000000000000000000000000000000000000000000000000000000000000000000000000000000000000000000000000000000000000000000000000000000000000000000000000000000000000000000000000000000000000000000000000000000000000000000000000000000000000000000000000000000000000000000000000000000000000000000000000000000000 hash=3474253831
EPLAN 2 12 modes=15744511 pc=0 pp=-1 pb=-1 selon=0 prof=0 Q=8 ns=2 k=0 shifts=2,5,5,5,6,7,8,8,8,9,2,5,5,6,7,7,8,8,8,9,2,5,5,6,7,7,8,8,8,9 nz=24,12,19,34,56,22,21,48,47,3,13,6,6,5,2,2,0,0,0,0,14,7,4,3,0,2,0,0,0,0 sel=00000000000000000000000000000000000000000000000000000000000000000000000000000000000000000000000000000000000000000000000000000000000000000000000000000000000000000000000000000000000000000000000000000000000000000000000000000000000000000000000000000000000000000000000000000000000000000000000000000000000000000000000000000000000000000000000000000000000000000000000000000000000000000000000000000000000000000000000000000000000000000000000000000000000000000000000000000000000000000000000000000000000000000000000000000000 hash=2591068949
EPLAN 2 13 modes=24149247 pc=0 pp=-1 pb=-1 selon=0 prof=0 Q=9 ns=13 k=0 shifts=2,6,6,6,7,7,8,8,9,10,2,6,6,6,7,7,8,9,9,10,2,6,6,6,7,7,8,9,9,10 nz=24,8,11,26,28,34,25,57,20,0,12,2,2,5,0,0,1,0,0,0,12,1,3,6,4,3,1,0,0,0 sel=00000000000000000000000000000000000000000000000000000000000000000000000000000000000000000000000000000000000000000000000000000000000000000000000000000000000000000000000000000000000000000000000000000000000000000000000000000000000000000000000000000000000000000000000000000000000000000000000000000000000000000000000000000000000000000000000000000000000000000000000000000000000000000000000000000000000000000000000000000000000000000000000000000000000000000000000000000000000000000000000000000000000000000000000000000000 hash=2372749382
EPLAN 2 14 modes=1053823 pc=0 pp=-1 pb=-1 selon=0 prof=0 Q=9 ns=13 k=0 shifts=2,6,6,6,7,7,8,8,9,10,2,6,6,6,7,7,8,9,9,10,2,6,6,6,7,7,8,9,9,10 nz=23,7,8,23,23,28,18,54,13,0,12,0,0,8,0,1,0,0,0,0,13,0,1,7,1,2,1,0,0,0 sel=00000000000000000000000000000000000000000000000000000000000000000000000000000000000000000000000000000000000000000000000000000000000000000000000000000000000000000000000000000000000000000000000000000000000000000000000000000000000000000000000000000000000000000000000000000000000000000000000000000000000000000000000000000000000000000000000000000000000000000000000000000000000000000000000000000000000000000000000000000000000000000000000000000000000000000000000000000000000000000000000000000000000000000000000000000000 hash=1503128984
EPLAN 2 15 modes=43025919 pc=0 pp=-1 pb=-1 selon=0 prof=0 Q=9 ns=13 k=0 shifts=2,6,6,6,7,7,8,8,9,10,2,6,6,6,7,7,8,9,9,10,2,6,6,6,7,7,8,9,9,10 nz=24,6,17,21,26,36,22,41,16,0,13,1,1,5,0,0,0,0,0,0,12,2,2,7,3,2,0,0,0,0 sel=00000000000000000000000000000000000000000000000000000000000000000000000000000000000000000000000000000000000000000000000000000000000000000000000000000000000000000000000000000000000000000000000000000000000000000000000000000000000000000000000000000000000000000000000000000000000000000000000000000000000000000000000000000000000000000000000000000000000000000000000000000000000000000000000000000000000000000000000000000000000000000000000000000000000000000000000000000000000000000000000000000000000000000000000000000000 hash=1262543097
EPLAN 2 16 modes=1049855 pc=0 pp=-1 pb=-1 selon=0 prof=0 Q=9 ns=22 k=0 shifts=2,6,6,5,7,7,8,8,8,9,2,6,6,6,7,7,8,8,8,9,2,6,6,6,7,7,8,8,8,9 nz=22,3,9,30,23,23,16,22,61,3,11,0,1,6,1,1,0,0,0,0,13,0,0,3,0,0,0,0,1,0 sel=00000000000000000000000000000000000000000000000000000000000000000000000000000000000000000000000000000000000000000000000000000000000000000000000000000000000000000000000000000000000000000000000000000000000000000000000000000000000000000000000000000000000000000000000000000000000000000000000000000000000000000000000000000000000000000000000000000000000000000000000000000000000000000000000000000000000000000000000000000000000000000000000000000000000000000000000000000000000000000000000000000000000000000000000000000000 hash=2380726402
EPLAN 2 17 modes=1052095 pc=0 pp=-1 pb=-1 selon=0 prof=0 Q=8 ns=2 k=0 shifts=2,5,5,5,6,7,8,8,8,9,2,5,5,6,7,7,8,8,8,9,2,5,5,6,7,7,8,8,8,9 nz=20,10,11,28,21,10,4,12,20,0,11,4,0,2,0,1,0,0,0,0,9,2,0,2,1,1,1,0,0,0 sel=00000000000000000000000000000000000000000000000000000000000000000000000000000000000000000000000000000000000000000000000000000000000000000000000000000000000000000000000000000000000000000000000000000000000000000000000000000000000000000000000000000000000000000000000000000000000000000000000000000000000000000000000000000000000000000000000000000000000000000000000000000000000000000000000000000000000000000000000000000000000000000000000000000000000000000000000000000000000000000000000000000000000000000000000000000000 hash=1717593063
EPLAN 2 18 modes=0 pc=0 pp=-1 pb=-1 selon=0 prof=0 Q=7 ns=1 k=0 shifts=2,4,4,4,6,6,7,7,7,8,2,4,4,5,6,6,7,7,7,8,2,4,4,5,6,6,7,7,7,8 nz=28,14,18,32,25,18,5,20,14,4,13,8,4,9,7,5,1,0,3,0,14,3,6,4,3,8,2,0,1,0 sel=00000000000000000000000000000000000000000000000000000000000000000000000000000000000000000000000000000000000000000000000000000000000000000000000000000000000000000000000000000000000000000000000000000000000000000000000000000000000000000000000000000000000000000000000000000000000000000000000000000000000000000000000000000000000000000000000000000000000000000000000000000000000000000000000000000000000000000000000000000000000000000000000000000000000000000000000000000000000000000000000000000000000000000000000000000000 hash=500235692
EPLAN 2 19 modes=13895167 pc=0 pp=-1 pb=-1 selon=0 prof=0 Q=8 ns=2 k=0 shifts=2,5,5,5,6,7,8,8,8,9,2,5,5,6,7,7,8,8,8,9,2,5,5,6,7,7,8,8,8,9 nz=20,8,15,26,18,14,10,11,22,0,10,4,0,2,0,1,0,0,1,0,11,1,3,2,1,1,0,0,1,0 sel=00000000000000000000000000000000000000000000000000000000000000000000000000000000000000000000000000000000000000000000000000000000000000000000000000000000000000000000000000000000000000000000000000000000000000000000000000000000000000000000000000000000000000000000000000000000000000000000000000000000000000000000000000000000000000000000000000000000000000000000000000000000000000000000000000000000000000000000000000000000000000000000000000000000000000000000000000000000000000000000000000000000000000000000000000000000 hash=1641419972
EPLAN 2 20 modes=7341311 pc=0 pp=-1 pb=-1 selon=0 prof=0 Q=8 ns=6 k=0 shifts=2,5,5,5,6,6,8,8,8,9,2,5,5,5,6,7,8,8,8,9,2,5,5,5,7,7,8,8,8,9 nz=19,7,10,24,17,25,0,7,7,0,9,1,6,6,3,0,0,0,0,0,12,2,1,3,0,0,0,0,0,0 sel=00000000000000000000000000000000000000000000000000000000000000000000000000000000000000000000000000000000000000000000000000000000000000000000000000000000000000000000000000000000000000000000000000000000000000000000000000000000000000000000000000000000000000000000000000000000000000000000000000000000000000000000000000000000000000000000000000000000000000000000000000000000000000000000000000000000000000000000000000000000000000000000000000000000000000000000000000000000000000000000000000000000000000000000000000000000 hash=1750924612
EPLAN 2 21 modes=1053951 pc=0 pp=-1 pb=-1 selon=0 prof=0 Q=9 ns=21 k=0 shifts=2,6,6,6,7,7,8,8,8,9,2,6,6,6,7,7,8,8,8,9,2,6,6,6,7,7,8,8,8,9 nz=22,5,10,17,17,20,11,23,45,3,11,1,4,6,2,0,0,0,0,0,12,0,0,3,1,0,0,0,0,0 sel=00000000000000000000000000000000000000000000000000000000000000000000000000000000000000000000000000000000000000000000000000000000000000000000000000000000000000000000000000000000000000000000000000000000000000000000000000000000000000000000000000000000000000000000000000000000000000000000000000000000000000000000000000000000000000000000000000000000000000000000000000000000000000000000000000000000000000000000000000000000000000000000000000000000000000000000000000000000000000000000000000000000000000000000000000000000 hash=748422485
EPLAN 2 22 modes=9443135 pc=0 pp=-1 pb=-1 selon=0 prof=0 Q=8 ns=1 k=0 shifts=2,5,5,5,7,7,8,8,8,9,2,5,5,6,7,7,8,8,8,9,2,5,5,6,7,7,8,8,8,9 nz=26,9,10,24,5,18,3,8,15,0,13,8,2,7,0,0,0,0,0,0,12,1,3,5,0,0,0,0,0,0 sel=00000000000000000000000000000000000000000000000000000000000000000000000000000000000000000000000000000000000000000000000000000000000000000000000000000000000000000000000000000000000000000000000000000000000000000000000000000000000000000000000000000000000000000000000000000000000000000000000000000000000000000000000000000000000000000000000000000000000000000000000000000000000000000000000000000000000000000000000000000000000000000000000000000000000000000000000000000000000000000000000000000000000000000000000000000000 hash=1965335527
EPLAN 2 23 modes=4226239 pc=0 pp=-1 pb=-1 selon=0 prof=0 Q=8 ns=8 k=0 shifts=2,5,5,5,6,6,8,8,8,9,2,5,5,5,6,6,8,8,8,9,2,5,5,5,6,7,8,8,8,9 nz=23,7,9,15,6,16,2,1,5,0,14,9,4,11,3,8,0,0,0,0,14,2,2,2,1,0,0,0,0,0 sel=00000000000000000000000000000000000000000000000000000000000000000000000000000000000000000000000000000000000000000000000000000000000000000000000000000000000000000000000000000000000000000000000000000000000000000000000000000000000000000000000000000000000000000000000000000000000000000000000000000000000000000000000000000000000000000000000000000000000000000000000000000000000000000000000000000000000000000000000000000000000000000000000000000000000000000000000000000000000000000000000000000000000000000000000000000000 hash=2463558634
EPLAN 2 24 modes=11541631 pc=0 pp=-1 pb=-1 selon=0 prof=0 Q=8 ns=3 k=0 shifts=2,5,5,5,6,6,8,8,8,9,2,5,5,6,7,7,8,8,8,9,2,5,5,6,7,7,8,8,8,9 nz=20,7,8,25,9,17,2,4,14,0,12,7,5,7,0,2,0,0,0,0,9,2,1,3,0,0,0,0,0,0 sel=00000000000000000000000000000000000000000000000000000000000000000000000000000000000000000000000000000000000000000000000000000000000000000000000000000000000000000000000000000000000000000000000000000000000000000000000000000000000000000000000000000000000000000000000000000000000000000000000000000000000000000000000000000000000000000000000000000000000000000000000000000000000000000000000000000000000000000000000000000000000000000000000000000000000000000000000000000000000000000000000000000000000000000000000000000000 hash=626542683
EPLAN 2 25 modes=1072383 pc=0 pp=-1 pb=-1 selon=0 prof=0 Q=9 ns=21 k=0 shifts=2,6,6,6,7,7,8,8,8,9,2,6,6,6,7,7,8,8,8,9,2,6,6,6,7,7,8,8,8,9 nz=22,3,7,11,16,15,10,26,15,0,12,1,4,3,1,1,0,0,0,0,14,0,0,4,0,0,0,0,0,0 sel=00000000000000000000000000000000000000000000000000000000000000000000000000000000000000000000000000000000000000000000000000000000000000000000000000000000000000000000000000000000000000000000000000000000000000000000000000000000000000000000000000000000000000000000000000000000000000000000000000000000000000000000000000000000000000000000000000000000000000000000000000000000000000000000000000000000000000000000000000000000000000000000000000000000000000000000000000000000000000000000000000000000000000000000000000000000 hash=1497408814
EPLAN 2 26 modes=0 pc=0 pp=-1 pb=-1 selon=0 prof=0 Q=8 ns=2 k=0 shifts=2,5,5,5,6,7,8,8,8,9,2,5,5,6,7,7,8,8,8,9,2,5,5,6,7,7,8,8,8,9 nz=28,15,22,33,56,41,26,45,61,5,14,6,9,9,4,0,0,0,0,0,13,6,5,5,5,4,0,1,0,0 sel=00000000000000000000000000000000000000000000000000000000000000000000000000000000000000000000000000000000000000000000000000000000000000000000000000000000000000000000000000000000000000000000000000000000000000000000000000000000000000000000000000000000000000000000000000000000000000000000000000000000000000000000000000000000000000000000000000000000000000000000000000000000000000000000000000000000000000000000000000000000000000000000000000000000000000000000000000000000000000000000000000000000000000000000000000000000 hash=2521546740
EPLAN 2 27 modes=5248255 pc=0 pp=-1 pb=-1 selon=0 prof=0 Q=8 ns=2 k=0 shifts=2,5,5,5,6,7,8,8,8,9,2,5,5,6,7,7,8,8,8,9,2,5,5,6,7,7,8,8,8,9 nz=23,8,13,20,17,14,4,14,11,0,13,2,4,3,0,1,0,0,0,0,11,1,3,3,0,0,0,0,0,0 sel=00000000000000000000000000000000000000000000000000000000000000000000000000000000000000000000000000000000000000000000000000000000000000000000000000000000000000000000000000000000000000000000000000000000000000000000000000000000000000000000000000000000000000000000000000000000000000000000000000000000000000000000000000000000000000000000000000000000000000000000000000000000000000000000000000000000000000000000000000000000000000000000000000000000000000000000000000000000000000000000000000000000000000000000000000000000 hash=4197068057
EPLAN 2 28 modes=5258495 pc=0 pp=-1 pb=-1 selon=0 prof=0 Q=9 ns=21 k=0 shifts=2,6,6,6,7,7,8,8,8,9,2,6,6,6,7,7,8,8,8,9,2,6,6,6,7,7,8,8,8,9 nz=25,5,8,18,18,26,24,34,62,0,10,1,1,5,0,1,0,0,0,0,13,0,1,2,0,0,0,0,0,0 sel=00000000000000000000000000000000000000000000000000000000000000000000000000000000000000000000000000000000000000000000000000000000000000000000000000000000000000000000000000000000000000000000000000000000000000000000000000000000000000000000000000000000000000000000000000000000000000000000000000000000000000000000000000000000000000000000000000000000000000000000000000000000000000000000000000000000000000000000000000000000000000000000000000000000000000000000000000000000000000000000000000000000000000000000000000000000 hash=1921091942
EPLAN 2 29 modes=5248127 pc=0 pp=-1 pb=-1 selon=0 prof=0 Q=9 ns=13 k=0 shifts=2,6,6,6,7,7,8,8,9,10,2,6,6,6,7,7,8,9,9,10,2,6,6,6,7,7,8,9,9,10 nz=23,5,9,15,9,18,9,11,8,0,12,1,2,3,0,0,0,0,0,0,11,1,1,2,0,1,0,0,0,0 sel=00000000000000000000000000000000000000000000000000000000000000000000000000000000000000000000000000000000000000000000000000000000000000000000000000000000000000000000000000000000000000000000000000000000000000000000000000000000000000000000000000000000000000000000000000000000000000000000000000000000000000000000000000000000000000000000000000000000000000000000000000000000000000000000000000000000000000000000000000000000000000000000000000000000000000000000000000000000000000000000000000000000000000000000000000000000 hash=561405164
EPLAN 2 30 modes=9443327 pc=0 pp=-1 pb=-1 selon=0 prof=0 Q=8 ns=2 k=0 shifts=2,5,5,5,6,7,8,8,8,9,2,5,5,6,7,7,8,8,8,9,2,5,5,6,7,7,8,8,8,9 nz=16,9,9,19,20,8,10,13,22,2,14,3,4,7,0,0,0,0,0,0,12,2,1,2,0,0,0,0,0,0 sel=00000000000000000000000000000000000000000000000000000000000000000000000000000000000000000000000000000000000000000000000000000000000000000000000000000000000000000000000000000000000000000000000000000000000000000000000000000000000000000000000000000000000000000000000000000000000000000000000000000000000000000000000000000000000000000000000000000000000000000000000000000000000000000000000000000000000000000000000000000000000000000000000000000000000000000000000000000000000000000000000000000000000000000000000000000000 hash=950192061
EPLAN 2 31 modes=7345663 pc=0 pp=-1 pb=-1 selon=0 prof=0 Q=8 ns=12 k=0 shifts=2,5,5,5,6,6,7,8,8,9,2,5,5,5,6,6,7,8,8,9,2,5,5,5,6,6,7,8,8,9 nz=18,3,7,19,18,15,5,3,3,0,7,2,4,5,1,10,1,0,0,0,13,3,1,9,2,8,0,0,0,0 sel=00000000000000000000000000000000000000000000000000000000000000000000000000000000000000000000000000000000000000000000000000000000000000000000000000000000000000000000000000000000000000000000000000000000000000000000000000000000000000000000000000000000000000000000000000000000000000000000000000000000000000000000000000000000000000000000000000000000000000000000000000000000000000000000000000000000000000000000000000000000000000000000000000000000000000000000000000000000000000000000000000000000000000000000000000000000 hash=3721599302
EPLAN 3 0 modes=1113791 pc=0 pp=-1 pb=-1 selon=0 prof=0 Q=8 ns=2 k=0 shifts=2,5,5,5,6,7,8,8,8,9,2,5,5,6,7,7,8,8,8,9,2,5,5,6,7,7,8,8,8,9 nz=23,9,12,20,35,5,6,32,5,1,13,3,6,2,1,0,0,0,0,0,12,1,2,2,0,0,0,0,0,0 sel=00000000000000000000000000000000000000000000000000000000000000000000000000000000000000000000000000000000000000000000000000000000000000000000000000000000000000000000000000000000000000000000000000000000000000000000000000000000000000000000000000000000000000000000000000000000000000000000000000000000000000000000000000000000000000000000000000000000000000000000000000000000000000000000000000000000000000000000000000000000000000000000000000000000000000000000000000000000000000000000000000000000000000000000000000000000 hash=4115261933
EPLAN 3 1 modes=5631 pc=0 pp=-1 pb=-1 selon=0 prof=0 Q=9 ns=13 k=0 shifts=2,6,6,6,7,7,8,8,9,10,2,6,6,6,7,7,8,9,9,10,2,6,6,6,7,7,8,9,9,10 nz=26,6,9,20,37,25,42,59,13,0,11,2,0,2,0,0,0,0,0,0,13,1,0,6,0,2,0,0,0,0 sel=00000000000000000000000000000000000000000000000000000000000000000000000000000000000000000000000000000000000000000000000000000000000000000000000000000000000000000000000000000000000000000000000000000000000000000000000000000000000000000000000000000000000000000000000000000000000000000000000000000000000000000000000000000000000000000000000000000000000000000000000000000000000000000000000000000000000000000000000000000000000000000000000000000000000000000000000000000000000000000000000000000000000000000000000000000000 hash=1559962795
EPLAN 3 2 modes=3206527 pc=0 pp=-1 pb=-1 selon=0 prof=0 Q=9 ns=13 k=0 shifts=2,6,6,6,7,7,8,8,9,10,2,6,6,6,7,7,8,9,9,10,2,6,6,6,7,7,8,9,9,10 nz=23,3,8,18,27,15,16,36,2,0,12,0,2,2,1,0,0,0,0,0,12,0,4,3,5,1,0,0,0,0 sel=00000000000000000000000000000000000000000000000000000000000000000000000000000000000000000000000000000000000000000000000000000000000000000000000000000000000000000000000000000000000000000000000000000000000000000000000000000000000000000000000000000000000000000000000000000000000000000000000000000000000000000000000000000000000000000000000000000000000000000000000000000000000000000000000000000000000000000000000000000000000000000000000000000000000000000000000000000000000000000000000000000000000000000000000000000000 hash=121772523
EPLAN 3 3 modes=0 pc=0 pp=-1 pb=-1 selon=0 prof=0 Q=10 ns=22 k=0 shifts=2,7,7,6,8,8,9,9,9,10,2,7,7,7,8,8,9,9,9,10,2,7,7,7,8,8,9,9,9,10 nz=27,9,16,37,37,21,13,23,29,0,14,2,0,1,0,0,0,0,0,0,12,2,1,1,0,0,0,0,0,0 sel=00000000000000000000000000000000000000000000000000000000000000000000000000000000000000000000000000000000000000000000000000000000000000000000000000000000000000000000000000000000000000000000000000000000000000000000000000000000000000000000000000000000000000000000000000000000000000000000000000000000000000000000000000000000000000000000000000000000000000000000000000000000000000000000000000000000000000000000000000000000000000000000000000000000000000000000000000000000000000000000000000000000000000000000000000000000 hash=3383992733
EPLAN 3 4 modes=7355775 pc=0 pp=-1 pb=-1 selon=0 prof=0 Q=9 ns=9 k=0 shifts=2,6,6,6,7,7,9,9,9,10,2,6,6,6,7,7,9,9,9,10,2,6,6,6,7,7,9,9,9,10 nz=23,10,12,18,39,24,13,13,10,0,13,0,0,3,0,2,0,0,0,0,13,3,3,10,2,2,0,0,0,0 sel=00000000000000000000000000000000000000000000000000000000000000000000000000000000000000000000000000000000000000000000000000000000000000000000000000000000000000000000000000000000000000000000000000000000000000000000000000000000000000000000000000000000000000000000000000000000000000000000000000000000000000000000000000000000000000000000000000000000000000000000000000000000000000000000000000000000000000000000000000000000000000000000000000000000000000000000000000000000000000000000000000000000000000000000000000000000 hash=2958035977
EPLAN 3 5 modes=14695807 pc=0 pp=-1 pb=-1 selon=0 prof=0 Q=8 ns=8 k=0 shifts=2,5,5,5,6,6,8,8,8,9,2,5,5,5,6,6,8,8,8,9,2,5,5,5,6,7,8,8,8,9 nz=23,2,7,21,13,11,4,14,2,0,9,5,4,14,8,16,0,0,0,0,14,2,2,11,2,0,0,0,0,0 sel=00000000000000000000000000000000000000000000000000000000000000000000000000000000000000000000000000000000000000000000000000000000000000000000000000000000000000000000000000000000000000000000000000000000000000000000000000000000000000000000000000000000000000000000000000000000000000000000000000000000000000000000000000000000000000000000000000000000000000000000000000000000000000000000000000000000000000000000000000000000000000000000000000000000000000000000000000000000000000000000000000000000000000000000000000000000 hash=994503844
EPLAN 3 6 modes=14691711 pc=0 pp=-1 pb=-1 selon=0 prof=0 Q=8 ns=1 k=0 shifts=2,5,5,5,7,7,8,8,8,9,2,5,5,6,7,7,8,8,8,9,2,5,5,6,7,7,8,8,8,9 nz=19,6,9,30,18,8,8,28,12,1,9,4,4,8,0,2,0,0,0,0,13,8,6,1,1,1,0,1,0,0 sel=00000000000000000000000000000000000000000000000000000000000000000000000000000000000000000000000000000000000000000000000000000000000000000000000000000000000000000000000000000000000000000000000000000000000000000000000000000000000000000000000000000000000000000000000000000000000000000000000000000000000000000000000000000000000000000000000000000000000000000000000000000000000000000000000000000000000000000000000000000000000000000000000000000000000000000000000000000000000000000000000000000000000000000000000000000000 hash=520118544
EPLAN 3 7 modes=66108927 pc=0 pp=-1 pb=-1 selon=0 prof=0 Q=8 ns=0 k=0 shifts=2,5,5,6,7,7,8,8,8,9,2,5,5,6,7,7,8,8,8,9,2,5,5,6,7,7,8,8,8,9 nz=23,9,15,10,15,11,4,17,3,0,13,4,6,5,0,1,0,0,0,0,12,6,2,5,0,1,0,0,0,0 sel=00000000000000000000000000000000000000000000000000000000000000000000000000000000000000000000000000000000000000000000000000000000000000000000000000000000000000000000000000000000000000000000000000000000000000000000000000000000000000000000000000000000000000000000000000000000000000000000000000000000000000000000000000000000000000000000000000000000000000000000000000000000000000000000000000000000000000000000000000000000000000000000000000000000000000000000000000000000000000000000000000000000000000000000000000000000 hash=977955404
EPLAN 3 8 modes=49348095 pc=0 pp=-1 pb=-1 selon=0 prof=0 Q=9 ns=21 k=0 shifts=2,6,6,6,7,7,8,8,8,9,2,6,6,6,7,7,8,8,8,9,2,6,6,6,7,7,8,8,8,9 nz=24,5,7,16,13,15,3,26,32,1,11,2,6,4,1,2,0,1,0,0,12,3,2,7,4,1,0,2,0,0 sel=00000000000000000000000000000000000000000000000000000000000000000000000000000000000000000000000000000000000000000000000000000000000000000000000000000000000000000000000000000000000000000000000000000000000000000000000000000000000000000000000000000000000000000000000000000000000000000000000000000000000000000000000000000000000000000000000000000000000000000000000000000000000000000000000000000000000000000000000000000000000000000000000000000000000000000000000000000000000000000000000000000000000000000000000000000000 hash=2812916170
EPLAN 3 9 modes=49298559 pc=0 pp=-1 pb=-1 selon=0 prof=0 Q=8 ns=0 k=0 shifts=2,5,5,6,7,7,8,8,8,9,2,5,5,6,7,7,8,8,8,9,2,5,5,6,7,7,8,8,8,9 nz=22,12,20,12,13,5,2,16,20,0,13,4,10,5,0,1,0,0,0,0,10,2,4,8,0,1,0,0,0,0 sel=00000000000000000000000000000000000000000000000000000000000000000000000000000000000000000000000000000000000000000000000000000000000000000000000000000000000000000000000000000000000000000000000000000000000000000000000000000000000000000000000000000000000000000000000000000000000000000000000000000000000000000000000000000000000000000000000000000000000000000000000000000000000000000000000000000000000000000000000000000000000000000000000000000000000000000000000000000000000000000000000000000000000000000000000000000000 hash=4098853380
EPLAN 3 10 modes=15744511 pc=0 pp=-1 pb=-1 selon=0 prof=0 Q=8 ns=2 k=0 shifts=2,5,5,5,6,7,8,8,8,9,2,5,5,6,7,7,8,8,8,9,2,5,5,6,7,7,8,8,8,9 nz=21,8,14,37,25,20,9,10,11,0,13,2,6,6,0,0,0,0,1,0,12,7,7,8,0,0,0,0,0,0 sel=00000000000000000000000000000000000000000000000000000000000000000000000000000000000000000000000000000000000000000000000000000000000000000000000000000000000000000000000000000000000000000000000000000000000000000000000000000000000000000000000000000000000000000000000000000000000000000000000000000000000000000000000000000000000000000000000000000000000000000000000000000000000000000000000000000000000000000000000000000000000000000000000000000000000000000000000000000000000000000000000000000000000000000000000000000000 hash=3714671000
EPLAN 3 11 modes=0 pc=0 pp=-1 pb=-1 selon=0 prof=0 Q=8 ns=6 k=0 shifts=2,5,5,5,6,6,8,8,8,9,2,5,5,5,6,7,8,8,8,9,2,5,5,5,7,7,8,8,8,9 nz=28,18,28,45,36,35,4,38,8,0,14,9,11,17,7,0,0,0,0,0,14,5,5,12,0,0,0,0,0,0 sel=00000000000000000000000000000000000000000000000000000000000000000000000000000000000000000000000000000000000000000000000000000000000000000000000000000000000000000000000000000000000000000000000000000000000000000000000000000000000000000000000000000000000000000000000000000000000000000000000000000000000000000000000000000000000000000000000000000000000000000000000000000000000000000000000000000000000000000000000000000000000000000000000000000000000000000000000000000000000000000000000000000000000000000000000000000000 hash=3820038205
EPLAN 3 12 modes=15753215 pc=0 pp=-1 pb=-1 selon=0 prof=0 Q=8 ns=4 k=0 shifts=2,5,5,5,6,6,8,8,8,9,2,5,5,5,7,7,8,8,8,9,2,5,5,6,7,7,8,8,8,9 nz=23,9,16,37,42,57,20,39,24,1,9,2,3,12,1,1,0,0,0,0,11,4,4,9,0,2,0,0,0,0 sel=00000000000000000000000000000000000000000000000000000000000000000000000000000000000000000000000000000000000000000000000000000000000000000000000000000000000000000000000000000000000000000000000000000000000000000000000000000000000000000000000000000000000000000000000000000000000000000000000000000000000000000000000000000000000000000000000000000000000000000000000000000000000000000000000000000000000000000000000000000000000000000000000000000000000000000000000000000000000000000000000000000000000000000000000000000000 hash=564551729
EPLAN 3 13 modes=49315327 pc=0 pp=-1 pb=-1 selon=0 prof=0 Q=9 ns=13 k=0 shifts=2,6,6,6,7,7,8,8,9,10,2,6,6,6,7,7,8,9,9,10,2,6,6,6,7,7,8,9,9,10 nz=23,7,12,21,33,27,15,56,9,0,12,1,2,3,2,1,0,0,0,0,11,1,3,3,6,2,0,0,0,0 sel=00000000000000000000000000000000000000000000000000000000000000000000000000000000000000000000000000000000000000000000000000000000000000000000000000000000000000000000000000000000000000000000000000000000000000000000000000000000000000000000000000000000000000000000000000000000000000000000000000000000000000000000000000000000000000000000000000000000000000000000000000000000000000000000000000000000000000000000000000000000000000000000000000000000000000000000000000000000000000000000000000000000000000000000000000000000 hash=1180269611
EPLAN 3 14 modes=110110207 pc=0 pp=-1 pb=-1 selon=0 prof=0 Q=8 ns=1 k=0 shifts=2,5,5,5,7,7,8,8,8,9,2,5,5,6,7,7,8,8,8,9,2,5,5,6,7,7,8,8,8,9 nz=21,13,20,37,20,17,11,35,52,4,13,5,3,2,0,0,0,0,0,0,12,2,3,5,2,1,0,0,0,0 sel=00000000000000000000000000000000000000000000000000000000000000000000000000000000000000000000000000000000000000000000000000000000000000000000000000000000000000000000000000000000000000000000000000000000000000000000000000000000000000000000000000000000000000000000000000000000000000000000000000000000000000000000000000000000000000000000000000000000000000000000000000000000000000000000000000000000000000000000000000000000000000000000000000000000000000000000000000000000000000000000000000000000000000000000000000000000 hash=4151979876
EPLAN 3 15 modes=1086975 pc=0 pp=-1 pb=-1 selon=0 prof=0 Q=9 ns=12 k=0 shifts=2,6,6,6,7,7,8,9,9,10,2,6,6,6,7,7,8,9,9,10,2,6,6,6,7,7,8,9,9,10 nz=23,6,10,22,26,26,17,6,21,0,9,0,2,2,0,0,0,0,0,0,11,3,0,4,4,3,1,0,0,0 sel=00000000000000000000000000000000000000000000000000000000000000000000000000000000000000000000000000000000000000000000000000000000000000000000000000000000000000000000000000000000000000000000000000000000000000000000000000000000000000000000000000000000000000000000000000000000000000000000000000000000000000000000000000000000000000000000000000000000000000000000000000000000000000000000000000000000000000000000000000000000000000000000000000000000000000000000000000000000000000000000000000000000000000000000000000000000 hash=526801907
EPLAN 3 16 modes=34637823 pc=0 pp=-1 pb=-1 selon=0 prof=0 Q=8 ns=6 k=0 shifts=2,5,5,5,6,6,8,8,8,9,2,5,5,5,6,7,8,8,8,9,2,5,5,5,7,7,8,8,8,9 nz=21,7,12,29,36,53,14,18,38,2,12,2,0,10,6,1,0,0,0,0,12,3,0,13,2,0,0,0,0,0 sel=00000000000000000000000000000000000000000000000000000000000000000000000000000000000000000000000000000000000000000000000000000000000000000000000000000000000000000000000000000000000000000000000000000000000000000000000000000000000000000000000000000000000000000000000000000000000000000000000000000000000000000000000000000000000000000000000000000000000000000000000000000000000000000000000000000000000000000000000000000000000000000000000000000000000000000000000000000000000000000000000000000000000000000000000000000000 hash=3471674170
EPLAN 3 17 modes=3149311 pc=0 pp=-1 pb=-1 selon=0 prof=0 Q=8 ns=7 k=0 shifts=2,5,5,5,6,6,8,8,8,9,2,5,5,5,6,6,8,8,8,9,2,5,5,5,7,7,8,8,8,9 nz=21,7,8,20,13,22,2,12,5,0,10,5,5,11,3,10,0,0,0,0,12,2,0,7,0,0,0,0,0,0 sel=00000000000000000000000000000000000000000000000000000000000000000000000000000000000000000000000000000000000000000000000000000000000000000000000000000000000000000000000000000000000000000000000000000000000000000000000000000000000000000000000000000000000000000000000000000000000000000000000000000000000000000000000000000000000000000000000000000000000000000000000000000000000000000000000000000000000000000000000000000000000000000000000000000000000000000000000000000000000000000000000000000000000000000000000000000000 hash=260405433
EPLAN 3 18 modes=6297087 pc=0 pp=-1 pb=-1 selon=0 prof=0 Q=8 ns=12 k=0 shifts=2,5,5,5,6,6,7,8,8,9,2,5,5,5,6,6,7,8,8,9,2,5,5,5,6,6,7,8,8,9 nz=21,5,6,15,23,13,6,4,0,0,13,3,2,8,7,8,1,0,0,0,12,1,1,6,3,5,2,0,0,0 sel=00000000000000000000000000000000000000000000000000000000000000000000000000000000000000000000000000000000000000000000000000000000000000000000000000000000000000000000000000000000000000000000000000000000000000000000000000000000000000000000000000000000000000000000000000000000000000000000000000000000000000000000000000000000000000000000000000000000000000000000000000000000000000000000000000000000000000000000000000000000000000000000000000000000000000000000000000000000000000000000000000000000000000000000000000000000 hash=4029445167
EPLAN 3 19 modes=0 pc=0 pp=-1 pb=-1 selon=0 prof=0 Q=8 ns=8 k=0 shifts=2,5,5,5,6,6,8,8,8,9,2,5,5,5,6,6,8,8,8,9,2,5,5,5,6,7,8,8,8,9 nz=28,13,16,25,31,37,14,25,42,2,14,4,2,5,4,14,0,0,3,0,13,6,2,8,4,2,0,0,2,0 sel=00000000000000000000000000000000000000000000000000000000000000000000000000000000000000000000000000000000000000000000000000000000000000000000000000000000000000000000000000000000000000000000000000000000000000000000000000000000000000000000000000000000000000000000000000000000000000000000000000000000000000000000000000000000000000000000000000000000000000000000000000000000000000000000000000000000000000000000000000000000000000000000000000000000000000000000000000000000000000000000000000000000000000000000000000000000 hash=1911902636
EPLAN 3 20 modes=11550143 pc=0 pp=-1 pb=-1 selon=0 prof=0 Q=8 ns=4 k=0 shifts=2,5,5,5,6,6,8,8,8,9,2,5,5,5,7,7,8,8,8,9,2,5,5,6,7,7,8,8,8,9 nz=25,9,8,28,12,17,3,9,3,0,14,3,3,11,0,0,0,0,0,0,8,1,2,1,0,0,0,0,0,0 sel=00000000000000000000000000000000000000000000000000000000000000000000000000000000000000000000000000000000000000000000000000000000000000000000000000000000000000000000000000000000000000000000000000000000000000000000000000000000000000000000000000000000000000000000000000000000000000000000000000000000000000000000000000000000000000000000000000000000000000000000000000000000000000000000000000000000000000000000000000000000000000000000000000000000000000000000000000000000000000000000000000000000000000000000000000000000 hash=4153310064
EPLAN 3 21 modes=2047 pc=0 pp=-1 pb=-1 selon=0 prof=0 Q=8 ns=0 k=0 shifts=2,5,5,6,7,7,8,8,8,9,2,5,5,6,7,7,8,8,8,9,2,5,5,6,7,7,8,8,8,9 nz=24,9,15,13,22,24,9,35,16,4,11,8,6,7,0,0,0,0,0,0,14,4,2,1,0,0,0,0,0,0 sel=00000000000000000000000000000000000000000000000000000000000000000000000000000000000000000000000000000000000000000000000000000000000000000000000000000000000000000000000000000000000000000000000000000000000000000000000000000000000000000000000000000000000000000000000000000000000000000000000000000000000000000000000000000000000000000000000000000000000000000000000000000000000000000000000000000000000000000000000000000000000000000000000000000000000000000000000000000000000000000000000000000000000000000000000000000000 hash=3716741618
EPLAN 3 22 modes=15736175 pc=0 pp=-1 pb=-1 selon=0 prof=0 Q=8 ns=3 k=0 shifts=2,5,5,5,6,6,8,8,8,9,2,5,5,6,7,7,8,8,8,9,2,5,5,6,7,7,8,8,8,9 nz=21,8,10,22,13,30,3,3,5,1,14,6,2,7,0,1,0,0,0,0,11,1,2,2,0,2,0,0,0,0 sel=00000000000000000000000000000000000000000000000000000000000000000000000000000000000000000000000000000000000000000000000000000000000000000000000000000000000000000000000000000000000000000000000000000000000000000000000000000000000000000000000000000000000000000000000000000000000000000000000000000000000000000000000000000000000000000000000000000000000000000000000000000000000000000000000000000000000000000000000000000000000000000000000000000000000000000000000000000000000000000000000000000000000000000000000000000000 hash=988174038
EPLAN 3 23 modes=3186175 pc=0 pp=-1 pb=-1 selon=0 prof=0 Q=8 ns=10 k=0 shifts=2,5,5,5,6,6,7,8,8,9,2,5,5,5,6,6,8,8,8,9,2,5,5,5,6,6,8,8,8,9 nz=23,5,7,18,10,12,6,3,3,0,10,4,3,10,2,11,0,0,1,0,11,1,1,4,4,3,0,0,0,0 sel=00000000000000000000000000000000000000000000000000000000000000000000000000000000000000000000000000000000000000000000000000000000000000000000000000000000000000000000000000000000000000000000000000000000000000000000000000000000000000000000000000000000000000000000000000000000000000000000000000000000000000000000000000000000000000000000000000000000000000000000000000000000000000000000000000000000000000000000000000000000000000000000000000000000000000000000000000000000000000000000000000000000000000000000000000000000 hash=2610431785
EPLAN 3 24 modes=7355903 pc=0 pp=-1 pb=-1 selon=0 prof=0 Q=8 ns=3 k=0 shifts=2,5,5,5,6,6,8,8,8,9,2,5,5,6,7,7,8,8,8,9,2,5,5,6,7,7,8,8,8,9 nz=25,8,6,24,13,25,3,7,7,0,11,4,4,3,1,0,0,0,0,0,12,3,2,4,0,0,0,0,0,0 sel=00000000000000000000000000000000000000000000000000000000000000000000000000000000000000000000000000000000000000000000000000000000000000000000000000000000000000000000000000000000000000000000000000000000000000000000000000000000000000000000000000000000000000000000000000000000000000000000000000000000000000000000000000000000000000000000000000000000000000000000000000000000000000000000000000000000000000000000000000000000000000000000000000000000000000000000000000000000000000000000000000000000000000000000000000000000 hash=1726514123
EPLAN 3 25 modes=1101311 pc=0 pp=-1 pb=-1 selon=0 prof=0 Q=8 ns=1 k=0 shifts=2,5,5,5,7,7,8,8,8,9,2,5,5,6,7,7,8,8,8,9,2,5,5,6,7,7,8,8,8,9 nz=21,11,13,25,28,7,4,17,7,0,12,7,6,5,1,0,0,0,0,0,10,1,0,0,0,0,0,0,0,0 sel=00000000000000000000000000000000000000000000000000000000000000000000000000000000000000000000000000000000000000000000000000000000000000000000000000000000000000000000000000000000000000000000000000000000000000000000000000000000000000000000000000000000000000000000000000000000000000000000000000000000000000000000000000000000000000000000000000000000000000000000000000000000000000000000000000000000000000000000000000000000000000000000000000000000000000000000000000000000000000000000000000000000000000000000000000000000 hash=3374756141
EPLAN 3 26 modes=66092543 pc=0 pp=-1 pb=-1 selon=0 prof=0 Q=8 ns=1 k=0 shifts=2,5,5,5,7,7,8,8,8,9,2,5,5,6,7,7,8,8,8,9,2,5,5,6,7,7,8,8,8,9 nz=21,9,16,30,25,26,19,44,33,2,9,3,3,8,3,0,0,0,0,0,13,6,7,5,5,2,0,0,0,0 sel=00000000000000000000000000000000000000000000000000000000000000000000000000000000000000000000000000000000000000000000000000000000000000000000000000000000000000000000000000000000000000000000000000000000000000000000000000000000000000000000000000000000000000000000000000000000000000000000000000000000000000000000000000000000000000000000000000000000000000000000000000000000000000000000000000000000000000000000000000000000000000000000000000000000000000000000000000000000000000000000000000000000000000000000000000000000 hash=412130058
EPLAN 3 27 modes=0 pc=0 pp=-1 pb=-1 selon=0 prof=0 Q=8 ns=21 k=0 shifts=2,5,5,5,6,6,7,7,7,8,2,5,5,5,6,6,7,7,7,8,2,5,5,5,6,6,7,7,7,8 nz=28,10,20,26,19,29,13,33,28,6,14,2,3,2,4,8,1,2,1,0,14,3,3,7,2,8,0,2,0,0 sel=00000000000000000000000000000000000000000000000000000000000000000000000000000000000000000000000000000000000000000000000000000000000000000000000000000000000000000000000000000000000000000000000000000000000000000000000000000000000000000000000000000000000000000000000000000000000000000000000000000000000000000000000000000000000000000000000000000000000000000000000000000000000000000000000000000000000000000000000000000000000000000000000000000000000000000000000000000000000000000000000000000000000000000000000000000000 hash=4122947884
EPLAN 3 28 modes=1052159 pc=0 pp=-1 pb=-1 selon=0 prof=0 Q=8 ns=6 k=0 shifts=2,5,5,5,6,6,8,8,8,9,2,5,5,5,6,7,8,8,8,9,2,5,5,5,7,7,8,8,8,9 nz=22,14,19,28,37,40,15,18,32,0,12,7,6,15,7,1,0,0,0,0,12,5,4,9,0,0,0,0,0,0 sel=00000000000000000000000000000000000000000000000000000000000000000000000000000000000000000000000000000000000000000000000000000000000000000000000000000000000000000000000000000000000000000000000000000000000000000000000000000000000000000000000000000000000000000000000000000000000000000000000000000000000000000000000000000000000000000000000000000000000000000000000000000000000000000000000000000000000000000000000000000000000000000000000000000000000000000000000000000000000000000000000000000000000000000000000000000000 hash=3430593103
EPLAN 3 29 modes=7347519 pc=0 pp=-1 pb=-1 selon=0 prof=0 Q=9 ns=13 k=0 shifts=2,6,6,6,7,7,8,8,9,10,2,6,6,6,7,7,8,9,9,10,2,6,6,6,7,7,8,9,9,10 nz=22,5,8,14,20,17,10,13,8,0,12,0,0,1,0,0,0,0,0,0,10,1,2,2,1,1,0,0,0,0 sel=00000000000000000000000000000000000000000000000000000000000000000000000000000000000000000000000000000000000000000000000000000000000000000000000000000000000000000000000000000000000000000000000000000000000000000000000000000000000000000000000000000000000000000000000000000000000000000000000000000000000000000000000000000000000000000000000000000000000000000000000000000000000000000000000000000000000000000000000000000000000000000000000000000000000000000000000000000000000000000000000000000000000000000000000000000000 hash=3689914361
EPLAN 3 30 modes=1056767 pc=0 pp=-1 pb=-1 selon=0 prof=0 Q=8 ns=2 k=0 shifts=2,5,5,5,6,7,8,8,8,9,2,5,5,6,7,7,8,8,8,9,2,5,5,6,7,7,8,8,8,9 nz=21,9,8,13,14,15,5,15,16,0,11,2,1,2,0,0,0,0,0,0,14,3,3,1,0,0,0,0,0,0 sel=00000000000000000000000000000000000000000000000000000000000000000000000000000000000000000000000000000000000000000000000000000000000000000000000000000000000000000000000000000000000000000000000000000000000000000000000000000000000000000000000000000000000000000000000000000000000000000000000000000000000000000000000000000000000000000000000000000000000000000000000000000000000000000000000000000000000000000000000000000000000000000000000000000000000000000000000000000000000000000000000000000000000000000000000000000000 hash=951792791
EPLAN 3 31 modes=22033919 pc=0 pp=-1 pb=-1 selon=0 prof=0 Q=8 ns=9 k=0 shifts=2,5,5,5,6,6,8,8,8,9,2,5,5,5,6,6,8,8,8,9,2,5,5,5,6,6,8,8,8,9 nz=22,5,7,20,12,17,1,4,1,0,11,3,3,8,4,10,0,0,0,0,13,2,2,7,4,6,0,0,0,0 sel=00000000000000000000000000000000000000000000000000000000000000000000000000000000000000000000000000000000000000000000000000000000000000000000000000000000000000000000000000000000000000000000000000000000000000000000000000000000000000000000000000000000000000000000000000000000000000000000000000000000000000000000000000000000000000000000000000000000000000000000000000000000000000000000000000000000000000000000000000000000000000000000000000000000000000000000000000000000000000000000000000000000000000000000000000000000 hash=2947811197
EPLAN 4 0 modes=1105407 pc=0 pp=-1 pb=-1 selon=0 prof=0 Q=8 ns=5 k=0 shifts=2,5,5,5,6,6,8,8,8,9,2,5,5,5,7,7,8,8,8,9,2,5,5,5,7,7,8,8,8,9 nz=20,7,12,18,29,20,1,19,1,1,14,7,6,16,1,0,0,0,0,0,11,6,1,10,2,0,1,0,0,0 sel=00000000000000000000000000000000000000000000000000000000000000000000000000000000000000000000000000000000000000000000000000000000000000000000000000000000000000000000000000000000000000000000000000000000000000000000000000000000000000000000000000000000000000000000000000000000000000000000000000000000000000000000000000000000000000000000000000000000000000000000000000000000000000000000000000000000000000000000000000000000000000000000000000000000000000000000000000000000000000000000000000000000000000000000000000000000 hash=246720497
EPLAN 4 1 modes=3147263 pc=0 pp=-1 pb=-1 selon=0 prof=0 Q=9 ns=13 k=0 shifts=2,6,6,6,7,7,8,8,9,10,2,6,6,6,7,7,8,9,9,10,2,6,6,6,7,7,8,9,9,10 nz=27,3,7,24,17,30,19,45,16,0,12,0,0,6,0,1,0,0,0,0,12,1,5,3,2,0,1,0,0,0 sel=00000000000000000000000000000000000000000000000000000000000000000000000000000000000000000000000000000000000000000000000000000000000000000000000000000000000000000000000000000000000000000000000000000000000000000000000000000000000000000000000000000000000000000000000000000000000000000000000000000000000000000000000000000000000000000000000000000000000000000000000000000000000000000000000000000000000000000000000000000000000000000000000000000000000000000000000000000000000000000000000000000000000000000000000000000000 hash=3523333662
EPLAN 4 2 modes=57728511 pc=0 pp=-1 pb=-1 selon=0 prof=0 Q=8 ns=0 k=0 shifts=2,5,5,6,7,7,8,8,8,9,2,5,5,6,7,7,8,8,8,9,2,5,5,6,7,7,8,8,8,9 nz=23,9,15,8,16,18,14,30,34,1,13,1,4,2,2,0,0,0,0,0,13,2,2,4,2,0,0,0,0,0 sel=00000000000000000000000000000000000000000000000000000000000000000000000000000000000000000000000000000000000000000000000000000000000000000000000000000000000000000000000000000000000000000000000000000000000000000000000000000000000000000000000000000000000000000000000000000000000000000000000000000000000000000000000000000000000000000000000000000000000000000000000000000000000000000000000000000000000000000000000000000000000000000000000000000000000000000000000000000000000000000000000000000000000000000000000000000000 hash=1764910434
EPLAN 4 3 modes=9438719 pc=0 pp=-1 pb=-1 selon=0 prof=0 Q=9 ns=13 k=0 shifts=2,6,6,6,7,7,8,8,9,10,2,6,6,6,7,7,8,9,9,10,2,6,6,6,7,7,8,9,9,10 nz=23,16,16,7,46,43,26,75,11,0,13,5,4,6,0,0,0,0,0,0,11,5,3,2,2,4,0,0,0,0 sel=00000000000000000000000000000000000000000000000000000000000000000000000000000000000000000000000000000000000000000000000000000000000000000000000000000000000000000000000000000000000000000000000000000000000000000000000000000000000000000000000000000000000000000000000000000000000000000000000000000000000000000000000000000000000000000000000000000000000000000000000000000000000000000000000000000000000000000000000000000000000000000000000000000000000000000000000000000000000000000000000000000000000000000000000000000000 hash=2078999957
EPLAN 4 4 modes=0 pc=0 pp=-1 pb=-1 selon=0 prof=0 Q=10 ns=6 k=0 shifts=2,7,7,7,8,8,10,10,10,11,2,7,7,7,8,9,10,10,10,11,2,7,7,7,9,9,10,10,10,11 nz=28,12,20,31,33,28,4,0,2,0,14,2,3,2,0,0,0,0,0,0,14,3,3,5,0,0,0,0,0,0 sel=00000000000000000000000000000000000000000000000000000000000000000000000000000000000000000000000000000000000000000000000000000000000000000000000000000000000000000000000000000000000000000000000000000000000000000000000000000000000000000000000000000000000000000000000000000000000000000000000000000000000000000000000000000000000000000000000000000000000000000000000000000000000000000000000000000000000000000000000000000000000000000000000000000000000000000000000000000000000000000000000000000000000000000000000000000000 hash=630026133
EPLAN 4 5 modes=23117311 pc=0 pp=-1 pb=-1 selon=0 prof=0 Q=8 ns=12 k=0 shifts=2,5,5,5,6,6,7,8,8,9,2,5,5,5,6,6,7,8,8,9,2,5,5,5,6,6,7,8,8,9 nz=16,5,7,19,16,13,4,6,3,1,13,5,2,14,1,11,1,0,0,0,14,1,3,10,7,7,3,0,0,0 sel=00000000000000000000000000000000000000000000000000000000000000000000000000000000000000000000000000000000000000000000000000000000000000000000000000000000000000000000000000000000000000000000000000000000000000000000000000000000000000000000000000000000000000000000000000000000000000000000000000000000000000000000000000000000000000000000000000000000000000000000000000000000000000000000000000000000000000000000000000000000000000000000000000000000000000000000000000000000000000000000000000000000000000000000000000000000 hash=124532131
EPLAN 4 6 modes=149986303 pc=0 pp=-1 pb=-1 selon=0 prof=0 Q=8 ns=5 k=0 shifts=2,5,5,5,6,6,8,8,8,9,2,5,5,5,7,7,8,8,8,9,2,5,5,5,7,7,8,8,8,9 nz=19,7,12,22,23,30,4,20,8,0,14,3,2,15,0,0,0,0,0,0,12,1,4,13,1,1,0,0,0,0 sel=00000000000000000000000000000000000000000000000000000000000000000000000000000000000000000000000000000000000000000000000000000000000000000000000000000000000000000000000000000000000000000000000000000000000000000000000000000000000000000000000000000000000000000000000000000000000000000000000000000000000000000000000000000000000000000000000000000000000000000000000000000000000000000000000000000000000000000000000000000000000000000000000000000000000000000000000000000000000000000000000000000000000000000000000000000000 hash=2525902989
EPLAN 4 7 modes=32521727 pc=0 pp=-1 pb=-1 selon=0 prof=0 Q=8 ns=3 k=0 shifts=2,5,5,5,6,6,8,8,8,9,2,5,5,6,7,7,8,8,8,9,2,5,5,6,7,7,8,8,8,9 nz=21,8,14,29,19,36,1,6,5,0,13,0,5,5,0,3,0,0,0,0,11,6,6,2,0,1,0,0,0,0 sel=00000000000000000000000000000000000000000000000000000000000000000000000000000000000000000000000000000000000000000000000000000000000000000000000000000000000000000000000000000000000000000000000000000000000000000000000000000000000000000000000000000000000000000000000000000000000000000000000000000000000000000000000000000000000000000000000000000000000000000000000000000000000000000000000000000000000000000000000000000000000000000000000000000000000000000000000000000000000000000000000000000000000000000000000000000000 hash=1213217406
EPLAN 4 8 modes=49348095 pc=0 pp=-1 pb=-1 selon=0 prof=0 Q=8 ns=1 k=0 shifts=2,5,5,5,7,7,8,8,8,9,2,5,5,6,7,7,8,8,8,9,2,5,5,6,7,7,8,8,8,9 nz=24,17,21,32,21,7,5,18,4,1,12,8,14,4,2,3,0,0,0,0,11,6,7,8,3,0,1,0,0,0 sel=00000000000000000000000000000000000000000000000000000000000000000000000000000000000000000000000000000000000000000000000000000000000000000000000000000000000000000000000000000000000000000000000000000000000000000000000000000000000000000000000000000000000000000000000000000000000000000000000000000000000000000000000000000000000000000000000000000000000000000000000000000000000000000000000000000000000000000000000000000000000000000000000000000000000000000000000000000000000000000000000000000000000000000000000000000000 hash=2725733530
EPLAN 4 9 modes=49331711 pc=0 pp=-1 pb=-1 selon=0 prof=0 Q=8 ns=1 k=0 shifts=2,5,5,5,7,7,8,8,8,9,2,5,5,6,7,7,8,8,8,9,2,5,5,6,7,7,8,8,8,9 nz=20,4,13,32,10,5,6,10,5,0,9,5,8,10,1,2,0,0,0,0,11,5,9,7,0,1,0,0,0,0 sel=00000000000000000000000000000000000000000000000000000000000000000000000000000000000000000000000000000000000000000000000000000000000000000000000000000000000000000000000000000000000000000000000000000000000000000000000000000000000000000000000000000000000000000000000000000000000000000000000000000000000000000000000000000000000000000000000000000000000000000000000000000000000000000000000000000000000000000000000000000000000000000000000000000000000000000000000000000000000000000000000000000000000000000000000000000000 hash=4261875776
EPLAN 4 10 modes=15744511 pc=0 pp=-1 pb=-1 selon=0 prof=0 Q=8 ns=2 k=0 shifts=2,5,5,5,6,7,8,8,8,9,2,5,5,6,7,7,8,8,8,9,2,5,5,6,7,7,8,8,8,9 nz=24,7,10,33,31,12,5,10,7,0,14,3,6,6,0,0,0,0,0,0,10,5,5,9,1,0,0,0,0,0 sel=00000000000000000000000000000000000000000000000000000000000000000000000000000000000000000000000000000000000000000000000000000000000000000000000000000000000000000000000000000000000000000000000000000000000000000000000000000000000000000000000000000000000000000000000000000000000000000000000000000000000000000000000000000000000000000000000000000000000000000000000000000000000000000000000000000000000000000000000000000000000000000000000000000000000000000000000000000000000000000000000000000000000000000000000000000000 hash=491611149
EPLAN 4 11 modes=15760895 pc=0 pp=-1 pb=-1 selon=0 prof=0 Q=8 ns=4 k=0 shifts=2,5,5,5,6,6,8,8,8,9,2,5,5,5,7,7,8,8,8,9,2,5,5,6,7,7,8,8,8,9 nz=21,7,19,22,23,20,1,20,2,0,12,3,12,14,2,0,0,0,0,0,9,3,1,5,0,0,0,0,0,0 sel=00000000000000000000000000000000000000000000000000000000000000000000000000000000000000000000000000000000000000000000000000000000000000000000000000000000000000000000000000000000000000000000000000000000000000000000000000000000000000000000000000000000000000000000000000000000000000000000000000000000000000000000000000000000000000000000000000000000000000000000000000000000000000000000000000000000000000000000000000000000000000000000000000000000000000000000000000000000000000000000000000000000000000000000000000000000 hash=3996925892
EPLAN 4 12 modes=0 pc=0 pp=-1 pb=-1 selon=0 prof=0 Q=8 ns=1 k=0 shifts=2,5,5,5,7,7,8,8,8,9,2,5,5,6,7,7,8,8,8,9,2,5,5,6,7,7,8,8,8,9 nz=28,23,34,60,53,51,36,66,55,1,14,7,5,11,3,1,0,0,0,0,13,9,5,9,1,1,0,0,0,0 sel=00000000000000000000000000000000000000000000000000000000000000000000000000000000000000000000000000000000000000000000000000000000000000000000000000000000000000000000000000000000000000000000000000000000000000000000000000000000000000000000000000000000000000000000000000000000000000000000000000000000000000000000000000000000000000000000000000000000000000000000000000000000000000000000000000000000000000000000000000000000000000000000000000000000000000000000000000000000000000000000000000000000000000000000000000000000 hash=2756623809
EPLAN 4 13 modes=57736703 pc=0 pp=-1 pb=-1 selon=0 prof=0 Q=8 ns=1 k=0 shifts=2,5,5,5,7,7,8,8,8,9,2,5,5,6,7,7,8,8,8,9,2,5,5,6,7,7,8,8,8,9 nz=23,6,25,40,30,15,14,48,39,1,11,3,9,4,4,2,0,0,0,0,10,4,6,6,2,2,0,1,0,0 sel=00000000000000000000000000000000000000000000000000000000000000000000000000000000000000000000000000000000000000000000000000000000000000000000000000000000000000000000000000000000000000000000000000000000000000000000000000000000000000000000000000000000000000000000000000000000000000000000000000000000000000000000000000000000000000000000000000000000000000000000000000000000000000000000000000000000000000000000000000000000000000000000000000000000000000000000000000000000000000000000000000000000000000000000000000000000 hash=2171244880
EPLAN 4 14 modes=34605055 pc=0 pp=-1 pb=-1 selon=0 prof=0 Q=8 ns=1 k=0 shifts=2,5,5,5,7,7,8,8,8,9,2,5,5,6,7,7,8,8,8,9,2,5,5,6,7,7,8,8,8,9 nz=24,10,18,35,18,16,13,34,22,1,12,4,4,5,0,1,0,0,0,0,13,3,2,3,1,0,1,1,0,0 sel=00000000000000000000000000000000000000000000000000000000000000000000000000000000000000000000000000000000000000000000000000000000000000000000000000000000000000000000000000000000000000000000000000000000000000000000000000000000000000000000000000000000000000000000000000000000000000000000000000000000000000000000000000000000000000000000000000000000000000000000000000000000000000000000000000000000000000000000000000000000000000000000000000000000000000000000000000000000000000000000000000000000000000000000000000000000 hash=1652638412
EPLAN 4 15 modes=26256767 pc=0 pp=-1 pb=-1 selon=0 prof=0 Q=9 ns=13 k=0 shifts=2,6,6,6,7,7,8,8,9,10,2,6,6,6,7,7,8,9,9,10,2,6,6,6,7,7,8,9,9,10 nz=23,4,10,14,32,17,15,59,4,0,13,1,2,4,0,0,0,0,0,0,13,1,2,6,3,2,0,0,0,0 sel=00000000000000000000000000000000000000000000000000000000000000000000000000000000000000000000000000000000000000000000000000000000000000000000000000000000000000000000000000000000000000000000000000000000000000000000000000000000000000000000000000000000000000000000000000000000000000000000000000000000000000000000000000000000000000000000000000000000000000000000000000000000000000000000000000000000000000000000000000000000000000000000000000000000000000000000000000000000000000000000000000000000000000000000000000000000 hash=353216463
EPLAN 4 16 modes=3163647 pc=0 pp=-1 pb=-1 selon=0 prof=0 Q=8 ns=6 k=0 shifts=2,5,5,5,6,6,8,8,8,9,2,5,5,5,6,7,8,8,8,9,2,5,5,5,7,7,8,8,8,9 nz=20,11,8,28,33,35,16,21,16,2,14,4,1,7,8,0,0,0,0,0,14,0,5,9,2,1,1,0,0,0 sel=00000000000000000000000000000000000000000000000000000000000000000000000000000000000000000000000000000000000000000000000000000000000000000000000000000000000000000000000000000000000000000000000000000000000000000000000000000000000000000000000000000000000000000000000000000000000000000000000000000000000000000000000000000000000000000000000000000000000000000000000000000000000000000000000000000000000000000000000000000000000000000000000000000000000000000000000000000000000000000000000000000000000000000000000000000000 hash=773564645
EPLAN 4 17 modes=9440767 pc=0 pp=-1 pb=-1 selon=0 prof=0 Q=8 ns=8 k=0 shifts=2,5,5,5,6,6,8,8,8,9,2,5,5,5,6,6,8,8,8,9,2,5,5,5,6,7,8,8,8,9 nz=23,5,6,16,9,19,1,8,3,0,10,3,1,10,12,13,0,0,0,0,13,2,2,7,8,0,0,1,0,0 sel=00000000000000000000000000000000000000000000000000000000000000000000000000000000000000000000000000000000000000000000000000000000000000000000000000000000000000000000000000000000000000000000000000000000000000000000000000000000000000000000000000000000000000000000000000000000000000000000000000000000000000000000000000000000000000000000000000000000000000000000000000000000000000000000000000000000000000000000000000000000000000000000000000000000000000000000000000000000000000000000000000000000000000000000000000000000 hash=1198473779
EPLAN 4 18 modes=1062143 pc=0 pp=-1 pb=-1 selon=0 prof=0 Q=8 ns=8 k=0 shifts=2,5,5,5,6,6,8,8,8,9,2,5,5,5,6,6,8,8,8,9,2,5,5,5,6,7,8,8,8,9 nz=25,7,8,16,21,10,1,7,4,1,13,3,5,5,6,12,0,0,0,0,12,2,0,4,2,1,0,0,0,0 sel=00000000000000000000000000000000000000000000000000000000000000000000000000000000000000000000000000000000000000000000000000000000000000000000000000000000000000000000000000000000000000000000000000000000000000000000000000000000000000000000000000000000000000000000000000000000000000000000000000000000000000000000000000000000000000000000000000000000000000000000000000000000000000000000000000000000000000000000000000000000000000000000000000000000000000000000000000000000000000000000000000000000000000000000000000000000 hash=2613934772
EPLAN 4 19 modes=18106367 pc=0 pp=-1 pb=-1 selon=0 prof=0 Q=8 ns=7 k=0 shifts=2,5,5,5,6,6,8,8,8,9,2,5,5,5,6,6,8,8,8,9,2,5,5,5,7,7,8,8,8,9 nz=23,7,6,20,23,23,4,14,8,1,14,2,2,10,4,7,0,0,0,0,12,3,1,7,1,0,0,0,0,0 sel=00000000000000000000000000000000000000000000000000000000000000000000000000000000000000000000000000000000000000000000000000000000000000000000000000000000000000000000000000000000000000000000000000000000000000000000000000000000000000000000000000000000000000000000000000000000000000000000000000000000000000000000000000000000000000000000000000000000000000000000000000000000000000000000000000000000000000000000000000000000000000000000000000000000000000000000000000000000000000000000000000000000000000000000000000000000 hash=69351742
EPLAN 4 20 modes=0 pc=0 pp=-1 pb=-1 selon=0 prof=0 Q=8 ns=22 k=0 shifts=2,5,5,4,6,6,7,7,7,8,2,5,5,5,6,6,7,7,7,8,2,5,5,5,6,6,7,7,7,8 nz=28,14,16,44,15,27,8,30,19,6,13,5,1,11,2,8,2,0,2,0,12,4,3,10,3,2,1,1,2,0 sel=00000000000000000000000000000000000000000000000000000000000000000000000000000000000000000000000000000000000000000000000000000000000000000000000000000000000000000000000000000000000000000000000000000000000000000000000000000000000000000000000000000000000000000000000000000000000000000000000000000000000000000000000000000000000000000000000000000000000000000000000000000000000000000000000000000000000000000000000000000000000000000000000000000000000000000000000000000000000000000000000000000000000000000000000000000000 hash=4206963251
EPLAN 4 21 modes=5249023 pc=0 pp=-1 pb=-1 selon=0 prof=0 Q=8 ns=7 k=0 shifts=2,5,5,5,6,6,8,8,8,9,2,5,5,5,6,6,8,8,8,9,2,5,5,5,7,7,8,8,8,9 nz=20,9,13,27,29,44,8,16,15,0,11,2,2,13,4,4,0,0,0,0,12,1,2,8,0,0,0,0,0,0 sel=00000000000000000000000000000000000000000000000000000000000000000000000000000000000000000000000000000000000000000000000000000000000000000000000000000000000000000000000000000000000000000000000000000000000000000000000000000000000000000000000000000000000000000000000000000000000000000000000000000000000000000000000000000000000000000000000000000000000000000000000000000000000000000000000000000000000000000000000000000000000000000000000000000000000000000000000000000000000000000000000000000000000000000000000000000000 hash=104515697
EPLAN 4 22 modes=40934911 pc=0 pp=-1 pb=-1 selon=0 prof=0 Q=8 ns=13 k=0 shifts=2,5,5,5,6,6,7,7,8,9,2,5,5,5,6,6,7,8,8,9,2,5,5,5,6,6,7,8,8,9 nz=24,4,8,16,5,16,4,5,2,0,11,6,2,10,1,6,1,0,0,0,9,1,2,8,0,8,0,0,0,0 sel=00000000000000000000000000000000000000000000000000000000000000000000000000000000000000000000000000000000000000000000000000000000000000000000000000000000000000000000000000000000000000000000000000000000000000000000000000000000000000000000000000000000000000000000000000000000000000000000000000000000000000000000000000000000000000000000000000000000000000000000000000000000000000000000000000000000000000000000000000000000000000000000000000000000000000000000000000000000000000000000000000000000000000000000000000000000 hash=3760324441
EPLAN 4 23 modes=15760767 pc=0 pp=-1 pb=-1 selon=0 prof=0 Q=8 ns=11 k=0 shifts=2,5,5,5,6,6,7,8,8,9,2,5,5,5,6,6,7,8,8,9,2,5,5,5,6,6,8,8,8,9 nz=21,6,5,12,5,11,3,4,2,0,13,4,1,12,5,17,1,0,0,0,11,0,1,8,2,8,0,0,0,0 sel=00000000000000000000000000000000000000000000000000000000000000000000000000000000000000000000000000000000000000000000000000000000000000000000000000000000000000000000000000000000000000000000000000000000000000000000000000000000000000000000000000000000000000000000000000000000000000000000000000000000000000000000000000000000000000000000000000000000000000000000000000000000000000000000000000000000000000000000000000000000000000000000000000000000000000000000000000000000000000000000000000000000000000000000000000000000 hash=3540018413
EPLAN 4 24 modes=7347711 pc=0 pp=-1 pb=-1 selon=0 prof=0 Q=8 ns=9 k=0 shifts=2,5,5,5,6,6,8,8,8,9,2,5,5,5,6,6,8,8,8,9,2,5,5,5,6,6,8,8,8,9 nz=24,3,7,16,9,18,1,6,3,0,13,6,1,14,5,9,0,0,0,0,9,3,2,5,5,6,0,0,0,0 sel=00000000000000000000000000000000000000000000000000000000000000000000000000000000000000000000000000000000000000000000000000000000000000000000000000000000000000000000000000000000000000000000000000000000000000000000000000000000000000000000000000000000000000000000000000000000000000000000000000000000000000000000000000000000000000000000000000000000000000000000000000000000000000000000000000000000000000000000000000000000000000000000000000000000000000000000000000000000000000000000000000000000000000000000000000000000 hash=3060525775
EPLAN 4 25 modes=3153407 pc=0 pp=-1 pb=-1 selon=0 prof=0 Q=8 ns=1 k=0 shifts=2,5,5,5,7,7,8,8,8,9,2,5,5,6,7,7,8,8,8,9,2,5,5,6,7,7,8,8,8,9 nz=24,7,16,25,15,2,10,21,7,0,14,7,2,5,1,0,0,0,0,0,9,1,1,4,1,1,0,0,0,0 sel=00000000000000000000000000000000000000000000000000000000000000000000000000000000000000000000000000000000000000000000000000000000000000000000000000000000000000000000000000000000000000000000000000000000000000000000000000000000000000000000000000000000000000000000000000000000000000000000000000000000000000000000000000000000000000000000000000000000000000000000000000000000000000000000000000000000000000000000000000000000000000000000000000000000000000000000000000000000000000000000000000000000000000000000000000000000 hash=1265337496
EPLAN 4 26 modes=66068479 pc=0 pp=-1 pb=-1 selon=0 prof=0 Q=8 ns=2 k=0 shifts=2,5,5,5,6,7,8,8,8,9,2,5,5,6,7,7,8,8,8,9,2,5,5,6,7,7,8,8,8,9 nz=25,11,19,30,40,24,15,34,35,2,10,5,1,4,1,0,0,0,0,0,12,5,5,4,2,0,0,1,0,0 sel=00000000000000000000000000000000000000000000000000000000000000000000000000000000000000000000000000000000000000000000000000000000000000000000000000000000000000000000000000000000000000000000000000000000000000000000000000000000000000000000000000000000000000000000000000000000000000000000000000000000000000000000000000000000000000000000000000000000000000000000000000000000000000000000000000000000000000000000000000000000000000000000000000000000000000000000000000000000000000000000000000000000000000000000000000000000 hash=4010560492
EPLAN 4 27 modes=7345663 pc=0 pp=-1 pb=-1 selon=0 prof=0 Q=8 ns=8 k=0 shifts=2,5,5,5,6,6,8,8,8,9,2,5,5,5,6,6,8,8,8,9,2,5,5,5,6,7,8,8,8,9 nz=22,6,11,21,17,18,4,5,3,0,14,2,3,4,6,6,0,0,0,0,11,1,2,7,3,0,0,0,0,0 sel=00000000000000000000000000000000000000000000000000000000000000000000000000000000000000000000000000000000000000000000000000000000000000000000000000000000000000000000000000000000000000000000000000000000000000000000000000000000000000000000000000000000000000000000000000000000000000000000000000000000000000000000000000000000000000000000000000000000000000000000000000000000000000000000000000000000000000000000000000000000000000000000000000000000000000000000000000000000000000000000000000000000000000000000000000000000 hash=1936664075
EPLAN 4 28 modes=0 pc=0 pp=-1 pb=-1 selon=0 prof=0 Q=8 ns=6 k=0 shifts=2,5,5,5,6,6,8,8,8,9,2,5,5,5,6,7,8,8,8,9,2,5,5,5,7,7,8,8,8,9 nz=28,19,21,37,50,56,29,39,69,0,14,5,5,14,8,1,0,0,0,0,13,3,3,11,0,2,0,0,0,0 sel=00000000000000000000000000000000000000000000000000000000000000000000000000000000000000000000000000000000000000000000000000000000000000000000000000000000000000000000000000000000000000000000000000000000000000000000000000000000000000000000000000000000000000000000000000000000000000000000000000000000000000000000000000000000000000000000000000000000000000000000000000000000000000000000000000000000000000000000000000000000000000000000000000000000000000000000000000000000000000000000000000000000000000000000000000000000 hash=2351821096
EPLAN 4 29 modes=42993151 pc=0 pp=-1 pb=-1 selon=0 prof=0 Q=8 ns=2 k=0 shifts=2,5,5,5,6,7,8,8,8,9,2,5,5,6,7,7,8,8,8,9,2,5,5,6,7,7,8,8,8,9 nz=24,14,20,20,26,9,5,9,17,0,11,4,6,4,0,0,0,0,0,0,9,2,4,3,0,0,0,0,0,0 sel=00000000000000000000000000000000000000000000000000000000000000000000000000000000000000000000000000000000000000000000000000000000000000000000000000000000000000000000000000000000000000000000000000000000000000000000000000000000000000000000000000000000000000000000000000000000000000000000000000000000000000000000000000000000000000000000000000000000000000000000000000000000000000000000000000000000000000000000000000000000000000000000000000000000000000000000000000000000000000000000000000000000000000000000000000000000 hash=2875374070
EPLAN 4 30 modes=10493439 pc=0 pp=-1 pb=-1 selon=0 prof=0 Q=8 ns=2 k=0 shifts=2,5,5,5,6,7,8,8,8,9,2,5,5,6,7,7,8,8,8,9,2,5,5,6,7,7,8,8,8,9 nz=24,6,6,22,13,8,5,4,13,1,14,3,5,5,0,0,0,0,0,0,13,3,3,4,0,0,0,0,0,0 sel=00000000000000000000000000000000000000000000000000000000000000000000000000000000000000000000000000000000000000000000000000000000000000000000000000000000000000000000000000000000000000000000000000000000000000000000000000000000000000000000000000000000000000000000000000000000000000000000000000000000000000000000000000000000000000000000000000000000000000000000000000000000000000000000000000000000000000000000000000000000000000000000000000000000000000000000000000000000000000000000000000000000000000000000000000000000 hash=847815745
EPLAN 4 31 modes=15733119 pc=0 pp=-1 pb=-1 selon=0 prof=0 Q=8 ns=12 k=0 shifts=2,5,5,5,6,6,7,8,8,9,2,5,5,5,6,6,7,8,8,9,2,5,5,5,6,6,7,8,8,9 nz=21,5,3,11,14,17,4,1,1,0,13,2,2,9,6,9,2,0,0,0,11,2,3,4,3,5,0,0,0,0 sel=00000000000000000000000000000000000000000000000000000000000000000000000000000000000000000000000000000000000000000000000000000000000000000000000000000000000000000000000000000000000000000000000000000000000000000000000000000000000000000000000000000000000000000000000000000000000000000000000000000000000000000000000000000000000000000000000000000000000000000000000000000000000000000000000000000000000000000000000000000000000000000000000000000000000000000000000000000000000000000000000000000000000000000000000000000000 hash=408920370
